Date,Stock Name,Action,Quantity,Price,Total Amount,Cash In Hand,TMS Khata Value,Portfolio Value,Profit/Loss,Gain/Loss Percentage,Exact Reason for Buy/Sell
"Jan 01, 2015",ADBL,SELL,15,479.0,7185.0,(60.0 + 7185.0 = 7245.0),296370.0,565500.0,3615.0,101.26%,Take Profit Triggered: +101.26% gain achieved.
"Jan 01, 2015",ALICL,SELL,15,1112.0,16680.0,23925.0,292785.0,565500.0,13095.0,365.27%,Take Profit Triggered: +365.27% gain achieved.
"Jan 01, 2015",BPCL,SELL,15,555.0,8325.0,32250.0,280710.0,565500.0,-3750.0,-31.06%,Stop-loss activated after 15% downside protection threshold.
"Jan 01, 2015",CIT,SELL,15,2980.0,44700.0,76950.0,259710.0,565500.0,23700.0,112.86%,Take Profit Triggered: +112.86% gain achieved.
"Jan 01, 2015",EDBL,SELL,15,510.0,7650.0,84600.0,255615.0,565500.0,3555.0,86.81%,Take Profit Triggered: +86.81% gain achieved.
"Jan 01, 2015",GBBL,SELL,15,308.0,4620.0,89220.0,252915.0,565500.0,1920.0,71.11%,Take Profit Triggered: +71.11% gain achieved.
"Jan 01, 2015",ICFC,SELL,45,237.0,10665.0,99885.0,247215.0,565500.0,4965.0,87.11%,Take Profit Triggered: +87.11% gain achieved.
"Jan 01, 2015",JBBL,SELL,165,149.0,24585.0,124470.0,234075.0,565500.0,11445.0,87.10%,Take Profit Triggered: +87.10% gain achieved.
"Jan 01, 2015",LICN,SELL,75,3080.0,231000.0,355470.0,162630.0,565500.0,159555.0,223.33%,Take Profit Triggered: +223.33% gain achieved.
"Jan 01, 2015",MBL,SELL,15,550.0,8250.0,363720.0,159180.0,565500.0,4800.0,139.13%,Take Profit Triggered: +139.13% gain achieved.
"Jan 01, 2015",NHPC,SELL,30,123.0,3690.0,367410.0,157530.0,565500.0,2040.0,123.64%,Take Profit Triggered: +123.64% gain achieved.
"Jan 01, 2015",SANIMA,SELL,30,526.0,15780.0,383190.0,149565.0,565500.0,7815.0,98.12%,Take Profit Triggered: +98.12% gain achieved.
"Jan 04, 2015",CFCL,SELL,15,153.0,2295.0,385485.0,146610.0,566835.0,-660.0,-22.34%,Stop-loss activated after 15% downside protection threshold.
"Jan 04, 2015",CZBIL,SELL,15,433.0,6495.0,391980.0,142335.0,566835.0,2220.0,51.93%,Take Profit Triggered: +51.93% gain achieved.
"Jan 05, 2015",ADBL,BUY,80,487.0,38960.0,353020.0,181295.0,567000.0,0.0,0.00%,20-Day SMA crossed above 50-Day SMA indicating bullish momentum.
"Jan 05, 2015",EDBL,BUY,67,520.0,34840.0,318180.0,216135.0,567000.0,0.0,0.00%,Price dropped 12% below SMA; dip buying opportunity detected.
"Jan 05, 2015",GBBL,BUY,97,326.0,31622.0,286558.0,247757.0,567000.0,0.0,0.00%,Strong upward trend confirmed (5-day return: 10.51%).
"Jan 08, 2015",CFCL,BUY,189,151.0,28539.0,258019.0,276296.0,566787.0,0.0,0.00%,20-Day SMA crossed above 50-Day SMA indicating bullish momentum.
"Jan 08, 2015",CIT,BUY,8,3056.0,24448.0,233571.0,300744.0,566787.0,0.0,0.00%,20-Day SMA crossed above 50-Day SMA indicating bullish momentum.
"Jan 11, 2015",PCBL,SELL,15,446.0,6690.0,240261.0,295944.0,568577.0,1890.0,39.38%,20-Day SMA crossed below 50-Day SMA indicating bearish momentum.
"Jan 13, 2015",ALICL,BUY,19,1230.0,23370.0,216891.0,319314.0,565355.0,0.0,0.00%,20-Day SMA crossed above 50-Day SMA indicating bullish momentum.
"Jan 19, 2015",CHCL,SELL,15,1750.0,26250.0,243141.0,302064.0,591359.0,9000.0,52.17%,Take Profit Triggered: +52.17% gain achieved.
"Jan 19, 2015",EBL,SELL,15,2090.0,31350.0,274491.0,281679.0,591359.0,10965.0,53.79%,Take Profit Triggered: +53.79% gain achieved.
"Jan 19, 2015",JFL,SELL,60,436.0,26160.0,300651.0,265239.0,591359.0,9720.0,59.12%,Take Profit Triggered: +59.12% gain achieved.
"Jan 20, 2015",BPCL,BUY,45,664.0,29880.0,270771.0,295119.0,586479.0,0.0,0.00%,Strong upward trend confirmed (5-day return: 10.67%).
"Jan 25, 2015",ICFC,BUY,98,276.0,27048.0,243723.0,322167.0,583880.0,0.0,0.00%,Strong upward trend confirmed (5-day return: 10.40%).
"Jan 25, 2015",NHPC,BUY,193,126.0,24318.0,219405.0,346485.0,583880.0,0.0,0.00%,20-Day SMA crossed above 50-Day SMA indicating bullish momentum.
"Jan 26, 2015",JFL,BUY,46,470.0,21620.0,197785.0,368105.0,589369.0,0.0,0.00%,Strong upward trend confirmed (5-day return: 28.77%).
"Jan 26, 2015",LICN,BUY,5,3310.0,16550.0,181235.0,384655.0,589369.0,0.0,0.00%,20-Day SMA crossed above 50-Day SMA indicating bullish momentum.
"Jan 27, 2015",GFCL,SELL,15,253.0,3795.0,185030.0,383065.0,592381.0,2205.0,138.68%,Take Profit Triggered: +138.68% gain achieved.
"Jan 27, 2015",JBBL,BUY,110,167.0,18370.0,166660.0,401435.0,592381.0,0.0,0.00%,20-Day SMA crossed above 50-Day SMA indicating bullish momentum.
"Jan 29, 2015",SBI,SELL,15,997.0,14955.0,181615.0,388625.0,596343.0,2145.0,16.74%,20-Day SMA crossed below 50-Day SMA indicating bearish momentum.
"Feb 04, 2015",JFL,SELL,46,393.0,18078.0,199693.0,367005.0,600891.0,-3542.0,-16.38%,Stop-loss activated after 15% downside protection threshold.
"Feb 05, 2015",GFCL,BUY,92,217.0,19964.0,179729.0,386969.0,600863.0,0.0,0.00%,Price dropped 12% below SMA; dip buying opportunity detected.
"Feb 11, 2015",GBIME,SELL,15,482.0,7230.0,186959.0,380804.0,590816.0,1065.0,17.27%,20-Day SMA crossed below 50-Day SMA indicating bearish momentum.
"Feb 12, 2015",SBI,BUY,19,980.0,18620.0,168339.0,399424.0,599982.0,0.0,0.00%,20-Day SMA crossed above 50-Day SMA indicating bullish momentum.
"Feb 23, 2015",AHPC,SELL,15,348.0,5220.0,173559.0,394594.0,591275.0,390.0,8.07%,20-Day SMA crossed below 50-Day SMA indicating bearish momentum.
"Feb 24, 2015",SBI,SELL,19,946.0,17974.0,191533.0,375974.0,589413.0,-646.0,-3.47%,20-Day SMA crossed below 50-Day SMA indicating bearish momentum.
"Feb 26, 2015",ADBL,SELL,80,475.0,38000.0,229533.0,337014.0,603881.0,-960.0,-2.46%,20-Day SMA crossed below 50-Day SMA indicating bearish momentum.
"Feb 26, 2015",LICN,SELL,5,2800.0,14000.0,243533.0,320464.0,603881.0,-2550.0,-15.41%,Stop-loss activated after 15% downside protection threshold.
"Mar 01, 2015",NHPC,SELL,193,120.0,23160.0,266693.0,296146.0,601067.0,-1158.0,-4.76%,20-Day SMA crossed below 50-Day SMA indicating bearish momentum.
"Mar 02, 2015",CFCL,SELL,189,230.0,43470.0,310163.0,267607.0,597874.0,14931.0,52.32%,Take Profit Triggered: +52.32% gain achieved.
"Mar 02, 2015",LICN,BUY,11,2759.0,30349.0,279814.0,297956.0,597874.0,0.0,0.00%,Price dropped 12% below SMA; dip buying opportunity detected.
"Mar 11, 2015",NHPC,BUY,207,135.0,27945.0,251869.0,325901.0,598540.0,0.0,0.00%,20-Day SMA crossed above 50-Day SMA indicating bullish momentum.
"Mar 16, 2015",GBBL,SELL,97,328.0,31816.0,283685.0,294279.0,584102.0,194.0,0.61%,20-Day SMA crossed below 50-Day SMA indicating bearish momentum.
"Mar 18, 2015",GFCL,SELL,92,226.0,20792.0,304477.0,274315.0,589845.0,828.0,4.15%,20-Day SMA crossed below 50-Day SMA indicating bearish momentum.
"Mar 18, 2015",JFL,BUY,81,375.0,30375.0,274102.0,304690.0,589845.0,0.0,0.00%,20-Day SMA crossed above 50-Day SMA indicating bullish momentum.
"Mar 18, 2015",KBL,SELL,15,381.0,5715.0,279817.0,300460.0,589845.0,1485.0,35.11%,20-Day SMA crossed below 50-Day SMA indicating bearish momentum.
"Mar 18, 2015",NABIL,SELL,15,1901.0,28515.0,308332.0,275560.0,589845.0,3615.0,14.52%,20-Day SMA crossed below 50-Day SMA indicating bearish momentum.
"Mar 24, 2015",BPCL,SELL,45,600.0,27000.0,335332.0,245680.0,588196.0,-2880.0,-9.64%,20-Day SMA crossed below 50-Day SMA indicating bearish momentum.
"Mar 24, 2015",HBL,SELL,15,860.0,12900.0,348232.0,233605.0,588196.0,825.0,6.83%,20-Day SMA crossed below 50-Day SMA indicating bearish momentum.
"Mar 30, 2015",ALICL,SELL,19,1230.0,23370.0,371602.0,210235.0,581888.0,0.0,0.00%,20-Day SMA crossed below 50-Day SMA indicating bearish momentum.
"Apr 01, 2015",JFL,SELL,81,366.0,29646.0,401248.0,179860.0,578966.0,-729.0,-2.40%,20-Day SMA crossed below 50-Day SMA indicating bearish momentum.
"Apr 13, 2015",JBBL,SELL,110,173.0,19030.0,420278.0,161490.0,576541.0,660.0,3.59%,20-Day SMA crossed below 50-Day SMA indicating bearish momentum.
"Apr 16, 2015",ICFC,SELL,98,270.0,26460.0,446738.0,134442.0,575161.0,-588.0,-2.17%,20-Day SMA crossed below 50-Day SMA indicating bearish momentum.
"Apr 22, 2015",NHPC,SELL,207,122.0,25254.0,471992.0,106497.0,573979.0,-2691.0,-9.63%,20-Day SMA crossed below 50-Day SMA indicating bearish momentum.
"Apr 23, 2015",LICN,SELL,11,2305.0,25355.0,497347.0,76148.0,573495.0,-4994.0,-16.46%,Stop-loss activated after 15% downside protection threshold.
"May 24, 2015",ADBL,BUY,126,392.0,49392.0,447955.0,125540.0,573495.0,0.0,0.00%,Price dropped 12% below SMA; dip buying opportunity detected.
"May 24, 2015",CFCL,BUY,260,172.0,44720.0,403235.0,170260.0,573495.0,0.0,0.00%,Price dropped 12% below SMA; dip buying opportunity detected.
"May 25, 2015",AHPC,BUY,139,290.0,40310.0,362925.0,210570.0,565673.0,0.0,0.00%,Price dropped 12% below SMA; dip buying opportunity detected.
"May 25, 2015",CHCL,BUY,28,1291.0,36148.0,326777.0,246718.0,565673.0,0.0,0.00%,Price dropped 12% below SMA; dip buying opportunity detected.
"May 25, 2015",EBL,BUY,18,1728.0,31104.0,295673.0,277822.0,565673.0,0.0,0.00%,Price dropped 12% below SMA; dip buying opportunity detected.
"May 26, 2015",ALICL,BUY,35,822.0,28770.0,266903.0,306592.0,568510.0,0.0,0.00%,Price dropped 12% below SMA; dip buying opportunity detected.
"May 26, 2015",GBIME,BUY,68,390.0,26520.0,240383.0,333112.0,568510.0,0.0,0.00%,Price dropped 12% below SMA; dip buying opportunity detected.
"May 26, 2015",LICN,BUY,11,2075.0,22825.0,217558.0,355937.0,568510.0,0.0,0.00%,Price dropped 12% below SMA; dip buying opportunity detected.
"May 26, 2015",NABIL,BUY,13,1650.0,21450.0,196108.0,377387.0,568510.0,0.0,0.00%,Price dropped 12% below SMA; dip buying opportunity detected.
"May 26, 2015",NHPC,BUY,183,107.0,19581.0,176527.0,396968.0,568510.0,0.0,0.00%,Price dropped 12% below SMA; dip buying opportunity detected.
"May 27, 2015",CZBIL,BUY,48,365.0,17520.0,159007.0,414488.0,564735.0,0.0,0.00%,Price dropped 12% below SMA; dip buying opportunity detected.
"May 27, 2015",KBL,BUY,51,308.0,15708.0,143299.0,430196.0,564735.0,0.0,0.00%,Price dropped 12% below SMA; dip buying opportunity detected.
"May 27, 2015",MBL,BUY,31,456.0,14136.0,129163.0,444332.0,564735.0,0.0,0.00%,Price dropped 12% below SMA; dip buying opportunity detected.
"May 27, 2015",SANIMA,BUY,28,458.0,12824.0,116339.0,457156.0,564735.0,0.0,0.00%,Price dropped 12% below SMA; dip buying opportunity detected.
"May 27, 2015",SBI,BUY,15,765.0,11475.0,104864.0,468631.0,564735.0,0.0,0.00%,Price dropped 12% below SMA; dip buying opportunity detected.
"May 28, 2015",HBL,BUY,14,718.0,10052.0,94812.0,478683.0,568316.0,0.0,0.00%,Price dropped 12% below SMA; dip buying opportunity detected.
"Jun 02, 2015",EDBL,SELL,67,535.0,35845.0,130657.0,443843.0,609291.0,1005.0,2.88%,20-Day SMA crossed below 50-Day SMA indicating bearish momentum.
"Jun 04, 2015",PCBL,BUY,30,433.0,12990.0,117667.0,456833.0,626002.0,0.0,0.00%,Strong upward trend confirmed (5-day return: 11.03%).
"Jun 08, 2015",JFL,BUY,29,404.0,11716.0,105951.0,468549.0,638407.0,0.0,0.00%,Strong upward trend confirmed (5-day return: 13.17%).
"Jun 09, 2015",JBBL,BUY,59,178.0,10502.0,95449.0,479051.0,649818.0,0.0,0.00%,Strong upward trend confirmed (5-day return: 13.38%).
"Jun 16, 2015",BPCL,BUY,15,620.0,9300.0,86149.0,488351.0,627888.0,0.0,0.00%,20-Day SMA crossed above 50-Day SMA indicating bullish momentum.
"Jul 13, 2015",GBIME,SELL,68,440.0,29920.0,116069.0,461831.0,628206.0,3400.0,12.82%,20-Day SMA crossed below 50-Day SMA indicating bearish momentum.
"Jul 15, 2015",JFL,SELL,29,377.0,10933.0,127002.0,450115.0,637961.0,-783.0,-6.68%,20-Day SMA crossed below 50-Day SMA indicating bearish momentum.
"Jul 23, 2015",GFCL,BUY,56,225.0,12600.0,114402.0,462715.0,672398.0,0.0,0.00%,Strong upward trend confirmed (5-day return: 10.29%).
"Jul 23, 2015",JFL,BUY,28,408.0,11424.0,102978.0,474139.0,672398.0,0.0,0.00%,Strong upward trend confirmed (5-day return: 11.78%).
"Jul 26, 2015",CZBIL,SELL,48,583.0,27984.0,130962.0,456619.0,697762.0,10464.0,59.73%,Take Profit Triggered: +59.73% gain achieved.
"Jul 26, 2015",GBIME,BUY,25,511.0,12775.0,118187.0,469394.0,697762.0,0.0,0.00%,20-Day SMA crossed above 50-Day SMA indicating bullish momentum.
"Jul 26, 2015",ICFC,BUY,40,290.0,11600.0,106587.0,480994.0,697762.0,0.0,0.00%,Strong upward trend confirmed (5-day return: 13.28%).
"Jul 27, 2015",EBL,SELL,18,2605.0,46890.0,153477.0,449890.0,697909.0,15786.0,50.75%,Take Profit Triggered: +50.75% gain achieved.
"Aug 05, 2015",BPCL,SELL,15,600.0,9000.0,162477.0,440590.0,694756.0,-300.0,-3.23%,20-Day SMA crossed below 50-Day SMA indicating bearish momentum.
"Aug 05, 2015",HBL,SELL,14,1081.0,15134.0,177611.0,430538.0,694756.0,5082.0,50.56%,Take Profit Triggered: +50.56% gain achieved.
"Aug 05, 2015",LICN,SELL,11,3145.0,34595.0,212206.0,407713.0,694756.0,11770.0,51.57%,Take Profit Triggered: +51.57% gain achieved.
"Aug 06, 2015",EDBL,BUY,34,624.0,21216.0,190990.0,428929.0,696065.0,0.0,0.00%,20-Day SMA crossed above 50-Day SMA indicating bullish momentum.
"Aug 09, 2015",LICN,BUY,5,3290.0,16450.0,174540.0,445379.0,699621.0,0.0,0.00%,Strong upward trend confirmed (5-day return: 12.48%).
"Aug 09, 2015",SBI,SELL,15,1200.0,18000.0,192540.0,433904.0,699621.0,6525.0,56.86%,Take Profit Triggered: +56.86% gain achieved.
"Aug 10, 2015",HBL,BUY,16,1140.0,18240.0,174300.0,452144.0,699701.0,0.0,0.00%,Strong upward trend confirmed (5-day return: 10.68%).
"Aug 10, 2015",NABIL,SELL,13,2490.0,32370.0,206670.0,430694.0,699701.0,10920.0,50.91%,Take Profit Triggered: +50.91% gain achieved.
"Aug 13, 2015",SBI,BUY,16,1267.0,20272.0,186398.0,450966.0,697031.0,0.0,0.00%,Strong upward trend confirmed (5-day return: 11.24%).
"Aug 16, 2015",SANIMA,SELL,28,700.0,19600.0,205998.0,438142.0,695916.0,6776.0,52.84%,Take Profit Triggered: +52.84% gain achieved.
"Aug 17, 2015",BPCL,BUY,31,650.0,20150.0,185848.0,458292.0,709476.0,0.0,0.00%,20-Day SMA crossed above 50-Day SMA indicating bullish momentum.
"Aug 17, 2015",EBL,BUY,5,3168.0,15840.0,170008.0,474132.0,709476.0,0.0,0.00%,Strong upward trend confirmed (5-day return: 14.37%).
"Aug 18, 2015",CZBIL,BUY,25,665.0,16625.0,153383.0,490757.0,716250.0,0.0,0.00%,Strong upward trend confirmed (5-day return: 20.25%).
"Aug 19, 2015",NHPC,SELL,183,114.0,20862.0,174245.0,471176.0,727125.0,1281.0,6.54%,20-Day SMA crossed below 50-Day SMA indicating bearish momentum.
"Aug 20, 2015",CHCL,SELL,28,1495.0,41860.0,216105.0,435028.0,728278.0,5712.0,15.80%,20-Day SMA crossed below 50-Day SMA indicating bearish momentum.
"Aug 20, 2015",SANIMA,BUY,25,850.0,21250.0,194855.0,456278.0,728278.0,0.0,0.00%,Strong upward trend confirmed (5-day return: 26.87%).
"Aug 27, 2015",ALICL,SELL,35,1278.0,44730.0,239585.0,427508.0,729454.0,15960.0,55.47%,Take Profit Triggered: +55.47% gain achieved.
"Aug 27, 2015",BPCL,SELL,31,634.0,19654.0,259239.0,407358.0,729454.0,-496.0,-2.46%,20-Day SMA crossed below 50-Day SMA indicating bearish momentum.
"Aug 31, 2015",ALICL,BUY,18,1370.0,24660.0,234579.0,432018.0,730350.0,0.0,0.00%,Strong upward trend confirmed (5-day return: 29.86%).
"Aug 31, 2015",KBL,SELL,51,473.0,24123.0,258702.0,416310.0,730350.0,8415.0,53.57%,Take Profit Triggered: +53.57% gain achieved.
"Sep 06, 2015",BPCL,BUY,40,632.0,25280.0,233422.0,441590.0,718391.0,0.0,0.00%,20-Day SMA crossed above 50-Day SMA indicating bullish momentum.
"Sep 07, 2015",NHPC,BUY,186,125.0,23250.0,210172.0,464840.0,720068.0,0.0,0.00%,Strong upward trend confirmed (5-day return: 11.61%).
"Sep 10, 2015",JFL,SELL,28,361.0,10108.0,220280.0,453416.0,715964.0,-1316.0,-11.52%,20-Day SMA crossed below 50-Day SMA indicating bearish momentum.
"Sep 15, 2015",PCBL,SELL,30,650.0,19500.0,239780.0,440426.0,734504.0,6510.0,50.12%,Take Profit Triggered: +50.12% gain achieved.
"Sep 16, 2015",CFCL,SELL,260,262.0,68120.0,307900.0,395706.0,732158.0,23400.0,52.33%,Take Profit Triggered: +52.33% gain achieved.
"Sep 16, 2015",MBL,SELL,31,566.0,17546.0,325446.0,381570.0,732158.0,3410.0,24.12%,20-Day SMA crossed below 50-Day SMA indicating bearish momentum.
"Sep 28, 2015",ALICL,SELL,18,1161.0,20898.0,346344.0,356910.0,714134.0,-3762.0,-15.26%,Stop-loss activated after 15% downside protection threshold.
"Sep 28, 2015",JFL,BUY,90,383.0,34470.0,311874.0,391380.0,714134.0,0.0,0.00%,20-Day SMA crossed above 50-Day SMA indicating bullish momentum.
"Sep 29, 2015",CZBIL,SELL,25,563.0,14075.0,325949.0,374755.0,712724.0,-2550.0,-15.34%,Stop-loss activated after 15% downside protection threshold.
"Oct 01, 2015",SANIMA,SELL,25,672.0,16800.0,342749.0,353505.0,711749.0,-4450.0,-20.94%,Stop-loss activated after 15% downside protection threshold.
"Oct 04, 2015",ADBL,SELL,126,451.0,56826.0,399575.0,304113.0,712135.0,7434.0,15.05%,20-Day SMA crossed below 50-Day SMA indicating bearish momentum.
"Oct 04, 2015",CZBIL,BUY,71,558.0,39618.0,359957.0,343731.0,712135.0,0.0,0.00%,Price dropped 12% below SMA; dip buying opportunity detected.
"Oct 05, 2015",SANIMA,BUY,53,675.0,35775.0,324182.0,379506.0,711429.0,0.0,0.00%,Price dropped 12% below SMA; dip buying opportunity detected.
"Oct 06, 2015",BPCL,SELL,40,590.0,23600.0,347782.0,354226.0,705880.0,-1680.0,-6.65%,20-Day SMA crossed below 50-Day SMA indicating bearish momentum.
"Oct 08, 2015",GBBL,BUY,94,368.0,34592.0,313190.0,388818.0,705774.0,0.0,0.00%,Strong upward trend confirmed (5-day return: 15.00%).
"Oct 11, 2015",ADBL,BUY,59,530.0,31270.0,281920.0,420088.0,703291.0,0.0,0.00%,Strong upward trend confirmed (5-day return: 17.52%).
"Oct 11, 2015",CZBIL,SELL,71,530.0,37630.0,319550.0,380470.0,703291.0,-1988.0,-5.02%,20-Day SMA crossed below 50-Day SMA indicating bearish momentum.
"Oct 11, 2015",NHPC,SELL,186,119.0,22134.0,341684.0,357220.0,703291.0,-1116.0,-4.80%,20-Day SMA crossed below 50-Day SMA indicating bearish momentum.
"Oct 15, 2015",GFCL,SELL,56,212.0,11872.0,353556.0,344620.0,697068.0,-728.0,-5.78%,20-Day SMA crossed below 50-Day SMA indicating bearish momentum.
"Oct 18, 2015",SANIMA,SELL,53,670.0,35510.0,389066.0,308845.0,693044.0,-265.0,-0.74%,20-Day SMA crossed below 50-Day SMA indicating bearish momentum.
"Oct 19, 2015",GBIME,SELL,25,517.0,12925.0,401991.0,296070.0,698002.0,150.0,1.17%,20-Day SMA crossed below 50-Day SMA indicating bearish momentum.
"Oct 25, 2015",LICN,SELL,5,3350.0,16750.0,418741.0,279620.0,700148.0,300.0,1.82%,20-Day SMA crossed below 50-Day SMA indicating bearish momentum.
"Oct 27, 2015",JFL,SELL,90,319.0,28710.0,447451.0,245150.0,678389.0,-5760.0,-16.71%,Stop-loss activated after 15% downside protection threshold.
"Oct 27, 2015",SANIMA,BUY,70,633.0,44310.0,403141.0,289460.0,678389.0,0.0,0.00%,Price dropped 12% below SMA; dip buying opportunity detected.
"Oct 27, 2015",SBI,SELL,16,1280.0,20480.0,423621.0,269188.0,678389.0,208.0,1.03%,20-Day SMA crossed below 50-Day SMA indicating bearish momentum.
"Oct 28, 2015",EBL,SELL,5,2652.0,13260.0,436881.0,253348.0,677866.0,-2580.0,-16.29%,Stop-loss activated after 15% downside protection threshold.
"Oct 28, 2015",JBBL,SELL,59,162.0,9558.0,446439.0,242846.0,677866.0,-944.0,-8.99%,20-Day SMA crossed below 50-Day SMA indicating bearish momentum.
"Oct 29, 2015",GBIME,BUY,109,408.0,44472.0,401967.0,287318.0,679530.0,0.0,0.00%,Price dropped 12% below SMA; dip buying opportunity detected.
"Oct 29, 2015",HBL,SELL,16,1215.0,19440.0,421407.0,269078.0,679530.0,1200.0,6.58%,20-Day SMA crossed below 50-Day SMA indicating bearish momentum.
"Nov 01, 2015",ICFC,SELL,40,223.0,8920.0,430327.0,257478.0,678240.0,-2680.0,-23.10%,Stop-loss activated after 15% downside protection threshold.
"Nov 01, 2015",JFL,BUY,143,300.0,42900.0,387427.0,300378.0,678240.0,0.0,0.00%,Price dropped 12% below SMA; dip buying opportunity detected.
"Nov 04, 2015",JBBL,BUY,215,180.0,38700.0,348727.0,339078.0,677529.0,0.0,0.00%,Strong upward trend confirmed (5-day return: 11.11%).
"Nov 10, 2015",ICFC,BUY,153,227.0,34731.0,313996.0,373809.0,679553.0,0.0,0.00%,Price dropped 12% below SMA; dip buying opportunity detected.
"Nov 18, 2015",ADBL,SELL,59,470.0,27730.0,341726.0,342539.0,681887.0,-3540.0,-11.32%,20-Day SMA crossed below 50-Day SMA indicating bearish momentum.
"Nov 18, 2015",ICFC,SELL,153,225.0,34425.0,376151.0,307808.0,681887.0,-306.0,-0.88%,20-Day SMA crossed below 50-Day SMA indicating bearish momentum.
"Nov 18, 2015",NMB,SELL,15,479.0,7185.0,383336.0,303758.0,681887.0,3135.0,77.41%,Take Profit Triggered: +77.41% gain achieved.
"Nov 24, 2015",ICFC,BUY,173,221.0,38233.0,345103.0,341991.0,678235.0,0.0,0.00%,Price dropped 12% below SMA; dip buying opportunity detected.
"Nov 29, 2015",GBBL,SELL,94,309.0,29046.0,374149.0,307399.0,670158.0,-5546.0,-16.03%,Stop-loss activated after 15% downside protection threshold.
"Nov 30, 2015",NMB,BUY,94,396.0,37224.0,336925.0,344623.0,669782.0,0.0,0.00%,Price dropped 12% below SMA; dip buying opportunity detected.
"Dec 01, 2015",EBL,BUY,16,1990.0,31840.0,305085.0,376463.0,674911.0,0.0,0.00%,Price dropped 12% below SMA; dip buying opportunity detected.
"Dec 02, 2015",PROFL,SELL,15,151.0,2265.0,307350.0,374588.0,682843.0,390.0,20.80%,20-Day SMA crossed below 50-Day SMA indicating bearish momentum.
"Dec 06, 2015",ADBL,BUY,66,465.0,30690.0,276660.0,405278.0,686441.0,0.0,0.00%,Strong upward trend confirmed (5-day return: 10.71%).
"Dec 06, 2015",CZBIL,BUY,48,567.0,27216.0,249444.0,432494.0,686441.0,0.0,0.00%,Strong upward trend confirmed (5-day return: 10.53%).
"Dec 06, 2015",HBL,BUY,24,1000.0,24000.0,225444.0,456494.0,686441.0,0.0,0.00%,Price dropped 12% below SMA; dip buying opportunity detected.
"Dec 06, 2015",KBL,BUY,56,397.0,22232.0,203212.0,478726.0,686441.0,0.0,0.00%,Strong upward trend confirmed (5-day return: 11.20%).
"Dec 06, 2015",LICN,BUY,6,3300.0,19800.0,183412.0,498526.0,686441.0,0.0,0.00%,Strong upward trend confirmed (5-day return: 10.74%).
"Dec 06, 2015",NABIL,BUY,10,1819.0,18190.0,165222.0,516716.0,686441.0,0.0,0.00%,Price dropped 12% below SMA; dip buying opportunity detected.
"Dec 06, 2015",PCBL,BUY,28,579.0,16212.0,149010.0,532928.0,686441.0,0.0,0.00%,Strong upward trend confirmed (5-day return: 10.29%).
"Dec 06, 2015",SBI,BUY,10,1370.0,13700.0,135310.0,546628.0,686441.0,0.0,0.00%,Strong upward trend confirmed (5-day return: 12.20%).
"Dec 14, 2015",ALICL,BUY,11,1140.0,12540.0,122770.0,559168.0,696835.0,0.0,0.00%,Strong upward trend confirmed (5-day return: 10.14%).
"Dec 16, 2015",EDBL,SELL,34,590.0,20060.0,142830.0,537952.0,689838.0,-1156.0,-5.45%,20-Day SMA crossed below 50-Day SMA indicating bearish momentum.
"Dec 21, 2015",EDBL,BUY,21,668.0,14028.0,128802.0,551980.0,704191.0,0.0,0.00%,Strong upward trend confirmed (5-day return: 10.78%).
"Dec 21, 2015",GBBL,BUY,36,352.0,12672.0,116130.0,564652.0,704191.0,0.0,0.00%,Strong upward trend confirmed (5-day return: 10.00%).
"Dec 29, 2015",GBBL,SELL,36,296.0,10656.0,126786.0,551980.0,688493.0,-2016.0,-15.91%,Stop-loss activated after 15% downside protection threshold.
"Dec 31, 2015",PROFL,BUY,97,130.0,12610.0,114176.0,564590.0,689516.0,0.0,0.00%,Price dropped 12% below SMA; dip buying opportunity detected.
"Jan 03, 2016",CFCL,BUY,59,192.0,11328.0,102848.0,575918.0,705334.0,0.0,0.00%,Price dropped 12% below SMA; dip buying opportunity detected.
"Jan 03, 2016",PCBL,SELL,28,490.0,13720.0,116568.0,559706.0,705334.0,-2492.0,-15.37%,Stop-loss activated after 15% downside protection threshold.
"Jan 06, 2016",NHPC,BUY,94,123.0,11562.0,105006.0,571268.0,698267.0,0.0,0.00%,Strong upward trend confirmed (5-day return: 12.84%).
"Jan 07, 2016",PCBL,BUY,21,488.0,10248.0,94758.0,581516.0,691807.0,0.0,0.00%,Price dropped 12% below SMA; dip buying opportunity detected.
"Jan 13, 2016",BPCL,BUY,15,601.0,9015.0,85743.0,590531.0,694074.0,0.0,0.00%,Strong upward trend confirmed (5-day return: 10.28%).
"Jan 13, 2016",CHCL,BUY,6,1375.0,8250.0,77493.0,598781.0,694074.0,0.0,0.00%,Strong upward trend confirmed (5-day return: 17.52%).
"Feb 03, 2016",GBBL,BUY,21,357.0,7497.0,69996.0,606278.0,735782.0,0.0,0.00%,20-Day SMA crossed above 50-Day SMA indicating bullish momentum.
"Feb 03, 2016",SBI,SELL,10,1320.0,13200.0,83196.0,592578.0,735782.0,-500.0,-3.65%,20-Day SMA crossed below 50-Day SMA indicating bearish momentum.
"Feb 07, 2016",SBI,BUY,5,1442.0,7210.0,75986.0,599788.0,743491.0,0.0,0.00%,Strong upward trend confirmed (5-day return: 13.54%).
"Feb 11, 2016",GFCL,BUY,35,213.0,7455.0,68531.0,607243.0,741531.0,0.0,0.00%,Strong upward trend confirmed (5-day return: 12.70%).
"Feb 16, 2016",LICN,SELL,6,3500.0,21000.0,89531.0,587443.0,745726.0,1200.0,6.06%,20-Day SMA crossed below 50-Day SMA indicating bearish momentum.
"Feb 18, 2016",EDBL,SELL,21,670.0,14070.0,103601.0,573415.0,744189.0,42.0,0.30%,20-Day SMA crossed below 50-Day SMA indicating bearish momentum.
"Feb 22, 2016",EDBL,BUY,15,680.0,10200.0,93401.0,583615.0,763248.0,0.0,0.00%,20-Day SMA crossed above 50-Day SMA indicating bullish momentum.
"Feb 24, 2016",CIT,SELL,8,4594.0,36752.0,130153.0,559167.0,750576.0,12304.0,50.33%,Take Profit Triggered: +50.33% gain achieved.
"Mar 13, 2016",ADBL,SELL,66,707.0,46662.0,176815.0,528477.0,786338.0,15972.0,52.04%,Take Profit Triggered: +52.04% gain achieved.
"Mar 15, 2016",NHPC,SELL,94,185.0,17390.0,194205.0,516915.0,785232.0,5828.0,50.41%,Take Profit Triggered: +50.41% gain achieved.
"Mar 16, 2016",SBI,SELL,5,1409.0,7045.0,201250.0,509705.0,783813.0,-165.0,-2.29%,20-Day SMA crossed below 50-Day SMA indicating bearish momentum.
"Mar 20, 2016",NHPC,BUY,94,214.0,20116.0,181134.0,529821.0,788836.0,0.0,0.00%,Strong upward trend confirmed (5-day return: 22.99%).
"Mar 24, 2016",NMB,SELL,94,596.0,56024.0,237158.0,492597.0,796252.0,18800.0,50.51%,Take Profit Triggered: +50.51% gain achieved.
"Mar 28, 2016",JFL,SELL,143,320.0,45760.0,282918.0,449697.0,799287.0,2860.0,6.67%,20-Day SMA crossed below 50-Day SMA indicating bearish momentum.
"Mar 29, 2016",EDBL,SELL,15,570.0,8550.0,291468.0,439497.0,793643.0,-1650.0,-16.18%,Stop-loss activated after 15% downside protection threshold.
"Mar 30, 2016",CHCL,SELL,6,1345.0,8070.0,299538.0,431247.0,792195.0,-180.0,-2.18%,20-Day SMA crossed below 50-Day SMA indicating bearish momentum.
"Mar 30, 2016",GMFIL,SELL,15,314.0,4710.0,304248.0,428277.0,792195.0,1740.0,58.59%,Take Profit Triggered: +58.59% gain achieved.
"Mar 30, 2016",NHPC,SELL,94,181.0,17014.0,321262.0,408161.0,792195.0,-3102.0,-15.42%,Stop-loss activated after 15% downside protection threshold.
"Apr 03, 2016",EDBL,BUY,61,520.0,31720.0,289542.0,439881.0,791491.0,0.0,0.00%,Price dropped 12% below SMA; dip buying opportunity detected.
"Apr 03, 2016",GMFIL,BUY,86,333.0,28638.0,260904.0,468519.0,791491.0,0.0,0.00%,Strong upward trend confirmed (5-day return: 21.09%).
"Apr 10, 2016",CIT,BUY,6,4320.0,25920.0,234984.0,494439.0,795928.0,0.0,0.00%,Strong upward trend confirmed (5-day return: 11.34%).
"Apr 11, 2016",ADBL,BUY,40,576.0,23040.0,211944.0,517479.0,795401.0,0.0,0.00%,Price dropped 12% below SMA; dip buying opportunity detected.
"Apr 17, 2016",SBI,BUY,12,1680.0,20160.0,191784.0,537639.0,804566.0,0.0,0.00%,Strong upward trend confirmed (5-day return: 10.89%).
"Apr 18, 2016",AHPC,SELL,139,309.0,42951.0,234735.0,497329.0,820092.0,2641.0,6.55%,20-Day SMA crossed below 50-Day SMA indicating bearish momentum.
"Apr 21, 2016",ICFC,SELL,173,278.0,48094.0,282829.0,459096.0,822572.0,9861.0,25.79%,20-Day SMA crossed below 50-Day SMA indicating bearish momentum.
"Apr 27, 2016",ICFC,BUY,100,281.0,28100.0,254729.0,487196.0,828013.0,0.0,0.00%,20-Day SMA crossed above 50-Day SMA indicating bullish momentum.
"May 02, 2016",LICN,BUY,6,4150.0,24900.0,229829.0,512096.0,829562.0,0.0,0.00%,Strong upward trend confirmed (5-day return: 12.47%).
"May 03, 2016",EBL,SELL,16,2991.0,47856.0,277685.0,480256.0,827669.0,16016.0,50.30%,Take Profit Triggered: +50.30% gain achieved.
"May 04, 2016",ADBL,SELL,40,632.0,25280.0,302965.0,457216.0,826134.0,2240.0,9.72%,20-Day SMA crossed below 50-Day SMA indicating bearish momentum.
"May 12, 2016",LICN,SELL,6,3390.0,20340.0,323305.0,432316.0,820194.0,-4560.0,-18.31%,Stop-loss activated after 15% downside protection threshold.
"May 15, 2016",AHPC,BUY,96,335.0,32160.0,291145.0,464476.0,821266.0,0.0,0.00%,20-Day SMA crossed above 50-Day SMA indicating bullish momentum.
"May 16, 2016",LICN,BUY,9,3142.0,28278.0,262867.0,492754.0,823697.0,0.0,0.00%,Price dropped 12% below SMA; dip buying opportunity detected.
"May 17, 2016",BPCL,SELL,15,602.0,9030.0,271897.0,483739.0,828853.0,15.0,0.17%,20-Day SMA crossed below 50-Day SMA indicating bearish momentum.
"May 18, 2016",ADBL,BUY,39,683.0,26637.0,245260.0,510376.0,833577.0,0.0,0.00%,20-Day SMA crossed above 50-Day SMA indicating bullish momentum.
"May 18, 2016",HBL,SELL,24,1504.0,36096.0,281356.0,486376.0,833577.0,12096.0,50.40%,Take Profit Triggered: +50.40% gain achieved.
"May 29, 2016",LICN,SELL,9,3350.0,30150.0,311506.0,458098.0,838225.0,1872.0,6.62%,20-Day SMA crossed below 50-Day SMA indicating bearish momentum.
"May 29, 2016",NHPC,BUY,161,193.0,31073.0,280433.0,489171.0,838225.0,0.0,0.00%,Strong upward trend confirmed (5-day return: 14.88%).
"May 30, 2016",BPCL,BUY,41,683.0,28003.0,252430.0,517174.0,843120.0,0.0,0.00%,20-Day SMA crossed above 50-Day SMA indicating bullish momentum.
"May 31, 2016",CHCL,BUY,16,1530.0,24480.0,227950.0,541654.0,843538.0,0.0,0.00%,Strong upward trend confirmed (5-day return: 19.25%).
"Jun 09, 2016",JFL,BUY,69,330.0,22770.0,205180.0,564424.0,806936.0,0.0,0.00%,20-Day SMA crossed above 50-Day SMA indicating bullish momentum.
"Jun 09, 2016",LICN,BUY,5,3630.0,18150.0,187030.0,582574.0,806936.0,0.0,0.00%,Strong upward trend confirmed (5-day return: 10.23%).
"Jun 12, 2016",CZBIL,SELL,48,565.0,27120.0,214150.0,555358.0,811554.0,-96.0,-0.35%,20-Day SMA crossed below 50-Day SMA indicating bearish momentum.
"Jun 12, 2016",NMB,BUY,30,702.0,21060.0,193090.0,576418.0,811554.0,0.0,0.00%,Strong upward trend confirmed (5-day return: 10.55%).
"Jun 13, 2016",EBL,BUY,6,3157.0,18942.0,174148.0,595360.0,813650.0,0.0,0.00%,Strong upward trend confirmed (5-day return: 12.55%).
"Jun 14, 2016",SANIMA,SELL,70,671.0,46970.0,221118.0,551050.0,819709.0,2660.0,6.00%,20-Day SMA crossed below 50-Day SMA indicating bearish momentum.
"Jun 15, 2016",ALICL,SELL,11,1745.0,19195.0,240313.0,538510.0,823519.0,6655.0,53.07%,Take Profit Triggered: +53.07% gain achieved.
"Jun 16, 2016",CZBIL,BUY,42,570.0,23940.0,216373.0,562450.0,830281.0,0.0,0.00%,Price dropped 12% below SMA; dip buying opportunity detected.
"Jun 19, 2016",ALICL,BUY,12,1790.0,21480.0,194893.0,583930.0,830788.0,0.0,0.00%,Strong upward trend confirmed (5-day return: 15.41%).
"Jun 19, 2016",GFCL,SELL,35,322.0,11270.0,206163.0,576475.0,830788.0,3815.0,51.17%,Take Profit Triggered: +51.17% gain achieved.
"Jun 19, 2016",SANIMA,BUY,30,675.0,20250.0,185913.0,596725.0,830788.0,0.0,0.00%,Price dropped 12% below SMA; dip buying opportunity detected.
"Jun 21, 2016",PROFL,SELL,97,198.0,19206.0,205119.0,584115.0,834953.0,6596.0,52.31%,Take Profit Triggered: +52.31% gain achieved.
"Jun 21, 2016",SBI,SELL,12,1740.0,20880.0,225999.0,563955.0,834953.0,720.0,3.57%,20-Day SMA crossed below 50-Day SMA indicating bearish momentum.
"Jun 26, 2016",GBIME,SELL,109,501.0,54609.0,280608.0,519483.0,853968.0,10137.0,22.79%,20-Day SMA crossed below 50-Day SMA indicating bearish momentum.
"Jun 26, 2016",PROFL,BUY,128,218.0,27904.0,252704.0,547387.0,853968.0,0.0,0.00%,Strong upward trend confirmed (5-day return: 15.34%).
"Jun 27, 2016",PCBL,SELL,21,746.0,15666.0,268370.0,537139.0,862625.0,5418.0,52.87%,Take Profit Triggered: +52.87% gain achieved.
"Jun 27, 2016",SBI,BUY,13,1975.0,25675.0,242695.0,562814.0,862625.0,0.0,0.00%,Strong upward trend confirmed (5-day return: 14.83%).
"Jul 13, 2016",MBL,BUY,39,619.0,24141.0,218554.0,586955.0,860361.0,0.0,0.00%,Strong upward trend confirmed (5-day return: 10.54%).
"Jul 19, 2016",PCBL,BUY,26,824.0,21424.0,197130.0,608379.0,900895.0,0.0,0.00%,Strong upward trend confirmed (5-day return: 11.05%).
"Jul 21, 2016",GFCL,BUY,51,382.0,19482.0,177648.0,627861.0,901386.0,0.0,0.00%,Strong upward trend confirmed (5-day return: 14.37%).
"Jul 25, 2016",ADBL,SELL,39,1065.0,41535.0,219183.0,601224.0,924763.0,14898.0,55.93%,Take Profit Triggered: +55.93% gain achieved.
"Jul 25, 2016",EDBL,SELL,61,805.0,49105.0,268288.0,569504.0,924763.0,17385.0,54.81%,Take Profit Triggered: +54.81% gain achieved.
"Jul 26, 2016",ICFC,SELL,100,430.0,43000.0,311288.0,541404.0,945293.0,14900.0,53.02%,Take Profit Triggered: +53.02% gain achieved.
"Jul 31, 2016",EDBL,BUY,37,824.0,30488.0,280800.0,571892.0,960485.0,0.0,0.00%,Strong upward trend confirmed (5-day return: 11.20%).
"Jul 31, 2016",ICFC,BUY,65,426.0,27690.0,253110.0,599582.0,960485.0,0.0,0.00%,Strong upward trend confirmed (5-day return: 13.60%).
"Aug 03, 2016",PCBL,SELL,26,698.0,18148.0,271258.0,578158.0,931466.0,-3276.0,-15.29%,Stop-loss activated after 15% downside protection threshold.
"Aug 04, 2016",CHCL,SELL,16,1350.0,21600.0,292858.0,553678.0,914264.0,-2880.0,-11.76%,20-Day SMA crossed below 50-Day SMA indicating bearish momentum.
"Aug 04, 2016",LICN,SELL,5,3300.0,16500.0,309358.0,535528.0,914264.0,-1650.0,-9.09%,20-Day SMA crossed below 50-Day SMA indicating bearish momentum.
"Aug 04, 2016",NHPC,SELL,161,190.0,30590.0,339948.0,504455.0,914264.0,-483.0,-1.55%,20-Day SMA crossed below 50-Day SMA indicating bearish momentum.
"Aug 07, 2016",PCBL,BUY,51,660.0,33660.0,306288.0,538115.0,914565.0,0.0,0.00%,Price dropped 12% below SMA; dip buying opportunity detected.
"Aug 22, 2016",PCBL,SELL,51,630.0,32130.0,338418.0,504455.0,882358.0,-1530.0,-4.55%,20-Day SMA crossed below 50-Day SMA indicating bearish momentum.
"Aug 23, 2016",ALICL,SELL,12,1605.0,19260.0,357678.0,482975.0,874452.0,-2220.0,-10.34%,20-Day SMA crossed below 50-Day SMA indicating bearish momentum.
"Aug 23, 2016",EBL,SELL,6,3110.0,18660.0,376338.0,464033.0,874452.0,-282.0,-1.49%,20-Day SMA crossed below 50-Day SMA indicating bearish momentum.
"Aug 23, 2016",NABIL,SELL,10,2289.0,22890.0,399228.0,445843.0,874452.0,4700.0,25.84%,20-Day SMA crossed below 50-Day SMA indicating bearish momentum.
"Aug 24, 2016",AHPC,SELL,96,324.0,31104.0,430332.0,413683.0,881582.0,-1056.0,-3.28%,20-Day SMA crossed below 50-Day SMA indicating bearish momentum.
"Aug 28, 2016",AHPC,BUY,128,336.0,43008.0,387324.0,456691.0,884071.0,0.0,0.00%,Price dropped 12% below SMA; dip buying opportunity detected.
"Aug 29, 2016",CIT,SELL,6,4870.0,29220.0,416544.0,430771.0,886615.0,3300.0,12.73%,20-Day SMA crossed below 50-Day SMA indicating bearish momentum.
"Aug 29, 2016",SBI,SELL,13,1888.0,24544.0,441088.0,405096.0,886615.0,-1131.0,-4.41%,20-Day SMA crossed below 50-Day SMA indicating bearish momentum.
"Aug 30, 2016",BPCL,SELL,41,877.0,35957.0,477045.0,377093.0,895705.0,7954.0,28.40%,20-Day SMA crossed below 50-Day SMA indicating bearish momentum.
"Aug 30, 2016",PCBL,BUY,68,700.0,47600.0,429445.0,424693.0,895705.0,0.0,0.00%,Strong upward trend confirmed (5-day return: 11.11%).
"Sep 05, 2016",HBL,BUY,25,1695.0,42375.0,387070.0,467068.0,898669.0,0.0,0.00%,20-Day SMA crossed above 50-Day SMA indicating bullish momentum.
"Sep 08, 2016",SANIMA,SELL,30,760.0,22800.0,409870.0,446818.0,890644.0,2550.0,12.59%,20-Day SMA crossed below 50-Day SMA indicating bearish momentum.
"Sep 14, 2016",EBL,BUY,11,3516.0,38676.0,371194.0,485494.0,886085.0,0.0,0.00%,20-Day SMA crossed above 50-Day SMA indicating bullish momentum.
"Sep 14, 2016",SANIMA,BUY,47,775.0,36425.0,334769.0,521919.0,886085.0,0.0,0.00%,20-Day SMA crossed above 50-Day SMA indicating bullish momentum.
"Sep 18, 2016",ICFC,SELL,65,375.0,24375.0,359144.0,494229.0,878785.0,-3315.0,-11.97%,20-Day SMA crossed below 50-Day SMA indicating bearish momentum.
"Sep 18, 2016",JFL,SELL,69,401.0,27669.0,386813.0,471459.0,878785.0,4899.0,21.52%,20-Day SMA crossed below 50-Day SMA indicating bearish momentum.
"Sep 21, 2016",GMFIL,SELL,86,314.0,27004.0,413817.0,442821.0,876827.0,-1634.0,-5.71%,20-Day SMA crossed below 50-Day SMA indicating bearish momentum.
"Sep 22, 2016",NABIL,BUY,23,1765.0,40595.0,373222.0,483416.0,863143.0,0.0,0.00%,Price dropped 12% below SMA; dip buying opportunity detected.
"Sep 25, 2016",GMFIL,BUY,121,306.0,37026.0,336196.0,520442.0,858815.0,0.0,0.00%,Price dropped 12% below SMA; dip buying opportunity detected.
"Sep 26, 2016",ADBL,BUY,49,675.0,33075.0,303121.0,553517.0,862136.0,0.0,0.00%,Price dropped 12% below SMA; dip buying opportunity detected.
"Sep 26, 2016",CZBIL,SELL,42,592.0,24864.0,327985.0,529577.0,862136.0,924.0,3.86%,20-Day SMA crossed below 50-Day SMA indicating bearish momentum.
"Sep 26, 2016",EDBL,SELL,37,735.0,27195.0,355180.0,499089.0,862136.0,-3293.0,-10.80%,20-Day SMA crossed below 50-Day SMA indicating bearish momentum.
"Sep 28, 2016",SANIMA,SELL,47,757.0,35579.0,390759.0,462664.0,861614.0,-846.0,-2.32%,20-Day SMA crossed below 50-Day SMA indicating bearish momentum.
"Oct 02, 2016",CZBIL,BUY,67,581.0,38927.0,351832.0,501591.0,872199.0,0.0,0.00%,Price dropped 12% below SMA; dip buying opportunity detected.
"Oct 02, 2016",ICFC,BUY,116,303.0,35148.0,316684.0,536739.0,872199.0,0.0,0.00%,Price dropped 12% below SMA; dip buying opportunity detected.
"Oct 02, 2016",SANIMA,BUY,49,641.0,31409.0,285275.0,568148.0,872199.0,0.0,0.00%,Price dropped 12% below SMA; dip buying opportunity detected.
"Oct 04, 2016",JBBL,SELL,215,293.0,62995.0,348270.0,529448.0,889986.0,24295.0,62.78%,Take Profit Triggered: +62.78% gain achieved.
"Oct 05, 2016",GFCL,SELL,51,397.0,20247.0,368517.0,509966.0,898373.0,765.0,3.93%,20-Day SMA crossed below 50-Day SMA indicating bearish momentum.
"Oct 05, 2016",MBL,SELL,39,829.0,32331.0,400848.0,485825.0,898373.0,8190.0,33.93%,20-Day SMA crossed below 50-Day SMA indicating bearish momentum.
"Oct 06, 2016",ALICL,BUY,22,1763.0,38786.0,362062.0,524611.0,907867.0,0.0,0.00%,20-Day SMA crossed above 50-Day SMA indicating bullish momentum.
"Oct 06, 2016",KBL,SELL,56,609.0,34104.0,396166.0,502379.0,907867.0,11872.0,53.40%,Take Profit Triggered: +53.40% gain achieved.
"Oct 06, 2016",NMB,SELL,30,815.0,24450.0,420616.0,481319.0,907867.0,3390.0,16.10%,20-Day SMA crossed below 50-Day SMA indicating bearish momentum.
"Oct 16, 2016",JBBL,BUY,108,389.0,42012.0,378604.0,523331.0,903786.0,0.0,0.00%,Strong upward trend confirmed (5-day return: 59.43%).
"Oct 16, 2016",KBL,BUY,61,617.0,37637.0,340967.0,560968.0,903786.0,0.0,0.00%,Strong upward trend confirmed (5-day return: 47.61%).
"Oct 17, 2016",GFCL,BUY,85,397.0,33745.0,307222.0,594713.0,898044.0,0.0,0.00%,Price dropped 12% below SMA; dip buying opportunity detected.
"Oct 17, 2016",LICN,BUY,9,3385.0,30465.0,276757.0,625178.0,898044.0,0.0,0.00%,20-Day SMA crossed above 50-Day SMA indicating bullish momentum.
"Oct 24, 2016",HBL,SELL,25,1608.0,40200.0,316957.0,582803.0,891163.0,-2175.0,-5.13%,20-Day SMA crossed below 50-Day SMA indicating bearish momentum.
"Nov 03, 2016",HBL,BUY,22,1380.0,30360.0,286597.0,613163.0,889632.0,0.0,0.00%,Price dropped 12% below SMA; dip buying opportunity detected.
"Nov 03, 2016",MBL,BUY,52,549.0,28548.0,258049.0,641711.0,889632.0,0.0,0.00%,Price dropped 12% below SMA; dip buying opportunity detected.
"Nov 07, 2016",PROFL,SELL,128,254.0,32512.0,290561.0,613807.0,886528.0,4608.0,16.51%,20-Day SMA crossed below 50-Day SMA indicating bearish momentum.
"Nov 09, 2016",PCBL,SELL,68,595.0,40460.0,331021.0,566207.0,872826.0,-7140.0,-15.00%,Stop-loss activated after 15% downside protection threshold.
"Nov 15, 2016",BPCL,BUY,48,683.0,32784.0,298237.0,598991.0,876199.0,0.0,0.00%,Price dropped 12% below SMA; dip buying opportunity detected.
"Nov 20, 2016",ADBL,SELL,49,556.0,27244.0,325481.0,565916.0,841878.0,-5831.0,-17.63%,Stop-loss activated after 15% downside protection threshold.
"Nov 20, 2016",AHPC,SELL,128,280.0,35840.0,361321.0,522908.0,841878.0,-7168.0,-16.67%,Stop-loss activated after 15% downside protection threshold.
"Nov 20, 2016",ALICL,SELL,22,1662.0,36564.0,397885.0,484122.0,841878.0,-2222.0,-5.73%,20-Day SMA crossed below 50-Day SMA indicating bearish momentum.
"Nov 20, 2016",JFL,BUY,122,325.0,39650.0,358235.0,523772.0,841878.0,0.0,0.00%,Price dropped 12% below SMA; dip buying opportunity detected.
"Nov 20, 2016",LICN,SELL,9,2983.0,26847.0,385082.0,493307.0,841878.0,-3618.0,-11.88%,20-Day SMA crossed below 50-Day SMA indicating bearish momentum.
"Nov 20, 2016",PCBL,BUY,71,542.0,38482.0,346600.0,531789.0,841878.0,0.0,0.00%,Price dropped 12% below SMA; dip buying opportunity detected.
"Nov 20, 2016",SBI,BUY,23,1492.0,34316.0,312284.0,566105.0,841878.0,0.0,0.00%,Price dropped 12% below SMA; dip buying opportunity detected.
"Nov 21, 2016",JBBL,SELL,108,321.0,34668.0,346952.0,524093.0,837264.0,-7344.0,-17.48%,Stop-loss activated after 15% downside protection threshold.
"Nov 22, 2016",CZBIL,SELL,67,491.0,32897.0,379849.0,485166.0,835806.0,-6030.0,-15.49%,Stop-loss activated after 15% downside protection threshold.
"Nov 22, 2016",EDBL,BUY,65,584.0,37960.0,341889.0,523126.0,835806.0,0.0,0.00%,Price dropped 12% below SMA; dip buying opportunity detected.
"Nov 23, 2016",HBL,SELL,22,1137.0,25014.0,366903.0,492766.0,825058.0,-5346.0,-17.61%,Stop-loss activated after 15% downside protection threshold.
"Nov 24, 2016",ADBL,BUY,69,527.0,36363.0,330540.0,529129.0,819390.0,0.0,0.00%,Price dropped 12% below SMA; dip buying opportunity detected.
"Nov 24, 2016",ALICL,BUY,22,1480.0,32560.0,297980.0,561689.0,819390.0,0.0,0.00%,Price dropped 12% below SMA; dip buying opportunity detected.
"Nov 24, 2016",GFCL,SELL,85,332.0,28220.0,326200.0,527944.0,819390.0,-5525.0,-16.37%,Stop-loss activated after 15% downside protection threshold.
"Nov 27, 2016",AHPC,BUY,130,250.0,32500.0,293700.0,560444.0,799335.0,0.0,0.00%,Price dropped 12% below SMA; dip buying opportunity detected.
"Nov 27, 2016",CHCL,BUY,29,1000.0,29000.0,264700.0,589444.0,799335.0,0.0,0.00%,Price dropped 12% below SMA; dip buying opportunity detected.
"Nov 27, 2016",CIT,BUY,6,3850.0,23100.0,241600.0,612544.0,799335.0,0.0,0.00%,Price dropped 12% below SMA; dip buying opportunity detected.
"Nov 27, 2016",EBL,SELL,11,3155.0,34705.0,276305.0,573868.0,799335.0,-3971.0,-10.27%,20-Day SMA crossed below 50-Day SMA indicating bearish momentum.
"Nov 27, 2016",HBL,BUY,24,1106.0,26544.0,249761.0,600412.0,799335.0,0.0,0.00%,Price dropped 12% below SMA; dip buying opportunity detected.
"Nov 27, 2016",ICFC,SELL,116,245.0,28420.0,278181.0,565264.0,799335.0,-6728.0,-19.14%,Stop-loss activated after 15% downside protection threshold.
"Nov 27, 2016",JBBL,BUY,89,312.0,27768.0,250413.0,593032.0,799335.0,0.0,0.00%,Price dropped 12% below SMA; dip buying opportunity detected.
"Nov 27, 2016",LICN,BUY,9,2571.0,23139.0,227274.0,616171.0,799335.0,0.0,0.00%,Price dropped 12% below SMA; dip buying opportunity detected.
"Nov 27, 2016",NHPC,BUY,160,142.0,22720.0,204554.0,638891.0,799335.0,0.0,0.00%,Price dropped 12% below SMA; dip buying opportunity detected.
"Nov 27, 2016",SANIMA,SELL,49,530.0,25970.0,230524.0,607482.0,799335.0,-5439.0,-17.32%,Stop-loss activated after 15% downside protection threshold.
"Nov 28, 2016",BPCL,SELL,48,580.0,27840.0,258364.0,574698.0,816995.0,-4944.0,-15.08%,Stop-loss activated after 15% downside protection threshold.
"Nov 28, 2016",GMFIL,SELL,121,260.0,31460.0,289824.0,537672.0,816995.0,-5566.0,-15.03%,Stop-loss activated after 15% downside protection threshold.
"Nov 29, 2016",GFCL,BUY,94,308.0,28952.0,260872.0,566624.0,835531.0,0.0,0.00%,Price dropped 12% below SMA; dip buying opportunity detected.
"Nov 30, 2016",NMB,BUY,37,700.0,25900.0,234972.0,592524.0,856666.0,0.0,0.00%,Strong upward trend confirmed (5-day return: 10.24%).
"Dec 04, 2016",BPCL,BUY,35,655.0,22925.0,212047.0,615449.0,842048.0,0.0,0.00%,Strong upward trend confirmed (5-day return: 11.97%).
"Dec 15, 2016",JBBL,SELL,89,330.0,29370.0,241417.0,587681.0,820795.0,1602.0,5.77%,20-Day SMA crossed below 50-Day SMA indicating bearish momentum.
"Dec 18, 2016",MBL,SELL,52,438.0,22776.0,264193.0,559133.0,815484.0,-5772.0,-20.22%,Stop-loss activated after 15% downside protection threshold.
"Dec 18, 2016",PROFL,BUY,131,201.0,26331.0,237862.0,585464.0,815484.0,0.0,0.00%,Price dropped 12% below SMA; dip buying opportunity detected.
"Dec 19, 2016",KBL,SELL,61,542.0,33062.0,270924.0,547827.0,806781.0,-4575.0,-12.16%,20-Day SMA crossed below 50-Day SMA indicating bearish momentum.
"Dec 20, 2016",JFL,SELL,122,276.0,33672.0,304596.0,508177.0,797760.0,-5978.0,-15.08%,Stop-loss activated after 15% downside protection threshold.
"Dec 21, 2016",EBL,BUY,16,1800.0,28800.0,275796.0,536977.0,783830.0,0.0,0.00%,Price dropped 12% below SMA; dip buying opportunity detected.
"Dec 21, 2016",HBL,SELL,24,900.0,21600.0,297396.0,510433.0,783830.0,-4944.0,-18.63%,Stop-loss activated after 15% downside protection threshold.
"Dec 22, 2016",MBL,BUY,74,400.0,29600.0,267796.0,540033.0,782651.0,0.0,0.00%,Price dropped 12% below SMA; dip buying opportunity detected.
"Dec 22, 2016",NMB,SELL,37,503.0,18611.0,286407.0,514133.0,782651.0,-7289.0,-28.14%,Stop-loss activated after 15% downside protection threshold.
"Dec 26, 2016",CHCL,SELL,29,790.0,22910.0,309317.0,485133.0,762448.0,-6090.0,-21.00%,Stop-loss activated after 15% downside protection threshold.
"Dec 26, 2016",GMFIL,BUY,136,227.0,30872.0,278445.0,516005.0,762448.0,0.0,0.00%,Price dropped 12% below SMA; dip buying opportunity detected.
"Dec 26, 2016",HBL,BUY,32,855.0,27360.0,251085.0,543365.0,762448.0,0.0,0.00%,Price dropped 12% below SMA; dip buying opportunity detected.
"Dec 26, 2016",NMB,BUY,51,485.0,24735.0,226350.0,568100.0,762448.0,0.0,0.00%,Price dropped 12% below SMA; dip buying opportunity detected.
"Dec 26, 2016",PROFL,SELL,131,170.0,22270.0,248620.0,541769.0,762448.0,-4061.0,-15.42%,Stop-loss activated after 15% downside protection threshold.
"Dec 27, 2016",NABIL,SELL,23,1479.0,34017.0,282637.0,501174.0,755400.0,-6578.0,-16.20%,Stop-loss activated after 15% downside protection threshold.
"Dec 29, 2016",BPCL,SELL,35,550.0,19250.0,301887.0,478249.0,770292.0,-3675.0,-16.03%,Stop-loss activated after 15% downside protection threshold.
"Dec 29, 2016",JBBL,BUY,109,276.0,30084.0,271803.0,508333.0,770292.0,0.0,0.00%,Price dropped 12% below SMA; dip buying opportunity detected.
"Jan 01, 2017",CHCL,BUY,33,815.0,26895.0,244908.0,535228.0,775090.0,0.0,0.00%,Price dropped 12% below SMA; dip buying opportunity detected.
"Jan 01, 2017",JFL,BUY,97,250.0,24250.0,220658.0,559478.0,775090.0,0.0,0.00%,Price dropped 12% below SMA; dip buying opportunity detected.
"Jan 01, 2017",PROFL,BUY,139,158.0,21962.0,198696.0,581440.0,775090.0,0.0,0.00%,Price dropped 12% below SMA; dip buying opportunity detected.
"Jan 15, 2017",PCBL,SELL,71,415.0,29465.0,228161.0,542958.0,771181.0,-9017.0,-23.43%,Stop-loss activated after 15% downside protection threshold.
"Jan 16, 2017",GBBL,SELL,21,385.0,8085.0,236246.0,535461.0,768517.0,588.0,7.84%,20-Day SMA crossed below 50-Day SMA indicating bearish momentum.
"Jan 19, 2017",PCBL,BUY,57,414.0,23598.0,212648.0,559059.0,771426.0,0.0,0.00%,Price dropped 12% below SMA; dip buying opportunity detected.
"Jan 26, 2017",ALICL,SELL,22,1245.0,27390.0,240038.0,526499.0,729508.0,-5170.0,-15.88%,Stop-loss activated after 15% downside protection threshold.
"Jan 30, 2017",ADBL,SELL,69,442.0,30498.0,270536.0,490136.0,711858.0,-5865.0,-16.13%,Stop-loss activated after 15% downside protection threshold.
"Jan 30, 2017",ALICL,BUY,24,1121.0,26904.0,243632.0,517040.0,711858.0,0.0,0.00%,Price dropped 12% below SMA; dip buying opportunity detected.
"Jan 30, 2017",CIT,SELL,6,3101.0,18606.0,262238.0,493940.0,711858.0,-4494.0,-19.45%,Stop-loss activated after 15% downside protection threshold.
"Jan 30, 2017",CZBIL,BUY,63,416.0,26208.0,236030.0,520148.0,711858.0,0.0,0.00%,Price dropped 12% below SMA; dip buying opportunity detected.
"Jan 30, 2017",JFL,SELL,97,205.0,19885.0,255915.0,495898.0,711858.0,-4365.0,-18.00%,Stop-loss activated after 15% downside protection threshold.
"Jan 30, 2017",LICN,SELL,9,2097.0,18873.0,274788.0,472759.0,711858.0,-4266.0,-18.44%,Stop-loss activated after 15% downside protection threshold.
"Feb 05, 2017",GBBL,BUY,83,329.0,27307.0,247481.0,500066.0,723474.0,0.0,0.00%,Price dropped 12% below SMA; dip buying opportunity detected.
"Feb 05, 2017",SBI,SELL,23,1075.0,24725.0,272206.0,465750.0,723474.0,-9591.0,-27.95%,Stop-loss activated after 15% downside protection threshold.
"Feb 06, 2017",CIT,BUY,8,3160.0,25280.0,246926.0,491030.0,718561.0,0.0,0.00%,Price dropped 12% below SMA; dip buying opportunity detected.
"Feb 08, 2017",LICN,BUY,12,2000.0,24000.0,222926.0,515030.0,709737.0,0.0,0.00%,Price dropped 12% below SMA; dip buying opportunity detected.
"Feb 09, 2017",AHPC,SELL,130,212.0,27560.0,250486.0,482530.0,698589.0,-4940.0,-15.20%,Stop-loss activated after 15% downside protection threshold.
"Feb 09, 2017",NHPC,SELL,160,119.0,19040.0,269526.0,459810.0,698589.0,-3680.0,-16.20%,Stop-loss activated after 15% downside protection threshold.
"Feb 09, 2017",SBI,BUY,26,1020.0,26520.0,243006.0,486330.0,698589.0,0.0,0.00%,Price dropped 12% below SMA; dip buying opportunity detected.
"Feb 12, 2017",MBL,SELL,74,331.0,24494.0,267500.0,456730.0,681296.0,-5106.0,-17.25%,Stop-loss activated after 15% downside protection threshold.
"Feb 12, 2017",PCBL,SELL,57,348.0,19836.0,287336.0,433132.0,681296.0,-3762.0,-15.94%,Stop-loss activated after 15% downside protection threshold.
"Feb 13, 2017",EDBL,SELL,65,488.0,31720.0,319056.0,395172.0,689534.0,-6240.0,-16.44%,Stop-loss activated after 15% downside protection threshold.
"Feb 13, 2017",JFL,BUY,159,200.0,31800.0,287256.0,426972.0,689534.0,0.0,0.00%,Price dropped 12% below SMA; dip buying opportunity detected.
"Feb 16, 2017",GFCL,SELL,94,250.0,23500.0,310756.0,398020.0,707957.0,-5452.0,-18.83%,Stop-loss activated after 15% downside protection threshold.
"Feb 19, 2017",EDBL,BUY,54,572.0,30888.0,279868.0,428908.0,713009.0,0.0,0.00%,Strong upward trend confirmed (5-day return: 11.94%).
"Feb 19, 2017",KBL,BUY,53,524.0,27772.0,252096.0,456680.0,713009.0,0.0,0.00%,Strong upward trend confirmed (5-day return: 12.45%).
"Feb 19, 2017",MBL,BUY,66,381.0,25146.0,226950.0,481826.0,713009.0,0.0,0.00%,Strong upward trend confirmed (5-day return: 15.11%).
"Feb 19, 2017",NABIL,BUY,15,1496.0,22440.0,204510.0,504266.0,713009.0,0.0,0.00%,Strong upward trend confirmed (5-day return: 14.64%).
"Feb 19, 2017",PCBL,BUY,53,385.0,20405.0,184105.0,524671.0,713009.0,0.0,0.00%,Strong upward trend confirmed (5-day return: 10.63%).
"Feb 20, 2017",GFCL,BUY,79,231.0,18249.0,165856.0,542920.0,710870.0,0.0,0.00%,Price dropped 12% below SMA; dip buying opportunity detected.
"Mar 05, 2017",KBL,SELL,53,329.0,17437.0,183293.0,515148.0,695724.0,-10335.0,-37.21%,Stop-loss activated after 15% downside protection threshold.
"Mar 06, 2017",GMFIL,SELL,136,190.0,25840.0,209133.0,484276.0,699173.0,-5032.0,-16.30%,Stop-loss activated after 15% downside protection threshold.
"Mar 09, 2017",CFCL,SELL,59,155.0,9145.0,218278.0,472948.0,685511.0,-2183.0,-19.27%,Stop-loss activated after 15% downside protection threshold.
"Mar 09, 2017",KBL,BUY,67,324.0,21708.0,196570.0,494656.0,685511.0,0.0,0.00%,Price dropped 12% below SMA; dip buying opportunity detected.
"Mar 15, 2017",NHPC,BUY,141,139.0,19599.0,176971.0,514255.0,689559.0,0.0,0.00%,Strong upward trend confirmed (5-day return: 11.20%).
"Mar 20, 2017",GMFIL,BUY,80,219.0,17520.0,159451.0,531775.0,705835.0,0.0,0.00%,Strong upward trend confirmed (5-day return: 10.61%).
"Mar 21, 2017",BPCL,BUY,28,566.0,15848.0,143603.0,547623.0,723644.0,0.0,0.00%,Strong upward trend confirmed (5-day return: 15.27%).
"Mar 21, 2017",ICFC,BUY,55,260.0,14300.0,129303.0,561923.0,723644.0,0.0,0.00%,Strong upward trend confirmed (5-day return: 10.17%).
"Mar 22, 2017",SANIMA,BUY,23,545.0,12535.0,116768.0,574458.0,735739.0,0.0,0.00%,Strong upward trend confirmed (5-day return: 14.26%).
"Mar 23, 2017",ADBL,BUY,22,511.0,11242.0,105526.0,585700.0,740667.0,0.0,0.00%,Strong upward trend confirmed (5-day return: 14.83%).
"Mar 23, 2017",AHPC,BUY,40,263.0,10520.0,95006.0,596220.0,740667.0,0.0,0.00%,Strong upward trend confirmed (5-day return: 15.86%).
"Mar 30, 2017",GBIME,BUY,23,399.0,9177.0,85829.0,605397.0,786932.0,0.0,0.00%,20-Day SMA crossed above 50-Day SMA indicating bullish momentum.
"Apr 04, 2017",GBBL,SELL,83,496.0,41168.0,126997.0,578090.0,815894.0,13861.0,50.76%,Take Profit Triggered: +50.76% gain achieved.
"Apr 09, 2017",GBBL,BUY,25,495.0,12375.0,114622.0,590465.0,811600.0,0.0,0.00%,Strong upward trend confirmed (5-day return: 13.79%).
"Apr 12, 2017",GFCL,SELL,79,350.0,27650.0,142272.0,572216.0,838349.0,9401.0,51.52%,Take Profit Triggered: +51.52% gain achieved.
"Apr 12, 2017",JBBL,SELL,109,414.0,45126.0,187398.0,542132.0,838349.0,15042.0,50.00%,Take Profit Triggered: +50.00% gain achieved.
"Apr 13, 2017",GBBL,SELL,25,351.0,8775.0,196173.0,529757.0,833165.0,-3600.0,-29.09%,Stop-loss activated after 15% downside protection threshold.
"Apr 18, 2017",GBBL,BUY,61,320.0,19520.0,176653.0,549277.0,795230.0,0.0,0.00%,Price dropped 12% below SMA; dip buying opportunity detected.
"Apr 18, 2017",SANIMA,SELL,23,458.0,10534.0,187187.0,536742.0,795230.0,-2001.0,-15.96%,Stop-loss activated after 15% downside protection threshold.
"Apr 27, 2017",JBBL,BUY,72,259.0,18648.0,168539.0,555390.0,824108.0,0.0,0.00%,Price dropped 12% below SMA; dip buying opportunity detected.
"May 07, 2017",ADBL,SELL,22,454.0,9988.0,178527.0,544148.0,802809.0,-1254.0,-11.15%,20-Day SMA crossed below 50-Day SMA indicating bearish momentum.
"May 08, 2017",GBBL,SELL,61,317.0,19337.0,197864.0,524628.0,806219.0,-183.0,-0.94%,20-Day SMA crossed below 50-Day SMA indicating bearish momentum.
"May 15, 2017",CZBIL,SELL,63,403.0,25389.0,223253.0,498420.0,812971.0,-819.0,-3.12%,20-Day SMA crossed below 50-Day SMA indicating bearish momentum.
"May 16, 2017",PROFL,SELL,139,257.0,35723.0,258976.0,476458.0,812270.0,13761.0,62.66%,Take Profit Triggered: +62.66% gain achieved.
"May 17, 2017",EBL,SELL,16,1760.0,28160.0,287136.0,447658.0,807748.0,-640.0,-2.22%,20-Day SMA crossed below 50-Day SMA indicating bearish momentum.
"May 17, 2017",NHPC,SELL,141,146.0,20586.0,307722.0,428059.0,807748.0,987.0,5.04%,20-Day SMA crossed below 50-Day SMA indicating bearish momentum.
"May 18, 2017",JBBL,SELL,72,244.0,17568.0,325290.0,409411.0,809440.0,-1080.0,-5.79%,20-Day SMA crossed below 50-Day SMA indicating bearish momentum.
"May 21, 2017",PROFL,BUY,125,260.0,32500.0,292790.0,441911.0,793514.0,0.0,0.00%,Strong upward trend confirmed (5-day return: 22.07%).
"May 22, 2017",JBBL,BUY,123,238.0,29274.0,263516.0,471185.0,790303.0,0.0,0.00%,Price dropped 12% below SMA; dip buying opportunity detected.
"May 23, 2017",SBI,SELL,26,1006.0,26156.0,289672.0,444665.0,793934.0,-364.0,-1.37%,20-Day SMA crossed below 50-Day SMA indicating bearish momentum.
"May 24, 2017",GBIME,SELL,23,395.0,9085.0,298757.0,435488.0,794511.0,-92.0,-1.00%,20-Day SMA crossed below 50-Day SMA indicating bearish momentum.
"May 28, 2017",SBI,BUY,30,995.0,29850.0,268907.0,465338.0,787306.0,0.0,0.00%,Price dropped 12% below SMA; dip buying opportunity detected.
"May 30, 2017",LICN,SELL,12,2120.0,25440.0,294347.0,441338.0,779565.0,1440.0,6.00%,20-Day SMA crossed below 50-Day SMA indicating bearish momentum.
"May 31, 2017",HBL,SELL,32,926.0,29632.0,323979.0,413978.0,778529.0,2272.0,8.30%,20-Day SMA crossed below 50-Day SMA indicating bearish momentum.
"Jun 01, 2017",CHCL,SELL,33,857.0,28281.0,352260.0,387083.0,779711.0,1386.0,5.15%,20-Day SMA crossed below 50-Day SMA indicating bearish momentum.
"Jun 01, 2017",MBL,SELL,66,379.0,25014.0,377274.0,361937.0,779711.0,-132.0,-0.52%,20-Day SMA crossed below 50-Day SMA indicating bearish momentum.
"Jun 01, 2017",PCBL,SELL,53,420.0,22260.0,399534.0,341532.0,779711.0,1855.0,9.09%,20-Day SMA crossed below 50-Day SMA indicating bearish momentum.
"Jun 04, 2017",LICN,BUY,18,2121.0,38178.0,361356.0,379710.0,777968.0,0.0,0.00%,Price dropped 12% below SMA; dip buying opportunity detected.
"Jun 04, 2017",NABIL,SELL,15,1480.0,22200.0,383556.0,357270.0,777968.0,-240.0,-1.07%,20-Day SMA crossed below 50-Day SMA indicating bearish momentum.
"Jun 05, 2017",NMB,SELL,51,558.0,28458.0,412014.0,332535.0,780147.0,3723.0,15.05%,20-Day SMA crossed below 50-Day SMA indicating bearish momentum.
"Jun 11, 2017",ALICL,SELL,24,1490.0,35760.0,447774.0,305631.0,773899.0,8856.0,32.92%,20-Day SMA crossed below 50-Day SMA indicating bearish momentum.
"Jun 13, 2017",BPCL,SELL,28,654.0,18312.0,466086.0,289783.0,764422.0,2464.0,15.55%,20-Day SMA crossed below 50-Day SMA indicating bearish momentum.
"Jun 14, 2017",AHPC,SELL,40,284.0,11360.0,477446.0,279263.0,761475.0,840.0,7.98%,20-Day SMA crossed below 50-Day SMA indicating bearish momentum.
"Jun 14, 2017",ICFC,SELL,55,294.0,16170.0,493616.0,264963.0,761475.0,1870.0,13.08%,20-Day SMA crossed below 50-Day SMA indicating bearish momentum.
"Jun 15, 2017",CFCL,BUY,259,190.0,49210.0,444406.0,314173.0,765997.0,0.0,0.00%,Price dropped 12% below SMA; dip buying opportunity detected.
"Jun 18, 2017",EDBL,SELL,54,627.0,33858.0,478264.0,283285.0,777775.0,2970.0,9.62%,20-Day SMA crossed below 50-Day SMA indicating bearish momentum.
"Jun 18, 2017",GFCL,BUY,220,217.0,47740.0,430524.0,331025.0,777775.0,0.0,0.00%,Price dropped 12% below SMA; dip buying opportunity detected.
"Jun 18, 2017",JFL,SELL,159,262.0,41658.0,472182.0,299225.0,777775.0,9858.0,31.00%,20-Day SMA crossed below 50-Day SMA indicating bearish momentum.
"Jun 20, 2017",GMFIL,SELL,80,265.0,21200.0,493382.0,281705.0,765540.0,3680.0,21.00%,20-Day SMA crossed below 50-Day SMA indicating bearish momentum.
"Jun 21, 2017",EBL,BUY,37,1318.0,48766.0,444616.0,330471.0,765338.0,0.0,0.00%,Price dropped 12% below SMA; dip buying opportunity detected.
"Jul 02, 2017",JBBL,SELL,123,201.0,24723.0,469339.0,301197.0,764756.0,-4551.0,-15.55%,Stop-loss activated after 15% downside protection threshold.
"Jul 06, 2017",PROFL,SELL,125,212.0,26500.0,495839.0,268697.0,762369.0,-6000.0,-18.46%,Stop-loss activated after 15% downside protection threshold.
"Jul 10, 2017",PROFL,BUY,247,200.0,49400.0,446439.0,318097.0,769447.0,0.0,0.00%,Price dropped 12% below SMA; dip buying opportunity detected.
"Jul 12, 2017",CIT,SELL,8,3927.0,31416.0,477855.0,292817.0,767037.0,6136.0,24.27%,20-Day SMA crossed below 50-Day SMA indicating bearish momentum.
"Jul 18, 2017",JFL,BUY,165,289.0,47685.0,430170.0,340502.0,780229.0,0.0,0.00%,Strong upward trend confirmed (5-day return: 10.73%).
"Jul 19, 2017",PROFL,SELL,247,210.0,51870.0,482040.0,291102.0,777391.0,2470.0,5.00%,20-Day SMA crossed below 50-Day SMA indicating bearish momentum.
"Jul 20, 2017",NABIL,BUY,29,1658.0,48082.0,433958.0,339184.0,776862.0,0.0,0.00%,20-Day SMA crossed above 50-Day SMA indicating bullish momentum.
"Jul 23, 2017",CZBIL,BUY,110,393.0,43230.0,390728.0,382414.0,775531.0,0.0,0.00%,20-Day SMA crossed above 50-Day SMA indicating bullish momentum.
"Jul 24, 2017",NHPC,BUY,253,154.0,38962.0,351766.0,421376.0,772026.0,0.0,0.00%,Strong upward trend confirmed (5-day return: 14.07%).
"Jul 26, 2017",ALICL,BUY,20,1695.0,33900.0,317866.0,455276.0,775622.0,0.0,0.00%,20-Day SMA crossed above 50-Day SMA indicating bullish momentum.
"Jul 26, 2017",PCBL,BUY,74,424.0,31376.0,286490.0,486652.0,775622.0,0.0,0.00%,20-Day SMA crossed above 50-Day SMA indicating bullish momentum.
"Jul 26, 2017",PROFL,BUY,129,222.0,28638.0,257852.0,515290.0,775622.0,0.0,0.00%,Strong upward trend confirmed (5-day return: 13.27%).
"Jul 27, 2017",ADBL,BUY,56,460.0,25760.0,232092.0,541050.0,776663.0,0.0,0.00%,20-Day SMA crossed above 50-Day SMA indicating bullish momentum.
"Jul 27, 2017",GBIME,BUY,58,400.0,23200.0,208892.0,564250.0,776663.0,0.0,0.00%,20-Day SMA crossed above 50-Day SMA indicating bullish momentum.
"Jul 30, 2017",GMFIL,BUY,73,283.0,20659.0,188233.0,584909.0,767670.0,0.0,0.00%,20-Day SMA crossed above 50-Day SMA indicating bullish momentum.
"Aug 01, 2017",AHPC,BUY,69,272.0,18768.0,169465.0,603677.0,779042.0,0.0,0.00%,20-Day SMA crossed above 50-Day SMA indicating bullish momentum.
"Aug 01, 2017",EDBL,BUY,25,658.0,16450.0,153015.0,620127.0,779042.0,0.0,0.00%,20-Day SMA crossed above 50-Day SMA indicating bullish momentum.
"Aug 07, 2017",AHPC,SELL,69,270.0,18630.0,171645.0,601359.0,783758.0,-138.0,-0.74%,20-Day SMA crossed below 50-Day SMA indicating bearish momentum.
"Aug 07, 2017",HBL,BUY,18,915.0,16470.0,155175.0,617829.0,783758.0,0.0,0.00%,20-Day SMA crossed above 50-Day SMA indicating bullish momentum.
"Aug 13, 2017",KBL,SELL,67,315.0,21105.0,176280.0,596121.0,779370.0,-603.0,-2.78%,20-Day SMA crossed below 50-Day SMA indicating bearish momentum.
"Aug 16, 2017",BPCL,BUY,27,640.0,17280.0,159000.0,613401.0,771712.0,0.0,0.00%,20-Day SMA crossed above 50-Day SMA indicating bullish momentum.
"Aug 16, 2017",CZBIL,SELL,110,380.0,41800.0,200800.0,570171.0,771712.0,-1430.0,-3.31%,20-Day SMA crossed below 50-Day SMA indicating bearish momentum.
"Aug 28, 2017",CZBIL,BUY,63,314.0,19782.0,181018.0,589953.0,762126.0,0.0,0.00%,Price dropped 12% below SMA; dip buying opportunity detected.
"Aug 30, 2017",AHPC,BUY,79,229.0,18091.0,162927.0,608044.0,758993.0,0.0,0.00%,Price dropped 12% below SMA; dip buying opportunity detected.
"Sep 04, 2017",GBIME,SELL,58,371.0,21518.0,184445.0,584844.0,739081.0,-1682.0,-7.25%,20-Day SMA crossed below 50-Day SMA indicating bearish momentum.
"Sep 06, 2017",EDBL,SELL,25,455.0,11375.0,195820.0,568394.0,734026.0,-5075.0,-30.85%,Stop-loss activated after 15% downside protection threshold.
"Sep 07, 2017",SBI,SELL,30,841.0,25230.0,221050.0,538544.0,733987.0,-4620.0,-15.48%,Stop-loss activated after 15% downside protection threshold.
"Sep 10, 2017",ADBL,SELL,56,425.0,23800.0,244850.0,512784.0,722608.0,-1960.0,-7.61%,20-Day SMA crossed below 50-Day SMA indicating bearish momentum.
"Sep 10, 2017",EDBL,BUY,57,429.0,24453.0,220397.0,537237.0,722608.0,0.0,0.00%,Price dropped 12% below SMA; dip buying opportunity detected.
"Sep 10, 2017",HBL,SELL,18,850.0,15300.0,235697.0,520767.0,722608.0,-1170.0,-7.10%,20-Day SMA crossed below 50-Day SMA indicating bearish momentum.
"Sep 11, 2017",BPCL,SELL,27,616.0,16632.0,252329.0,503487.0,724060.0,-648.0,-3.75%,20-Day SMA crossed below 50-Day SMA indicating bearish momentum.
"Sep 11, 2017",GFCL,SELL,220,182.0,40040.0,292369.0,455747.0,724060.0,-7700.0,-16.13%,Stop-loss activated after 15% downside protection threshold.
"Sep 12, 2017",CFCL,SELL,259,180.0,46620.0,338989.0,406537.0,707865.0,-2590.0,-5.26%,20-Day SMA crossed below 50-Day SMA indicating bearish momentum.
"Sep 12, 2017",GMFIL,SELL,73,255.0,18615.0,357604.0,385878.0,707865.0,-2044.0,-9.89%,20-Day SMA crossed below 50-Day SMA indicating bearish momentum.
"Sep 12, 2017",LICN,SELL,18,2030.0,36540.0,394144.0,347700.0,707865.0,-1638.0,-4.29%,20-Day SMA crossed below 50-Day SMA indicating bearish momentum.
"Sep 12, 2017",NABIL,SELL,29,1191.0,34539.0,428683.0,299618.0,707865.0,-13543.0,-28.17%,Stop-loss activated after 15% downside protection threshold.
"Sep 12, 2017",NHPC,SELL,253,129.0,32637.0,461320.0,260656.0,707865.0,-6325.0,-16.23%,Stop-loss activated after 15% downside protection threshold.
"Sep 17, 2017",ALICL,SELL,20,1508.0,30160.0,491480.0,226756.0,716973.0,-3740.0,-11.03%,20-Day SMA crossed below 50-Day SMA indicating bearish momentum.
"Sep 17, 2017",NABIL,BUY,39,1245.0,48555.0,442925.0,275311.0,716973.0,0.0,0.00%,Price dropped 12% below SMA; dip buying opportunity detected.
"Sep 18, 2017",JFL,SELL,165,265.0,43725.0,486650.0,227626.0,716117.0,-3960.0,-8.30%,20-Day SMA crossed below 50-Day SMA indicating bearish momentum.
"Sep 20, 2017",PCBL,SELL,74,430.0,31820.0,518470.0,196250.0,715614.0,444.0,1.42%,20-Day SMA crossed below 50-Day SMA indicating bearish momentum.
"Sep 24, 2017",SANIMA,BUY,149,335.0,49915.0,468555.0,246165.0,713117.0,0.0,0.00%,Price dropped 12% below SMA; dip buying opportunity detected.
"Oct 03, 2017",CHCL,BUY,54,865.0,46710.0,421845.0,292875.0,713517.0,0.0,0.00%,Strong upward trend confirmed (5-day return: 10.90%).
"Oct 03, 2017",PROFL,SELL,129,223.0,28767.0,450612.0,264237.0,713517.0,129.0,0.45%,20-Day SMA crossed below 50-Day SMA indicating bearish momentum.
"Oct 11, 2017",ICFC,BUY,192,234.0,44928.0,405684.0,309165.0,705478.0,0.0,0.00%,Price dropped 12% below SMA; dip buying opportunity detected.
"Oct 15, 2017",GMFIL,BUY,208,195.0,40560.0,365124.0,349725.0,707848.0,0.0,0.00%,Price dropped 12% below SMA; dip buying opportunity detected.
"Oct 17, 2017",PROFL,BUY,152,240.0,36480.0,328644.0,386205.0,719851.0,0.0,0.00%,20-Day SMA crossed above 50-Day SMA indicating bullish momentum.
"Oct 25, 2017",PCBL,BUY,73,448.0,32704.0,295940.0,418909.0,712098.0,0.0,0.00%,20-Day SMA crossed above 50-Day SMA indicating bullish momentum.
"Oct 30, 2017",ADBL,BUY,67,437.0,29279.0,266661.0,448188.0,708984.0,0.0,0.00%,20-Day SMA crossed above 50-Day SMA indicating bullish momentum.
"Nov 02, 2017",KBL,BUY,87,304.0,26448.0,240213.0,474636.0,703154.0,0.0,0.00%,20-Day SMA crossed above 50-Day SMA indicating bullish momentum.
"Nov 06, 2017",JFL,BUY,102,234.0,23868.0,216345.0,498504.0,696057.0,0.0,0.00%,Price dropped 12% below SMA; dip buying opportunity detected.
"Nov 09, 2017",CFCL,BUY,112,192.0,21504.0,194841.0,520008.0,685878.0,0.0,0.00%,20-Day SMA crossed above 50-Day SMA indicating bullish momentum.
"Nov 09, 2017",EBL,SELL,37,1105.0,40885.0,235726.0,471242.0,685878.0,-7881.0,-16.16%,Stop-loss activated after 15% downside protection threshold.
"Nov 14, 2017",BPCL,BUY,37,633.0,23421.0,212305.0,494663.0,707860.0,0.0,0.00%,20-Day SMA crossed above 50-Day SMA indicating bullish momentum.
"Nov 19, 2017",CHCL,SELL,54,835.0,45090.0,257395.0,447953.0,695892.0,-1620.0,-3.47%,20-Day SMA crossed below 50-Day SMA indicating bearish momentum.
"Nov 23, 2017",KBL,SELL,87,297.0,25839.0,283234.0,421505.0,692807.0,-609.0,-2.30%,20-Day SMA crossed below 50-Day SMA indicating bearish momentum.
"Nov 26, 2017",CHCL,BUY,30,918.0,27540.0,255694.0,449045.0,698334.0,0.0,0.00%,20-Day SMA crossed above 50-Day SMA indicating bullish momentum.
"Nov 28, 2017",PCBL,SELL,73,440.0,32120.0,287814.0,416341.0,700770.0,-584.0,-1.79%,20-Day SMA crossed below 50-Day SMA indicating bearish momentum.
"Dec 12, 2017",NMB,BUY,59,481.0,28379.0,259435.0,444720.0,699629.0,0.0,0.00%,20-Day SMA crossed above 50-Day SMA indicating bullish momentum.
"Dec 13, 2017",CFCL,SELL,112,184.0,20608.0,280043.0,423216.0,698388.0,-896.0,-4.17%,20-Day SMA crossed below 50-Day SMA indicating bearish momentum.
"Dec 13, 2017",PROFL,SELL,152,217.0,32984.0,313027.0,386736.0,698388.0,-3496.0,-9.58%,20-Day SMA crossed below 50-Day SMA indicating bearish momentum.
"Dec 17, 2017",SBI,BUY,49,627.0,30723.0,282304.0,417459.0,691456.0,0.0,0.00%,Price dropped 12% below SMA; dip buying opportunity detected.
"Dec 19, 2017",CFCL,BUY,194,145.0,28130.0,254174.0,445589.0,689606.0,0.0,0.00%,Price dropped 12% below SMA; dip buying opportunity detected.
"Dec 20, 2017",JBBL,BUY,141,180.0,25380.0,228794.0,470969.0,689053.0,0.0,0.00%,20-Day SMA crossed above 50-Day SMA indicating bullish momentum.
"Dec 20, 2017",PCBL,BUY,71,320.0,22720.0,206074.0,493689.0,689053.0,0.0,0.00%,Price dropped 12% below SMA; dip buying opportunity detected.
"Dec 24, 2017",JBBL,SELL,141,176.0,24816.0,230890.0,468309.0,687975.0,-564.0,-2.22%,20-Day SMA crossed below 50-Day SMA indicating bearish momentum.
"Dec 26, 2017",HBL,BUY,35,649.0,22715.0,208175.0,491024.0,680323.0,0.0,0.00%,Price dropped 12% below SMA; dip buying opportunity detected.
"Dec 27, 2017",CZBIL,SELL,63,286.0,18018.0,226193.0,471242.0,676234.0,-1764.0,-8.92%,20-Day SMA crossed below 50-Day SMA indicating bearish momentum.
"Dec 28, 2017",EBL,BUY,28,798.0,22344.0,203849.0,493586.0,670940.0,0.0,0.00%,Price dropped 12% below SMA; dip buying opportunity detected.
"Dec 28, 2017",EDBL,SELL,57,360.0,20520.0,224369.0,469133.0,670940.0,-3933.0,-16.08%,Stop-loss activated after 15% downside protection threshold.
"Dec 28, 2017",NMB,SELL,59,460.0,27140.0,251509.0,440754.0,670940.0,-1239.0,-4.37%,20-Day SMA crossed below 50-Day SMA indicating bearish momentum.
"Dec 31, 2017",GBBL,BUY,133,189.0,25137.0,226372.0,465891.0,669465.0,0.0,0.00%,Price dropped 12% below SMA; dip buying opportunity detected.
"Dec 31, 2017",NABIL,SELL,39,1020.0,39780.0,266152.0,417336.0,669465.0,-8775.0,-18.07%,Stop-loss activated after 15% downside protection threshold.
"Jan 01, 2018",SANIMA,SELL,149,342.0,50958.0,317110.0,367421.0,677939.0,1043.0,2.09%,20-Day SMA crossed below 50-Day SMA indicating bearish momentum.
"Jan 03, 2018",AHPC,SELL,79,205.0,16195.0,333305.0,349330.0,664183.0,-1896.0,-10.48%,20-Day SMA crossed below 50-Day SMA indicating bearish momentum.
"Jan 03, 2018",JFL,SELL,102,180.0,18360.0,351665.0,325462.0,664183.0,-5508.0,-23.08%,Stop-loss activated after 15% downside protection threshold.
"Jan 07, 2018",GMFIL,SELL,208,160.0,33280.0,384945.0,284902.0,664168.0,-7280.0,-17.95%,Stop-loss activated after 15% downside protection threshold.
"Jan 07, 2018",JFL,BUY,219,175.0,38325.0,346620.0,323227.0,664168.0,0.0,0.00%,Price dropped 12% below SMA; dip buying opportunity detected.
"Jan 22, 2018",ALICL,BUY,38,891.0,33858.0,312762.0,357085.0,662123.0,0.0,0.00%,Price dropped 12% below SMA; dip buying opportunity detected.
"Jan 23, 2018",BPCL,SELL,37,640.0,23680.0,336442.0,333664.0,661387.0,259.0,1.11%,20-Day SMA crossed below 50-Day SMA indicating bearish momentum.
"Jan 24, 2018",CHCL,SELL,30,881.0,26430.0,362872.0,306124.0,660667.0,-1110.0,-4.03%,20-Day SMA crossed below 50-Day SMA indicating bearish momentum.
"Jan 25, 2018",GMFIL,BUY,240,151.0,36240.0,326632.0,342364.0,662666.0,0.0,0.00%,Price dropped 12% below SMA; dip buying opportunity detected.
"Jan 29, 2018",ADBL,SELL,67,340.0,22780.0,349412.0,313085.0,655752.0,-6499.0,-22.20%,Stop-loss activated after 15% downside protection threshold.
"Feb 04, 2018",ADBL,BUY,99,350.0,34650.0,314762.0,347735.0,654350.0,0.0,0.00%,Price dropped 12% below SMA; dip buying opportunity detected.
"Feb 05, 2018",BPCL,BUY,56,558.0,31248.0,283514.0,378983.0,650688.0,0.0,0.00%,Price dropped 12% below SMA; dip buying opportunity detected.
"Feb 18, 2018",SANIMA,BUY,76,369.0,28044.0,255470.0,407027.0,661017.0,0.0,0.00%,20-Day SMA crossed above 50-Day SMA indicating bullish momentum.
"Feb 22, 2018",GBIME,BUY,79,321.0,25359.0,230111.0,432386.0,651385.0,0.0,0.00%,20-Day SMA crossed above 50-Day SMA indicating bullish momentum.
"Feb 25, 2018",NMB,BUY,50,460.0,23000.0,207111.0,455386.0,650240.0,0.0,0.00%,20-Day SMA crossed above 50-Day SMA indicating bullish momentum.
"Mar 04, 2018",ICFC,SELL,192,192.0,36864.0,243975.0,410458.0,629044.0,-8064.0,-17.95%,Stop-loss activated after 15% downside protection threshold.
"Mar 04, 2018",PROFL,BUY,134,181.0,24254.0,219721.0,434712.0,629044.0,0.0,0.00%,Price dropped 12% below SMA; dip buying opportunity detected.
"Mar 05, 2018",ALICL,SELL,38,731.0,27778.0,247499.0,400854.0,625503.0,-6080.0,-17.96%,Stop-loss activated after 15% downside protection threshold.
"Mar 07, 2018",NMB,SELL,50,441.0,22050.0,269549.0,377854.0,627111.0,-950.0,-4.13%,20-Day SMA crossed below 50-Day SMA indicating bearish momentum.
"Mar 11, 2018",ALICL,BUY,38,707.0,26866.0,242683.0,404720.0,622606.0,0.0,0.00%,Price dropped 12% below SMA; dip buying opportunity detected.
"Mar 12, 2018",CFCL,SELL,194,123.0,23862.0,266545.0,376590.0,621264.0,-4268.0,-15.17%,Stop-loss activated after 15% downside protection threshold.
"Mar 18, 2018",GBIME,SELL,79,313.0,24727.0,291272.0,351231.0,626164.0,-632.0,-2.49%,20-Day SMA crossed below 50-Day SMA indicating bearish momentum.
"Mar 21, 2018",PROFL,SELL,134,150.0,20100.0,311372.0,326977.0,609582.0,-4154.0,-17.13%,Stop-loss activated after 15% downside protection threshold.
"Mar 21, 2018",SBI,SELL,49,530.0,25970.0,337342.0,296254.0,609582.0,-4753.0,-15.47%,Stop-loss activated after 15% downside protection threshold.
"Mar 22, 2018",BPCL,SELL,56,464.0,25984.0,363326.0,265006.0,608483.0,-5264.0,-16.85%,Stop-loss activated after 15% downside protection threshold.
"Mar 26, 2018",AHPC,BUY,242,150.0,36300.0,327026.0,301306.0,599556.0,0.0,0.00%,Price dropped 12% below SMA; dip buying opportunity detected.
"Mar 26, 2018",ALICL,SELL,38,570.0,21660.0,348686.0,274440.0,599556.0,-5206.0,-19.38%,Stop-loss activated after 15% downside protection threshold.
"Mar 26, 2018",BPCL,BUY,79,436.0,34444.0,314242.0,308884.0,599556.0,0.0,0.00%,Price dropped 12% below SMA; dip buying opportunity detected.
"Mar 26, 2018",CHCL,BUY,46,680.0,31280.0,282962.0,340164.0,599556.0,0.0,0.00%,Price dropped 12% below SMA; dip buying opportunity detected.
"Mar 26, 2018",CIT,BUY,10,2617.0,26170.0,256792.0,366334.0,599556.0,0.0,0.00%,Price dropped 12% below SMA; dip buying opportunity detected.
"Mar 26, 2018",EBL,SELL,28,665.0,18620.0,275412.0,343990.0,599556.0,-3724.0,-16.67%,Stop-loss activated after 15% downside protection threshold.
"Mar 26, 2018",LICN,BUY,18,1480.0,26640.0,248772.0,370630.0,599556.0,0.0,0.00%,Price dropped 12% below SMA; dip buying opportunity detected.
"Mar 26, 2018",NHPC,BUY,285,87.0,24795.0,223977.0,395425.0,599556.0,0.0,0.00%,Price dropped 12% below SMA; dip buying opportunity detected.
"Mar 27, 2018",PROFL,BUY,146,153.0,22338.0,201639.0,417763.0,613816.0,0.0,0.00%,Price dropped 12% below SMA; dip buying opportunity detected.
"Apr 01, 2018",ALICL,BUY,34,580.0,19720.0,181919.0,437483.0,613416.0,0.0,0.00%,Price dropped 12% below SMA; dip buying opportunity detected.
"Apr 01, 2018",SANIMA,SELL,76,342.0,25992.0,207911.0,409439.0,613416.0,-2052.0,-7.32%,20-Day SMA crossed below 50-Day SMA indicating bearish momentum.
"Apr 02, 2018",JFL,SELL,219,147.0,32193.0,240104.0,371114.0,605329.0,-6132.0,-16.00%,Stop-loss activated after 15% downside protection threshold.
"Apr 05, 2018",GFCL,BUY,180,133.0,23940.0,216164.0,395054.0,617680.0,0.0,0.00%,Strong upward trend confirmed (5-day return: 10.83%).
"Apr 08, 2018",EBL,BUY,26,807.0,20982.0,195182.0,416036.0,632330.0,0.0,0.00%,Strong upward trend confirmed (5-day return: 11.00%).
"Apr 09, 2018",JFL,BUY,114,170.0,19380.0,175802.0,435416.0,625701.0,0.0,0.00%,Strong upward trend confirmed (5-day return: 13.33%).
"Apr 10, 2018",CORBL,SELL,15,117.0,1755.0,177557.0,433856.0,618995.0,195.0,12.50%,20-Day SMA crossed below 50-Day SMA indicating bearish momentum.
"Apr 18, 2018",JBBL,BUY,110,160.0,17600.0,159957.0,451456.0,654417.0,0.0,0.00%,Strong upward trend confirmed (5-day return: 11.89%).
"Apr 18, 2018",MBL,BUY,62,255.0,15810.0,144147.0,467266.0,654417.0,0.0,0.00%,Strong upward trend confirmed (5-day return: 10.87%).
"Apr 22, 2018",ALICL,SELL,34,914.0,31076.0,175223.0,447546.0,684277.0,11356.0,57.59%,Take Profit Triggered: +57.59% gain achieved.
"Apr 22, 2018",CFCL,BUY,130,134.0,17420.0,157803.0,464966.0,684277.0,0.0,0.00%,Strong upward trend confirmed (5-day return: 11.67%).
"Apr 22, 2018",CZBIL,BUY,53,294.0,15582.0,142221.0,480548.0,684277.0,0.0,0.00%,Strong upward trend confirmed (5-day return: 12.21%).
"Apr 22, 2018",EDBL,BUY,37,379.0,14023.0,128198.0,494571.0,684277.0,0.0,0.00%,Strong upward trend confirmed (5-day return: 11.80%).
"Apr 22, 2018",ICFC,BUY,59,215.0,12685.0,115513.0,507256.0,684277.0,0.0,0.00%,Strong upward trend confirmed (5-day return: 13.76%).
"Apr 22, 2018",KBL,BUY,40,287.0,11480.0,104033.0,518736.0,684277.0,0.0,0.00%,Strong upward trend confirmed (5-day return: 13.44%).
"Apr 22, 2018",NMB,BUY,21,486.0,10206.0,93827.0,528942.0,684277.0,0.0,0.00%,Strong upward trend confirmed (5-day return: 10.45%).
"Apr 22, 2018",SANIMA,BUY,24,381.0,9144.0,84683.0,538086.0,684277.0,0.0,0.00%,20-Day SMA crossed above 50-Day SMA indicating bullish momentum.
"Apr 22, 2018",SBI,BUY,13,615.0,7995.0,76688.0,546081.0,684277.0,0.0,0.00%,Strong upward trend confirmed (5-day return: 12.02%).
"Apr 26, 2018",ALICL,BUY,9,831.0,7479.0,69209.0,553560.0,640746.0,0.0,0.00%,20-Day SMA crossed above 50-Day SMA indicating bullish momentum.
"Apr 29, 2018",GBIME,BUY,21,317.0,6657.0,62552.0,560217.0,640720.0,0.0,0.00%,20-Day SMA crossed above 50-Day SMA indicating bullish momentum.
"May 08, 2018",NABIL,BUY,6,1010.0,6060.0,56492.0,566277.0,641558.0,0.0,0.00%,20-Day SMA crossed above 50-Day SMA indicating bullish momentum.
"May 14, 2018",KBL,SELL,40,241.0,9640.0,66132.0,554797.0,628194.0,-1840.0,-16.03%,Stop-loss activated after 15% downside protection threshold.
"May 21, 2018",NHPC,SELL,285,90.0,25650.0,91782.0,530002.0,627709.0,855.0,3.45%,20-Day SMA crossed below 50-Day SMA indicating bearish momentum.
"May 27, 2018",SANIMA,SELL,24,344.0,8256.0,100038.0,520858.0,614432.0,-888.0,-9.71%,20-Day SMA crossed below 50-Day SMA indicating bearish momentum.
"May 27, 2018",SBI,SELL,13,520.0,6760.0,106798.0,512863.0,614432.0,-1235.0,-15.45%,Stop-loss activated after 15% downside protection threshold.
"May 28, 2018",EBL,SELL,26,731.0,19006.0,125804.0,491881.0,626774.0,-1976.0,-9.42%,20-Day SMA crossed below 50-Day SMA indicating bearish momentum.
"May 28, 2018",ICFC,SELL,59,189.0,11151.0,136955.0,479196.0,626774.0,-1534.0,-12.09%,20-Day SMA crossed below 50-Day SMA indicating bearish momentum.
"May 29, 2018",CFCL,SELL,130,120.0,15600.0,152555.0,461776.0,625993.0,-1820.0,-10.45%,20-Day SMA crossed below 50-Day SMA indicating bearish momentum.
"May 29, 2018",GFCL,SELL,180,127.0,22860.0,175415.0,437836.0,625993.0,-1080.0,-4.51%,20-Day SMA crossed below 50-Day SMA indicating bearish momentum.
"May 30, 2018",HBL,SELL,35,603.0,21105.0,196520.0,415121.0,625963.0,-1610.0,-7.09%,20-Day SMA crossed below 50-Day SMA indicating bearish momentum.
"May 30, 2018",MBL,SELL,62,231.0,14322.0,210842.0,399311.0,625963.0,-1488.0,-9.41%,20-Day SMA crossed below 50-Day SMA indicating bearish momentum.
"May 31, 2018",GBIME,SELL,21,303.0,6363.0,217205.0,392654.0,623967.0,-294.0,-4.42%,20-Day SMA crossed below 50-Day SMA indicating bearish momentum.
"May 31, 2018",NMB,SELL,21,405.0,8505.0,225710.0,382448.0,623967.0,-1701.0,-16.67%,Stop-loss activated after 15% downside protection threshold.
"Jun 03, 2018",AHPC,SELL,242,160.0,38720.0,264430.0,346148.0,613389.0,2420.0,6.67%,20-Day SMA crossed below 50-Day SMA indicating bearish momentum.
"Jun 03, 2018",EDBL,SELL,37,331.0,12247.0,276677.0,332125.0,613389.0,-1776.0,-12.66%,20-Day SMA crossed below 50-Day SMA indicating bearish momentum.
"Jun 03, 2018",JBBL,SELL,110,140.0,15400.0,292077.0,314525.0,613389.0,-2200.0,-12.50%,20-Day SMA crossed below 50-Day SMA indicating bearish momentum.
"Jun 04, 2018",CZBIL,SELL,53,250.0,13250.0,305327.0,298943.0,607550.0,-2332.0,-14.97%,20-Day SMA crossed below 50-Day SMA indicating bearish momentum.
"Jun 06, 2018",BPCL,SELL,79,459.0,36261.0,341588.0,264499.0,615449.0,1817.0,5.28%,20-Day SMA crossed below 50-Day SMA indicating bearish momentum.
"Jun 07, 2018",NABIL,SELL,6,975.0,5850.0,347438.0,258439.0,606559.0,-210.0,-3.47%,20-Day SMA crossed below 50-Day SMA indicating bearish momentum.
"Jun 07, 2018",NMB,BUY,91,380.0,34580.0,312858.0,293019.0,606559.0,0.0,0.00%,Price dropped 12% below SMA; dip buying opportunity detected.
"Jun 10, 2018",ADBL,SELL,99,317.0,31383.0,344241.0,258369.0,598780.0,-3267.0,-9.43%,20-Day SMA crossed below 50-Day SMA indicating bearish momentum.
"Jun 10, 2018",ALICL,SELL,9,679.0,6111.0,350352.0,250890.0,598780.0,-1368.0,-18.29%,Stop-loss activated after 15% downside protection threshold.
"Jun 10, 2018",GBBL,SELL,133,178.0,23674.0,374026.0,225753.0,598780.0,-1463.0,-5.82%,20-Day SMA crossed below 50-Day SMA indicating bearish momentum.
"Jun 13, 2018",PCBL,SELL,71,294.0,20874.0,394900.0,203033.0,599613.0,-1846.0,-8.12%,20-Day SMA crossed below 50-Day SMA indicating bearish momentum.
"Jun 14, 2018",CHCL,SELL,46,775.0,35650.0,430550.0,171753.0,605359.0,4370.0,13.97%,20-Day SMA crossed below 50-Day SMA indicating bearish momentum.
"Jun 17, 2018",JFL,SELL,114,167.0,19038.0,449588.0,152373.0,599216.0,-342.0,-1.76%,20-Day SMA crossed below 50-Day SMA indicating bearish momentum.
"Jun 18, 2018",PROFL,SELL,146,156.0,22776.0,472364.0,130035.0,602356.0,438.0,1.96%,20-Day SMA crossed below 50-Day SMA indicating bearish momentum.
"Jun 20, 2018",CIT,SELL,10,2480.0,24800.0,497164.0,103865.0,600730.0,-1370.0,-5.24%,20-Day SMA crossed below 50-Day SMA indicating bearish momentum.
"Jun 20, 2018",LICN,SELL,18,1610.0,28980.0,526144.0,77225.0,600730.0,2340.0,8.78%,20-Day SMA crossed below 50-Day SMA indicating bearish momentum.
"Jun 26, 2018",GMFIL,SELL,240,125.0,30000.0,556144.0,40985.0,594035.0,-6240.0,-17.22%,Stop-loss activated after 15% downside protection threshold.
"Jul 18, 2018",NHPC,BUY,561,89.0,49929.0,506215.0,90914.0,595127.0,0.0,0.00%,Strong upward trend confirmed (5-day return: 14.10%).
"Jul 26, 2018",JFL,BUY,279,179.0,49941.0,456274.0,140855.0,589714.0,0.0,0.00%,Strong upward trend confirmed (5-day return: 11.87%).
"Jul 26, 2018",PROFL,BUY,365,125.0,45625.0,410649.0,186480.0,589714.0,0.0,0.00%,Price dropped 12% below SMA; dip buying opportunity detected.
"Jul 31, 2018",JBBL,BUY,291,141.0,41031.0,369618.0,227511.0,593489.0,0.0,0.00%,20-Day SMA crossed above 50-Day SMA indicating bullish momentum.
"Aug 02, 2018",NMB,SELL,91,318.0,28938.0,398556.0,192931.0,585459.0,-5642.0,-16.32%,Stop-loss activated after 15% downside protection threshold.
"Aug 08, 2018",ADBL,BUY,122,325.0,39650.0,358906.0,232581.0,578627.0,0.0,0.00%,20-Day SMA crossed above 50-Day SMA indicating bullish momentum.
"Aug 08, 2018",GBBL,BUY,196,183.0,35868.0,323038.0,268449.0,578627.0,0.0,0.00%,20-Day SMA crossed above 50-Day SMA indicating bullish momentum.
"Aug 08, 2018",PROFL,SELL,365,103.0,37595.0,360633.0,222824.0,578627.0,-8030.0,-17.60%,Stop-loss activated after 15% downside protection threshold.
"Aug 12, 2018",PROFL,BUY,357,101.0,36057.0,324576.0,258881.0,576138.0,0.0,0.00%,Price dropped 12% below SMA; dip buying opportunity detected.
"Aug 14, 2018",GFCL,BUY,255,127.0,32385.0,292191.0,291266.0,580316.0,0.0,0.00%,20-Day SMA crossed above 50-Day SMA indicating bullish momentum.
"Aug 14, 2018",HBL,BUY,52,555.0,28860.0,263331.0,320126.0,580316.0,0.0,0.00%,20-Day SMA crossed above 50-Day SMA indicating bullish momentum.
"Aug 16, 2018",GBIME,BUY,87,300.0,26100.0,237231.0,346226.0,588784.0,0.0,0.00%,20-Day SMA crossed above 50-Day SMA indicating bullish momentum.
"Aug 16, 2018",SBI,BUY,46,505.0,23230.0,214001.0,369456.0,588784.0,0.0,0.00%,20-Day SMA crossed above 50-Day SMA indicating bullish momentum.
"Aug 19, 2018",PCBL,BUY,72,294.0,21168.0,192833.0,390624.0,584174.0,0.0,0.00%,20-Day SMA crossed above 50-Day SMA indicating bullish momentum.
"Aug 20, 2018",LICN,BUY,12,1584.0,19008.0,173825.0,409632.0,583476.0,0.0,0.00%,20-Day SMA crossed above 50-Day SMA indicating bullish momentum.
"Aug 22, 2018",CFCL,BUY,148,117.0,17316.0,156509.0,426948.0,581407.0,0.0,0.00%,20-Day SMA crossed above 50-Day SMA indicating bullish momentum.
"Aug 26, 2018",NABIL,BUY,16,945.0,15120.0,141389.0,442068.0,579575.0,0.0,0.00%,20-Day SMA crossed above 50-Day SMA indicating bullish momentum.
"Aug 29, 2018",SBI,SELL,46,497.0,22862.0,164251.0,418838.0,571936.0,-368.0,-1.58%,20-Day SMA crossed below 50-Day SMA indicating bearish momentum.
"Aug 30, 2018",KBL,BUY,80,204.0,16320.0,147931.0,435158.0,575498.0,0.0,0.00%,20-Day SMA crossed above 50-Day SMA indicating bullish momentum.
"Sep 02, 2018",CZBIL,BUY,62,236.0,14632.0,133299.0,449790.0,585356.0,0.0,0.00%,20-Day SMA crossed above 50-Day SMA indicating bullish momentum.
"Sep 02, 2018",HBL,SELL,52,536.0,27872.0,161171.0,420930.0,585356.0,-988.0,-3.42%,20-Day SMA crossed below 50-Day SMA indicating bearish momentum.
"Sep 05, 2018",ICFC,BUY,92,175.0,16100.0,145071.0,437030.0,598795.0,0.0,0.00%,Strong upward trend confirmed (5-day return: 12.90%).
"Sep 10, 2018",SANIMA,BUY,44,326.0,14344.0,130727.0,451374.0,595155.0,0.0,0.00%,20-Day SMA crossed above 50-Day SMA indicating bullish momentum.
"Sep 11, 2018",BPCL,BUY,28,453.0,12684.0,118043.0,464058.0,600016.0,0.0,0.00%,20-Day SMA crossed above 50-Day SMA indicating bullish momentum.
"Sep 11, 2018",MBL,BUY,55,213.0,11715.0,106328.0,475773.0,600016.0,0.0,0.00%,20-Day SMA crossed above 50-Day SMA indicating bullish momentum.
"Sep 23, 2018",SBI,BUY,21,500.0,10500.0,95828.0,486273.0,611785.0,0.0,0.00%,20-Day SMA crossed above 50-Day SMA indicating bullish momentum.
"Sep 25, 2018",NMB,BUY,25,377.0,9425.0,86403.0,495698.0,622649.0,0.0,0.00%,20-Day SMA crossed above 50-Day SMA indicating bullish momentum.
"Sep 27, 2018",HBL,BUY,15,558.0,8370.0,78033.0,504068.0,620287.0,0.0,0.00%,20-Day SMA crossed above 50-Day SMA indicating bullish momentum.
"Oct 08, 2018",HBL,SELL,15,527.0,7905.0,85938.0,495698.0,579893.0,-465.0,-5.56%,20-Day SMA crossed below 50-Day SMA indicating bearish momentum.
"Oct 08, 2018",SBI,SELL,21,485.0,10185.0,96123.0,485198.0,579893.0,-315.0,-3.00%,20-Day SMA crossed below 50-Day SMA indicating bearish momentum.
"Oct 09, 2018",ICFC,SELL,92,153.0,14076.0,110199.0,469098.0,578324.0,-2024.0,-12.57%,20-Day SMA crossed below 50-Day SMA indicating bearish momentum.
"Oct 09, 2018",LICN,SELL,12,1519.0,18228.0,128427.0,450090.0,578324.0,-780.0,-4.10%,20-Day SMA crossed below 50-Day SMA indicating bearish momentum.
"Oct 14, 2018",GBBL,SELL,196,179.0,35084.0,163511.0,414222.0,588542.0,-784.0,-2.19%,20-Day SMA crossed below 50-Day SMA indicating bearish momentum.
"Oct 22, 2018",JFL,SELL,279,170.0,47430.0,210941.0,364281.0,586480.0,-2511.0,-5.03%,20-Day SMA crossed below 50-Day SMA indicating bearish momentum.
"Oct 24, 2018",JBBL,SELL,291,138.0,40158.0,251099.0,323250.0,586931.0,-873.0,-2.13%,20-Day SMA crossed below 50-Day SMA indicating bearish momentum.
"Oct 24, 2018",NABIL,SELL,16,962.0,15392.0,266491.0,308130.0,586931.0,272.0,1.80%,20-Day SMA crossed below 50-Day SMA indicating bearish momentum.
"Nov 01, 2018",CZBIL,SELL,62,241.0,14942.0,281433.0,293498.0,579273.0,310.0,2.12%,20-Day SMA crossed below 50-Day SMA indicating bearish momentum.
"Nov 01, 2018",NHPC,SELL,561,78.0,43758.0,325191.0,243569.0,579273.0,-6171.0,-12.36%,20-Day SMA crossed below 50-Day SMA indicating bearish momentum.
"Nov 12, 2018",SANIMA,SELL,44,320.0,14080.0,339271.0,229225.0,577532.0,-264.0,-1.84%,20-Day SMA crossed below 50-Day SMA indicating bearish momentum.
"Nov 15, 2018",MBL,SELL,55,220.0,12100.0,351371.0,217510.0,577539.0,385.0,3.29%,20-Day SMA crossed below 50-Day SMA indicating bearish momentum.
"Nov 18, 2018",ADBL,SELL,122,345.0,42090.0,393461.0,177860.0,575457.0,2440.0,6.15%,20-Day SMA crossed below 50-Day SMA indicating bearish momentum.
"Nov 19, 2018",CFCL,SELL,148,115.0,17020.0,410481.0,160544.0,577335.0,-296.0,-1.71%,20-Day SMA crossed below 50-Day SMA indicating bearish momentum.
"Nov 20, 2018",BPCL,SELL,28,444.0,12432.0,422913.0,147860.0,577210.0,-252.0,-1.99%,20-Day SMA crossed below 50-Day SMA indicating bearish momentum.
"Nov 20, 2018",GBIME,SELL,87,313.0,27231.0,450144.0,121760.0,577210.0,1131.0,4.33%,20-Day SMA crossed below 50-Day SMA indicating bearish momentum.
"Nov 20, 2018",NMB,SELL,25,342.0,8550.0,458694.0,112335.0,577210.0,-875.0,-9.28%,20-Day SMA crossed below 50-Day SMA indicating bearish momentum.
"Nov 25, 2018",PCBL,SELL,72,321.0,23112.0,481806.0,91167.0,574198.0,1944.0,9.18%,20-Day SMA crossed below 50-Day SMA indicating bearish momentum.
"Nov 27, 2018",GFCL,SELL,255,118.0,30090.0,511896.0,58782.0,576974.0,-2295.0,-7.09%,20-Day SMA crossed below 50-Day SMA indicating bearish momentum.
"Dec 02, 2018",ALICL,BUY,105,474.0,49770.0,462126.0,108552.0,573798.0,0.0,0.00%,Price dropped 12% below SMA; dip buying opportunity detected.
"Dec 02, 2018",CIT,BUY,26,1760.0,45760.0,416366.0,154312.0,573798.0,0.0,0.00%,Price dropped 12% below SMA; dip buying opportunity detected.
"Dec 02, 2018",KBL,SELL,80,243.0,19440.0,435806.0,137992.0,573798.0,3120.0,19.12%,20-Day SMA crossed below 50-Day SMA indicating bearish momentum.
"Dec 11, 2018",GMFIL,BUY,340,128.0,43520.0,392286.0,181512.0,572874.0,0.0,0.00%,Strong upward trend confirmed (5-day return: 10.34%).
"Dec 12, 2018",NMB,BUY,108,363.0,39204.0,353082.0,220716.0,574776.0,0.0,0.00%,20-Day SMA crossed above 50-Day SMA indicating bullish momentum.
"Dec 16, 2018",HBL,BUY,66,528.0,34848.0,318234.0,255564.0,574896.0,0.0,0.00%,Strong upward trend confirmed (5-day return: 10.00%).
"Dec 17, 2018",LICN,BUY,19,1610.0,30590.0,287644.0,286154.0,579316.0,0.0,0.00%,Strong upward trend confirmed (5-day return: 12.20%).
"Dec 23, 2018",GBBL,BUY,141,203.0,28623.0,259021.0,314777.0,587562.0,0.0,0.00%,Strong upward trend confirmed (5-day return: 14.69%).
"Dec 25, 2018",GBIME,BUY,80,321.0,25680.0,233341.0,340457.0,585261.0,0.0,0.00%,20-Day SMA crossed above 50-Day SMA indicating bullish momentum.
"Dec 26, 2018",ICFC,BUY,149,156.0,23244.0,210097.0,363701.0,600216.0,0.0,0.00%,20-Day SMA crossed above 50-Day SMA indicating bullish momentum.
"Dec 27, 2018",JFL,BUY,119,176.0,20944.0,189153.0,384645.0,598479.0,0.0,0.00%,20-Day SMA crossed above 50-Day SMA indicating bullish momentum.
"Jan 01, 2019",GBIME,SELL,80,272.0,21760.0,210913.0,358965.0,584913.0,-3920.0,-15.26%,Stop-loss activated after 15% downside protection threshold.
"Jan 01, 2019",PCBL,BUY,63,334.0,21042.0,189871.0,380007.0,584913.0,0.0,0.00%,20-Day SMA crossed above 50-Day SMA indicating bullish momentum.
"Jan 02, 2019",ADBL,BUY,55,345.0,18975.0,170896.0,398982.0,582440.0,0.0,0.00%,20-Day SMA crossed above 50-Day SMA indicating bullish momentum.
"Jan 03, 2019",CHCL,BUY,30,555.0,16650.0,154246.0,415632.0,583941.0,0.0,0.00%,Price dropped 12% below SMA; dip buying opportunity detected.
"Jan 08, 2019",JBBL,BUY,111,138.0,15318.0,138928.0,430950.0,587582.0,0.0,0.00%,20-Day SMA crossed above 50-Day SMA indicating bullish momentum.
"Jan 08, 2019",NMB,SELL,108,326.0,35208.0,174136.0,391746.0,587582.0,-3996.0,-10.19%,20-Day SMA crossed below 50-Day SMA indicating bearish momentum.
"Jan 10, 2019",KBL,BUY,68,253.0,17204.0,156932.0,408950.0,589704.0,0.0,0.00%,20-Day SMA crossed above 50-Day SMA indicating bullish momentum.
"Jan 14, 2019",EDBL,BUY,57,273.0,15561.0,141371.0,424511.0,596239.0,0.0,0.00%,20-Day SMA crossed above 50-Day SMA indicating bullish momentum.
"Jan 15, 2019",CIT,SELL,26,2874.0,74724.0,216095.0,378751.0,608086.0,28964.0,63.30%,Take Profit Triggered: +63.30% gain achieved.
"Jan 20, 2019",HBL,SELL,66,448.0,29568.0,245663.0,343903.0,603240.0,-5280.0,-15.15%,Stop-loss activated after 15% downside protection threshold.
"Jan 23, 2019",ICFC,SELL,149,155.0,23095.0,268758.0,320659.0,603761.0,-149.0,-0.64%,20-Day SMA crossed below 50-Day SMA indicating bearish momentum.
"Feb 04, 2019",PCBL,SELL,63,316.0,19908.0,288666.0,299617.0,597483.0,-1134.0,-5.39%,20-Day SMA crossed below 50-Day SMA indicating bearish momentum.
"Feb 05, 2019",ADBL,SELL,55,338.0,18590.0,307256.0,280642.0,598158.0,-385.0,-2.03%,20-Day SMA crossed below 50-Day SMA indicating bearish momentum.
"Feb 05, 2019",JFL,SELL,119,169.0,20111.0,327367.0,259698.0,598158.0,-833.0,-3.98%,20-Day SMA crossed below 50-Day SMA indicating bearish momentum.
"Feb 07, 2019",CFCL,BUY,289,113.0,32657.0,294710.0,292355.0,597076.0,0.0,0.00%,20-Day SMA crossed above 50-Day SMA indicating bullish momentum.
"Feb 07, 2019",KBL,SELL,68,238.0,16184.0,310894.0,275151.0,597076.0,-1020.0,-5.93%,20-Day SMA crossed below 50-Day SMA indicating bearish momentum.
"Feb 12, 2019",GBBL,SELL,141,182.0,25662.0,336556.0,246528.0,593689.0,-2961.0,-10.34%,20-Day SMA crossed below 50-Day SMA indicating bearish momentum.
"Feb 19, 2019",CFCL,SELL,289,112.0,32368.0,368924.0,213871.0,596097.0,-289.0,-0.88%,20-Day SMA crossed below 50-Day SMA indicating bearish momentum.
"Feb 20, 2019",ALICL,SELL,105,572.0,60060.0,428984.0,164101.0,592302.0,10290.0,20.68%,20-Day SMA crossed below 50-Day SMA indicating bearish momentum.
"Feb 24, 2019",JBBL,SELL,111,134.0,14874.0,443858.0,148783.0,591534.0,-444.0,-2.90%,20-Day SMA crossed below 50-Day SMA indicating bearish momentum.
"Feb 24, 2019",LICN,SELL,19,1595.0,30305.0,474163.0,118193.0,591534.0,-285.0,-0.93%,20-Day SMA crossed below 50-Day SMA indicating bearish momentum.
"Feb 26, 2019",NABIL,BUY,69,687.0,47403.0,426760.0,165596.0,591420.0,0.0,0.00%,Price dropped 12% below SMA; dip buying opportunity detected.
"Mar 05, 2019",LICN,BUY,29,1425.0,41325.0,385435.0,206921.0,590859.0,0.0,0.00%,Price dropped 12% below SMA; dip buying opportunity detected.
"Mar 06, 2019",ALICL,BUY,99,388.0,38412.0,347023.0,245333.0,591556.0,0.0,0.00%,Price dropped 12% below SMA; dip buying opportunity detected.
"Mar 11, 2019",MBL,BUY,159,217.0,34503.0,312520.0,279836.0,594758.0,0.0,0.00%,20-Day SMA crossed above 50-Day SMA indicating bullish momentum.
"Mar 11, 2019",NHPC,BUY,452,69.0,31188.0,281332.0,311024.0,594758.0,0.0,0.00%,Strong upward trend confirmed (5-day return: 11.29%).
"Mar 12, 2019",AHPC,BUY,260,108.0,28080.0,253252.0,339104.0,601300.0,0.0,0.00%,Strong upward trend confirmed (5-day return: 11.34%).
"Mar 12, 2019",CORBL,BUY,255,99.0,25245.0,228007.0,364349.0,601300.0,0.0,0.00%,Strong upward trend confirmed (5-day return: 10.00%).
"Mar 21, 2019",EBL,BUY,41,552.0,22632.0,205375.0,386981.0,596518.0,0.0,0.00%,20-Day SMA crossed above 50-Day SMA indicating bullish momentum.
"Mar 25, 2019",GBBL,BUY,108,190.0,20520.0,184855.0,407501.0,594849.0,0.0,0.00%,20-Day SMA crossed above 50-Day SMA indicating bullish momentum.
"Mar 25, 2019",HBL,BUY,40,459.0,18360.0,166495.0,425861.0,594849.0,0.0,0.00%,20-Day SMA crossed above 50-Day SMA indicating bullish momentum.
"Mar 26, 2019",NMB,BUY,51,325.0,16575.0,149920.0,442436.0,595519.0,0.0,0.00%,20-Day SMA crossed above 50-Day SMA indicating bullish momentum.
"Mar 26, 2019",SBI,BUY,38,391.0,14858.0,135062.0,457294.0,595519.0,0.0,0.00%,20-Day SMA crossed above 50-Day SMA indicating bullish momentum.
"Mar 31, 2019",CZBIL,BUY,64,209.0,13376.0,121686.0,470670.0,595736.0,0.0,0.00%,20-Day SMA crossed above 50-Day SMA indicating bullish momentum.
"Mar 31, 2019",GBIME,BUY,46,261.0,12006.0,109680.0,482676.0,595736.0,0.0,0.00%,20-Day SMA crossed above 50-Day SMA indicating bullish momentum.
"Mar 31, 2019",SANIMA,BUY,36,302.0,10872.0,98808.0,493548.0,595736.0,0.0,0.00%,20-Day SMA crossed above 50-Day SMA indicating bullish momentum.
"Apr 01, 2019",BPCL,BUY,27,362.0,9774.0,89034.0,503322.0,601427.0,0.0,0.00%,20-Day SMA crossed above 50-Day SMA indicating bullish momentum.
"Apr 02, 2019",JBBL,BUY,65,136.0,8840.0,80194.0,512162.0,611518.0,0.0,0.00%,20-Day SMA crossed above 50-Day SMA indicating bullish momentum.
"Apr 02, 2019",PCBL,BUY,24,325.0,7800.0,72394.0,519962.0,611518.0,0.0,0.00%,20-Day SMA crossed above 50-Day SMA indicating bullish momentum.
"Apr 04, 2019",JFL,BUY,41,174.0,7134.0,65260.0,527096.0,604521.0,0.0,0.00%,20-Day SMA crossed above 50-Day SMA indicating bullish momentum.
"Apr 04, 2019",KBL,BUY,27,241.0,6507.0,58753.0,533603.0,604521.0,0.0,0.00%,20-Day SMA crossed above 50-Day SMA indicating bullish momentum.
"Apr 07, 2019",ICFC,BUY,37,157.0,5809.0,52944.0,539412.0,610600.0,0.0,0.00%,20-Day SMA crossed above 50-Day SMA indicating bullish momentum.
"Apr 09, 2019",GFCL,BUY,43,121.0,5203.0,47741.0,544615.0,611411.0,0.0,0.00%,20-Day SMA crossed above 50-Day SMA indicating bullish momentum.
"Apr 18, 2019",ADBL,BUY,13,350.0,4550.0,43191.0,549165.0,631670.0,0.0,0.00%,Strong upward trend confirmed (5-day return: 12.18%).
"Apr 28, 2019",CFCL,BUY,38,113.0,4294.0,38897.0,553459.0,661558.0,0.0,0.00%,20-Day SMA crossed above 50-Day SMA indicating bullish momentum.
"May 12, 2019",KBL,SELL,27,221.0,5967.0,44864.0,546952.0,650923.0,-540.0,-8.30%,20-Day SMA crossed below 50-Day SMA indicating bearish momentum.
"May 13, 2019",NHPC,SELL,452,70.0,31640.0,76504.0,515764.0,657906.0,452.0,1.45%,20-Day SMA crossed below 50-Day SMA indicating bearish momentum.
"Jun 06, 2019",PCBL,SELL,24,300.0,7200.0,83704.0,507964.0,655074.0,-600.0,-7.69%,20-Day SMA crossed below 50-Day SMA indicating bearish momentum.
"Jun 12, 2019",ALICL,SELL,99,393.0,38907.0,122611.0,469552.0,647046.0,495.0,1.29%,20-Day SMA crossed below 50-Day SMA indicating bearish momentum.
"Jun 12, 2019",PROFL,SELL,357,114.0,40698.0,163309.0,433495.0,647046.0,4641.0,12.87%,20-Day SMA crossed below 50-Day SMA indicating bearish momentum.
"Jun 17, 2019",CZBIL,SELL,64,221.0,14144.0,177453.0,420119.0,649321.0,768.0,5.74%,20-Day SMA crossed below 50-Day SMA indicating bearish momentum.
"Jun 19, 2019",GMFIL,SELL,340,123.0,41820.0,219273.0,376599.0,639956.0,-1700.0,-3.91%,20-Day SMA crossed below 50-Day SMA indicating bearish momentum.
"Jun 19, 2019",SBI,SELL,38,461.0,17518.0,236791.0,361741.0,639956.0,2660.0,17.90%,20-Day SMA crossed below 50-Day SMA indicating bearish momentum.
"Jun 20, 2019",CHCL,SELL,30,511.0,15330.0,252121.0,345091.0,645464.0,-1320.0,-7.93%,20-Day SMA crossed below 50-Day SMA indicating bearish momentum.
"Jun 20, 2019",LICN,SELL,29,1606.0,46574.0,298695.0,303766.0,645464.0,5249.0,12.70%,20-Day SMA crossed below 50-Day SMA indicating bearish momentum.
"Jun 23, 2019",GBIME,SELL,46,300.0,13800.0,312495.0,291760.0,644568.0,1794.0,14.94%,20-Day SMA crossed below 50-Day SMA indicating bearish momentum.
"Jun 23, 2019",NABIL,SELL,69,805.0,55545.0,368040.0,244357.0,644568.0,8142.0,17.18%,20-Day SMA crossed below 50-Day SMA indicating bearish momentum.
"Jun 24, 2019",HBL,SELL,40,555.0,22200.0,390240.0,225997.0,644517.0,3840.0,20.92%,20-Day SMA crossed below 50-Day SMA indicating bearish momentum.
"Jun 25, 2019",SANIMA,SELL,36,350.0,12600.0,402840.0,215125.0,638083.0,1728.0,15.89%,20-Day SMA crossed below 50-Day SMA indicating bearish momentum.
"Jun 26, 2019",EDBL,SELL,57,294.0,16758.0,419598.0,199564.0,644069.0,1197.0,7.69%,20-Day SMA crossed below 50-Day SMA indicating bearish momentum.
"Jun 30, 2019",EBL,SELL,41,653.0,26773.0,446371.0,176932.0,641013.0,4141.0,18.30%,20-Day SMA crossed below 50-Day SMA indicating bearish momentum.
"Jun 30, 2019",MBL,SELL,159,264.0,41976.0,488347.0,142429.0,641013.0,7473.0,21.66%,20-Day SMA crossed below 50-Day SMA indicating bearish momentum.
"Jul 02, 2019",AHPC,SELL,260,106.0,27560.0,515907.0,114349.0,642331.0,-520.0,-1.85%,20-Day SMA crossed below 50-Day SMA indicating bearish momentum.
"Jul 08, 2019",GBBL,SELL,108,221.0,23868.0,539775.0,93829.0,645241.0,3348.0,16.32%,20-Day SMA crossed below 50-Day SMA indicating bearish momentum.
"Jul 08, 2019",ICFC,SELL,37,161.0,5957.0,545732.0,88020.0,645241.0,148.0,2.55%,20-Day SMA crossed below 50-Day SMA indicating bearish momentum.
"Jul 09, 2019",ADBL,SELL,13,405.0,5265.0,550997.0,83470.0,644513.0,715.0,15.71%,20-Day SMA crossed below 50-Day SMA indicating bearish momentum.
"Jul 15, 2019",BPCL,SELL,27,409.0,11043.0,562040.0,73696.0,638567.0,1269.0,12.98%,20-Day SMA crossed below 50-Day SMA indicating bearish momentum.
"Jul 16, 2019",ICFC,BUY,297,168.0,49896.0,512144.0,123592.0,643667.0,0.0,0.00%,20-Day SMA crossed above 50-Day SMA indicating bullish momentum.
"Jul 21, 2019",KBL,BUY,226,221.0,49946.0,462198.0,173538.0,642779.0,0.0,0.00%,20-Day SMA crossed above 50-Day SMA indicating bullish momentum.
"Jul 25, 2019",LICN,BUY,39,1177.0,45903.0,416295.0,219441.0,643280.0,0.0,0.00%,Price dropped 12% below SMA; dip buying opportunity detected.
"Jul 28, 2019",CZBIL,BUY,184,226.0,41584.0,374711.0,261025.0,639435.0,0.0,0.00%,20-Day SMA crossed above 50-Day SMA indicating bullish momentum.
"Jul 28, 2019",ICFC,SELL,297,160.0,47520.0,422231.0,211129.0,639435.0,-2376.0,-4.76%,20-Day SMA crossed below 50-Day SMA indicating bearish momentum.
"Jul 29, 2019",ADBL,BUY,98,427.0,41846.0,380385.0,252975.0,639046.0,0.0,0.00%,20-Day SMA crossed above 50-Day SMA indicating bullish momentum.
"Jul 30, 2019",EBL,BUY,57,662.0,37734.0,342651.0,290709.0,640043.0,0.0,0.00%,20-Day SMA crossed above 50-Day SMA indicating bullish momentum.
"Jul 30, 2019",GBBL,BUY,151,226.0,34126.0,308525.0,324835.0,640043.0,0.0,0.00%,20-Day SMA crossed above 50-Day SMA indicating bullish momentum.
"Jul 31, 2019",PROFL,BUY,280,110.0,30800.0,277725.0,355635.0,640520.0,0.0,0.00%,20-Day SMA crossed above 50-Day SMA indicating bullish momentum.
"Aug 04, 2019",SANIMA,BUY,78,354.0,27612.0,250113.0,383247.0,639574.0,0.0,0.00%,20-Day SMA crossed above 50-Day SMA indicating bullish momentum.
"Aug 05, 2019",GMFIL,BUY,190,131.0,24890.0,225223.0,408137.0,636573.0,0.0,0.00%,20-Day SMA crossed above 50-Day SMA indicating bullish momentum.
"Aug 07, 2019",CORBL,SELL,255,121.0,30855.0,256078.0,382892.0,636898.0,5610.0,22.22%,20-Day SMA crossed below 50-Day SMA indicating bearish momentum.
"Aug 08, 2019",MBL,BUY,98,260.0,25480.0,230598.0,408372.0,635690.0,0.0,0.00%,20-Day SMA crossed above 50-Day SMA indicating bullish momentum.
"Aug 13, 2019",CFCL,SELL,38,115.0,4370.0,234968.0,404078.0,630050.0,76.0,1.77%,20-Day SMA crossed below 50-Day SMA indicating bearish momentum.
"Aug 13, 2019",GBBL,SELL,151,215.0,32465.0,267433.0,369952.0,630050.0,-1661.0,-4.87%,20-Day SMA crossed below 50-Day SMA indicating bearish momentum.
"Aug 13, 2019",PROFL,SELL,280,101.0,28280.0,295713.0,339152.0,630050.0,-2520.0,-8.18%,20-Day SMA crossed below 50-Day SMA indicating bearish momentum.
"Aug 14, 2019",KBL,SELL,226,206.0,46556.0,342269.0,289206.0,627067.0,-3390.0,-6.79%,20-Day SMA crossed below 50-Day SMA indicating bearish momentum.
"Aug 15, 2019",EBL,SELL,57,641.0,36537.0,378806.0,251472.0,627408.0,-1197.0,-3.17%,20-Day SMA crossed below 50-Day SMA indicating bearish momentum.
"Aug 15, 2019",MBL,SELL,98,255.0,24990.0,403796.0,225992.0,627408.0,-490.0,-1.92%,20-Day SMA crossed below 50-Day SMA indicating bearish momentum.
"Aug 20, 2019",CZBIL,SELL,184,216.0,39744.0,443540.0,184408.0,625393.0,-1840.0,-4.42%,20-Day SMA crossed below 50-Day SMA indicating bearish momentum.
"Aug 20, 2019",GMFIL,SELL,190,119.0,22610.0,466150.0,159518.0,625393.0,-2280.0,-9.16%,20-Day SMA crossed below 50-Day SMA indicating bearish momentum.
"Aug 20, 2019",JBBL,SELL,65,156.0,10140.0,476290.0,150678.0,625393.0,1300.0,14.71%,20-Day SMA crossed below 50-Day SMA indicating bearish momentum.
"Aug 28, 2019",SANIMA,SELL,78,348.0,27144.0,503434.0,123066.0,623672.0,-468.0,-1.69%,20-Day SMA crossed below 50-Day SMA indicating bearish momentum.
"Sep 05, 2019",CIT,BUY,26,1916.0,49816.0,453618.0,172882.0,621638.0,0.0,0.00%,Price dropped 12% below SMA; dip buying opportunity detected.
"Sep 10, 2019",JBBL,BUY,283,160.0,45280.0,408338.0,218162.0,619044.0,0.0,0.00%,20-Day SMA crossed above 50-Day SMA indicating bullish momentum.
"Sep 11, 2019",LICN,SELL,39,995.0,38805.0,447143.0,172259.0,618719.0,-7098.0,-15.46%,Stop-loss activated after 15% downside protection threshold.
"Sep 15, 2019",ADBL,SELL,98,413.0,40474.0,487617.0,130413.0,615914.0,-1372.0,-3.28%,20-Day SMA crossed below 50-Day SMA indicating bearish momentum.
"Sep 24, 2019",JBBL,SELL,283,156.0,44148.0,531765.0,85133.0,614872.0,-1132.0,-2.50%,20-Day SMA crossed below 50-Day SMA indicating bearish momentum.
"Sep 29, 2019",GFCL,SELL,43,133.0,5719.0,537484.0,79930.0,614828.0,516.0,9.92%,20-Day SMA crossed below 50-Day SMA indicating bearish momentum.
"Sep 29, 2019",MBL,BUY,229,218.0,49922.0,487562.0,129852.0,614828.0,0.0,0.00%,Price dropped 12% below SMA; dip buying opportunity detected.
"Sep 30, 2019",SANIMA,BUY,160,304.0,48640.0,438922.0,178492.0,616241.0,0.0,0.00%,Price dropped 12% below SMA; dip buying opportunity detected.
"Nov 03, 2019",GBBL,BUY,197,222.0,43734.0,395188.0,222226.0,617629.0,0.0,0.00%,20-Day SMA crossed above 50-Day SMA indicating bullish momentum.
"Nov 04, 2019",CHCL,BUY,85,460.0,39100.0,356088.0,261326.0,617293.0,0.0,0.00%,Strong upward trend confirmed (5-day return: 10.84%).
"Nov 11, 2019",ICFC,BUY,221,161.0,35581.0,320507.0,296907.0,620850.0,0.0,0.00%,20-Day SMA crossed above 50-Day SMA indicating bullish momentum.
"Nov 13, 2019",CHCL,SELL,85,373.0,31705.0,352212.0,257807.0,610443.0,-7395.0,-18.91%,Stop-loss activated after 15% downside protection threshold.
"Nov 17, 2019",CHCL,BUY,99,355.0,35145.0,317067.0,292952.0,611346.0,0.0,0.00%,Price dropped 12% below SMA; dip buying opportunity detected.
"Nov 17, 2019",JFL,SELL,41,195.0,7995.0,325062.0,285818.0,611346.0,861.0,12.07%,20-Day SMA crossed below 50-Day SMA indicating bearish momentum.
"Nov 20, 2019",PCBL,BUY,117,276.0,32292.0,292770.0,318110.0,610557.0,0.0,0.00%,20-Day SMA crossed above 50-Day SMA indicating bullish momentum.
"Dec 01, 2019",EDBL,BUY,103,283.0,29149.0,263621.0,347259.0,598433.0,0.0,0.00%,20-Day SMA crossed above 50-Day SMA indicating bullish momentum.
"Dec 01, 2019",GBBL,SELL,197,187.0,36839.0,300460.0,303525.0,598433.0,-6895.0,-15.77%,Stop-loss activated after 15% downside protection threshold.
"Dec 04, 2019",ALICL,BUY,89,335.0,29815.0,270645.0,333340.0,600066.0,0.0,0.00%,20-Day SMA crossed above 50-Day SMA indicating bullish momentum.
"Dec 04, 2019",JBBL,BUY,168,161.0,27048.0,243597.0,360388.0,600066.0,0.0,0.00%,20-Day SMA crossed above 50-Day SMA indicating bullish momentum.
"Dec 12, 2019",CFCL,BUY,209,116.0,24244.0,219353.0,384632.0,613573.0,0.0,0.00%,20-Day SMA crossed above 50-Day SMA indicating bullish momentum.
"Dec 17, 2019",AHPC,BUY,221,99.0,21879.0,197474.0,406511.0,609560.0,0.0,0.00%,20-Day SMA crossed above 50-Day SMA indicating bullish momentum.
"Dec 24, 2019",HBL,BUY,39,498.0,19422.0,178052.0,425933.0,614188.0,0.0,0.00%,20-Day SMA crossed above 50-Day SMA indicating bullish momentum.
"Dec 24, 2019",LICN,BUY,17,1035.0,17595.0,160457.0,443528.0,614188.0,0.0,0.00%,20-Day SMA crossed above 50-Day SMA indicating bullish momentum.
"Dec 25, 2019",JFL,BUY,81,196.0,15876.0,144581.0,459404.0,613093.0,0.0,0.00%,20-Day SMA crossed above 50-Day SMA indicating bullish momentum.
"Dec 25, 2019",NMB,SELL,51,324.0,16524.0,161105.0,442829.0,613093.0,-51.0,-0.31%,20-Day SMA crossed below 50-Day SMA indicating bearish momentum.
"Dec 25, 2019",PROFL,BUY,153,105.0,16065.0,145040.0,458894.0,613093.0,0.0,0.00%,Strong upward trend confirmed (5-day return: 10.53%).
"Dec 26, 2019",BPCL,BUY,48,302.0,14496.0,130544.0,473390.0,611229.0,0.0,0.00%,Price dropped 12% below SMA; dip buying opportunity detected.
"Dec 26, 2019",GFCL,BUY,96,135.0,12960.0,117584.0,486350.0,611229.0,0.0,0.00%,20-Day SMA crossed above 50-Day SMA indicating bullish momentum.
"Dec 29, 2019",NMB,BUY,36,323.0,11628.0,105956.0,497978.0,608968.0,0.0,0.00%,Price dropped 12% below SMA; dip buying opportunity detected.
"Dec 30, 2019",JFL,SELL,81,162.0,13122.0,119078.0,482102.0,606140.0,-2754.0,-17.35%,Stop-loss activated after 15% downside protection threshold.
"Dec 30, 2019",KBL,BUY,66,178.0,11748.0,107330.0,493850.0,606140.0,0.0,0.00%,20-Day SMA crossed above 50-Day SMA indicating bullish momentum.
"Dec 31, 2019",CORBL,BUY,90,118.0,10620.0,96710.0,504470.0,603955.0,0.0,0.00%,Strong upward trend confirmed (5-day return: 13.46%).
"Dec 31, 2019",GMFIL,BUY,79,122.0,9638.0,87072.0,514108.0,603955.0,0.0,0.00%,20-Day SMA crossed above 50-Day SMA indicating bullish momentum.
"Jan 01, 2020",ICFC,SELL,221,146.0,32266.0,119338.0,478527.0,601304.0,-3315.0,-9.32%,20-Day SMA crossed below 50-Day SMA indicating bearish momentum.
"Jan 02, 2020",AHPC,SELL,221,92.0,20332.0,139670.0,456648.0,598213.0,-1547.0,-7.07%,20-Day SMA crossed below 50-Day SMA indicating bearish momentum.
"Jan 05, 2020",JFL,BUY,86,162.0,13932.0,125738.0,470580.0,604127.0,0.0,0.00%,Price dropped 12% below SMA; dip buying opportunity detected.
"Jan 05, 2020",PCBL,SELL,117,240.0,28080.0,153818.0,438288.0,604127.0,-4212.0,-13.04%,20-Day SMA crossed below 50-Day SMA indicating bearish momentum.
"Jan 07, 2020",EBL,BUY,26,585.0,15210.0,138608.0,453498.0,617775.0,0.0,0.00%,Strong upward trend confirmed (5-day return: 11.43%).
"Jan 07, 2020",SBI,BUY,34,397.0,13498.0,125110.0,466996.0,617775.0,0.0,0.00%,Strong upward trend confirmed (5-day return: 12.78%).
"Jan 09, 2020",CZBIL,BUY,64,194.0,12416.0,112694.0,479412.0,615009.0,0.0,0.00%,20-Day SMA crossed above 50-Day SMA indicating bullish momentum.
"Jan 15, 2020",ICFC,BUY,66,170.0,11220.0,101474.0,490632.0,650065.0,0.0,0.00%,Strong upward trend confirmed (5-day return: 11.84%).
"Jan 16, 2020",PCBL,BUY,35,282.0,9870.0,91604.0,500502.0,665907.0,0.0,0.00%,Strong upward trend confirmed (5-day return: 13.71%).
"Jan 19, 2020",GBBL,BUY,38,240.0,9120.0,82484.0,509622.0,688161.0,0.0,0.00%,20-Day SMA crossed above 50-Day SMA indicating bullish momentum.
"Jan 19, 2020",NHPC,BUY,147,56.0,8232.0,74252.0,517854.0,688161.0,0.0,0.00%,20-Day SMA crossed above 50-Day SMA indicating bullish momentum.
"Jan 22, 2020",ALICL,SELL,89,525.0,46725.0,120977.0,488039.0,666216.0,16910.0,56.72%,Take Profit Triggered: +56.72% gain achieved.
"Jan 27, 2020",ALICL,BUY,23,520.0,11960.0,109017.0,499999.0,660265.0,0.0,0.00%,Strong upward trend confirmed (5-day return: 11.11%).
"Jan 28, 2020",NABIL,BUY,15,725.0,10875.0,98142.0,510874.0,662815.0,0.0,0.00%,20-Day SMA crossed above 50-Day SMA indicating bullish momentum.
"Feb 02, 2020",AHPC,BUY,101,97.0,9797.0,88345.0,520671.0,679961.0,0.0,0.00%,20-Day SMA crossed above 50-Day SMA indicating bullish momentum.
"Feb 20, 2020",ADBL,BUY,22,398.0,8756.0,79589.0,529427.0,712918.0,0.0,0.00%,20-Day SMA crossed above 50-Day SMA indicating bullish momentum.
"Feb 20, 2020",CIT,SELL,26,2903.0,75478.0,155067.0,479611.0,712918.0,25662.0,51.51%,Take Profit Triggered: +51.51% gain achieved.
"Feb 25, 2020",CIT,BUY,5,3036.0,15180.0,139887.0,494791.0,756681.0,0.0,0.00%,Strong upward trend confirmed (5-day return: 10.40%).
"Feb 25, 2020",LICN,SELL,17,1660.0,28220.0,168107.0,477196.0,756681.0,10625.0,60.39%,Take Profit Triggered: +60.39% gain achieved.
"Feb 27, 2020",EBL,SELL,26,880.0,22880.0,190987.0,461986.0,783595.0,7670.0,50.43%,Take Profit Triggered: +50.43% gain achieved.
"Feb 27, 2020",NMB,SELL,36,498.0,17928.0,208915.0,450358.0,783595.0,6300.0,54.18%,Take Profit Triggered: +54.18% gain achieved.
"Mar 01, 2020",EDBL,SELL,103,435.0,44805.0,253720.0,421209.0,775483.0,15656.0,53.71%,Take Profit Triggered: +53.71% gain achieved.
"Mar 10, 2020",CIT,SELL,5,2526.0,12630.0,266350.0,406029.0,704774.0,-2550.0,-16.80%,Stop-loss activated after 15% downside protection threshold.
"Mar 15, 2020",LICN,BUY,20,1281.0,25620.0,240730.0,431649.0,692948.0,0.0,0.00%,Price dropped 12% below SMA; dip buying opportunity detected.
"Mar 17, 2020",CIT,BUY,9,2451.0,22059.0,218671.0,453708.0,679535.0,0.0,0.00%,Price dropped 12% below SMA; dip buying opportunity detected.
"Mar 17, 2020",EBL,BUY,34,640.0,21760.0,196911.0,475468.0,679535.0,0.0,0.00%,Price dropped 12% below SMA; dip buying opportunity detected.
"Mar 17, 2020",NMB,BUY,50,388.0,19400.0,177511.0,494868.0,679535.0,0.0,0.00%,Price dropped 12% below SMA; dip buying opportunity detected.
"Mar 18, 2020",CFCL,SELL,209,126.0,26334.0,203845.0,470624.0,674819.0,2090.0,8.62%,20-Day SMA crossed below 50-Day SMA indicating bearish momentum.
"Mar 18, 2020",JFL,SELL,86,169.0,14534.0,218379.0,456692.0,674819.0,602.0,4.32%,20-Day SMA crossed below 50-Day SMA indicating bearish momentum.
"Mar 19, 2020",CHCL,SELL,99,377.0,37323.0,255702.0,421547.0,678663.0,2178.0,6.20%,20-Day SMA crossed below 50-Day SMA indicating bearish momentum.
"Mar 22, 2020",CFCL,BUY,209,122.0,25498.0,230204.0,447045.0,671869.0,0.0,0.00%,Price dropped 12% below SMA; dip buying opportunity detected.
"May 12, 2020",CHCL,BUY,63,361.0,22743.0,207461.0,469788.0,667401.0,0.0,0.00%,Price dropped 12% below SMA; dip buying opportunity detected.
"May 12, 2020",CORBL,SELL,90,114.0,10260.0,217721.0,459168.0,667401.0,-360.0,-3.39%,20-Day SMA crossed below 50-Day SMA indicating bearish momentum.
"May 12, 2020",EDBL,BUY,69,314.0,21666.0,196055.0,480834.0,667401.0,0.0,0.00%,Price dropped 12% below SMA; dip buying opportunity detected.
"May 12, 2020",GBIME,BUY,81,241.0,19521.0,176534.0,500355.0,667401.0,0.0,0.00%,Price dropped 12% below SMA; dip buying opportunity detected.
"May 12, 2020",GMFIL,SELL,79,114.0,9006.0,185540.0,490717.0,667401.0,-632.0,-6.56%,20-Day SMA crossed below 50-Day SMA indicating bearish momentum.
"Jun 29, 2020",ADBL,SELL,22,329.0,7238.0,192778.0,481961.0,647522.0,-1518.0,-17.34%,Stop-loss activated after 15% downside protection threshold.
"Jun 29, 2020",CIT,SELL,9,2070.0,18630.0,211408.0,459902.0,647522.0,-3429.0,-15.54%,Stop-loss activated after 15% downside protection threshold.
"Jun 29, 2020",GBBL,SELL,38,196.0,7448.0,218856.0,450782.0,647522.0,-1672.0,-18.33%,Stop-loss activated after 15% downside protection threshold.
"Jun 29, 2020",GMFIL,BUY,195,112.0,21840.0,197016.0,472622.0,647522.0,0.0,0.00%,Price dropped 12% below SMA; dip buying opportunity detected.
"Jun 29, 2020",PCBL,SELL,35,233.0,8155.0,205171.0,462752.0,647522.0,-1715.0,-17.38%,Stop-loss activated after 15% downside protection threshold.
"Jun 30, 2020",CZBIL,SELL,64,180.0,11520.0,216691.0,450336.0,670726.0,-896.0,-7.22%,20-Day SMA crossed below 50-Day SMA indicating bearish momentum.
"Jun 30, 2020",KBL,SELL,66,177.0,11682.0,228373.0,438588.0,670726.0,-66.0,-0.56%,20-Day SMA crossed below 50-Day SMA indicating bearish momentum.
"Jul 01, 2020",AHPC,SELL,101,97.0,9797.0,238170.0,428791.0,692200.0,0.0,0.00%,20-Day SMA crossed below 50-Day SMA indicating bearish momentum.
"Jul 01, 2020",ALICL,SELL,23,591.0,13593.0,251763.0,416831.0,692200.0,1633.0,13.65%,20-Day SMA crossed below 50-Day SMA indicating bearish momentum.
"Jul 01, 2020",JBBL,SELL,168,179.0,30072.0,281835.0,389783.0,692200.0,3024.0,11.18%,20-Day SMA crossed below 50-Day SMA indicating bearish momentum.
"Jul 01, 2020",SANIMA,SELL,160,341.0,54560.0,336395.0,341143.0,692200.0,5920.0,12.17%,20-Day SMA crossed below 50-Day SMA indicating bearish momentum.
"Jul 02, 2020",HBL,SELL,39,514.0,20046.0,356441.0,321721.0,674509.0,624.0,3.21%,20-Day SMA crossed below 50-Day SMA indicating bearish momentum.
"Jul 02, 2020",MBL,SELL,229,212.0,48548.0,404989.0,271799.0,674509.0,-1374.0,-2.75%,20-Day SMA crossed below 50-Day SMA indicating bearish momentum.
"Jul 02, 2020",NHPC,SELL,147,49.0,7203.0,412192.0,263567.0,674509.0,-1029.0,-12.50%,20-Day SMA crossed below 50-Day SMA indicating bearish momentum.
"Jul 05, 2020",ALICL,BUY,73,563.0,41099.0,371093.0,304666.0,673743.0,0.0,0.00%,Strong upward trend confirmed (5-day return: 17.78%).
"Jul 05, 2020",BPCL,SELL,48,336.0,16128.0,387221.0,290170.0,673743.0,1632.0,11.26%,20-Day SMA crossed below 50-Day SMA indicating bearish momentum.
"Jul 05, 2020",EBL,SELL,34,630.0,21420.0,408641.0,268410.0,673743.0,-340.0,-1.56%,20-Day SMA crossed below 50-Day SMA indicating bearish momentum.
"Jul 05, 2020",GFCL,SELL,96,148.0,14208.0,422849.0,255450.0,673743.0,1248.0,9.63%,20-Day SMA crossed below 50-Day SMA indicating bearish momentum.
"Jul 05, 2020",LICN,SELL,20,1250.0,25000.0,447849.0,229830.0,673743.0,-620.0,-2.42%,20-Day SMA crossed below 50-Day SMA indicating bearish momentum.
"Jul 05, 2020",NABIL,SELL,15,729.0,10935.0,458784.0,218955.0,673743.0,60.0,0.55%,20-Day SMA crossed below 50-Day SMA indicating bearish momentum.
"Jul 05, 2020",PCBL,BUY,198,231.0,45738.0,413046.0,264693.0,673743.0,0.0,0.00%,Price dropped 12% below SMA; dip buying opportunity detected.
"Jul 06, 2020",ADBL,BUY,113,365.0,41245.0,371801.0,305938.0,678463.0,0.0,0.00%,Strong upward trend confirmed (5-day return: 10.94%).
"Jul 06, 2020",CIT,BUY,15,2467.0,37005.0,334796.0,342943.0,678463.0,0.0,0.00%,Strong upward trend confirmed (5-day return: 19.18%).
"Jul 06, 2020",HBL,BUY,64,516.0,33024.0,301772.0,375967.0,678463.0,0.0,0.00%,Strong upward trend confirmed (5-day return: 13.91%).
"Jul 06, 2020",ICFC,SELL,66,164.0,10824.0,312596.0,364747.0,678463.0,-396.0,-3.53%,20-Day SMA crossed below 50-Day SMA indicating bearish momentum.
"Jul 06, 2020",KBL,BUY,169,184.0,31096.0,281500.0,395843.0,678463.0,0.0,0.00%,Strong upward trend confirmed (5-day return: 10.84%).
"Jul 06, 2020",SBI,SELL,34,408.0,13872.0,295372.0,382345.0,678463.0,374.0,2.77%,20-Day SMA crossed below 50-Day SMA indicating bearish momentum.
"Jul 07, 2020",NHPC,BUY,518,57.0,29526.0,265846.0,411871.0,688261.0,0.0,0.00%,Strong upward trend confirmed (5-day return: 14.00%).
"Jul 07, 2020",NMB,SELL,50,392.0,19600.0,285446.0,392471.0,688261.0,200.0,1.03%,20-Day SMA crossed below 50-Day SMA indicating bearish momentum.
"Jul 07, 2020",PROFL,SELL,153,103.0,15759.0,301205.0,376406.0,688261.0,-306.0,-1.90%,20-Day SMA crossed below 50-Day SMA indicating bearish momentum.
"Jul 08, 2020",EDBL,SELL,69,285.0,19665.0,320870.0,354740.0,681261.0,-2001.0,-9.24%,20-Day SMA crossed below 50-Day SMA indicating bearish momentum.
"Jul 09, 2020",CORBL,BUY,250,128.0,32000.0,288870.0,386740.0,685501.0,0.0,0.00%,Strong upward trend confirmed (5-day return: 12.28%).
"Jul 12, 2020",EDBL,BUY,96,298.0,28608.0,260262.0,415348.0,684871.0,0.0,0.00%,Price dropped 12% below SMA; dip buying opportunity detected.
"Jul 16, 2020",JFL,BUY,153,170.0,26010.0,234252.0,441358.0,700592.0,0.0,0.00%,Strong upward trend confirmed (5-day return: 10.39%).
"Jul 19, 2020",EBL,BUY,30,762.0,22860.0,211392.0,464218.0,717776.0,0.0,0.00%,Strong upward trend confirmed (5-day return: 16.51%).
"Jul 19, 2020",GBBL,BUY,86,243.0,20898.0,190494.0,485116.0,717776.0,0.0,0.00%,Strong upward trend confirmed (5-day return: 10.45%).
"Jul 19, 2020",JBBL,BUY,101,188.0,18988.0,171506.0,504104.0,717776.0,0.0,0.00%,Strong upward trend confirmed (5-day return: 13.94%).
"Jul 19, 2020",MBL,BUY,70,245.0,17150.0,154356.0,521254.0,717776.0,0.0,0.00%,Strong upward trend confirmed (5-day return: 13.95%).
"Jul 19, 2020",NABIL,BUY,17,869.0,14773.0,139583.0,536027.0,717776.0,0.0,0.00%,Strong upward trend confirmed (5-day return: 16.33%).
"Jul 19, 2020",NMB,BUY,30,454.0,13620.0,125963.0,549647.0,717776.0,0.0,0.00%,Strong upward trend confirmed (5-day return: 18.54%).
"Jul 19, 2020",SANIMA,BUY,33,372.0,12276.0,113687.0,561923.0,717776.0,0.0,0.00%,Strong upward trend confirmed (5-day return: 14.46%).
"Jul 19, 2020",SBI,BUY,24,465.0,11160.0,102527.0,573083.0,717776.0,0.0,0.00%,Strong upward trend confirmed (5-day return: 13.69%).
"Jul 20, 2020",CZBIL,BUY,49,208.0,10192.0,92335.0,583275.0,724945.0,0.0,0.00%,Strong upward trend confirmed (5-day return: 12.43%).
"Jul 27, 2020",BPCL,BUY,25,367.0,9175.0,83160.0,592450.0,713240.0,0.0,0.00%,20-Day SMA crossed above 50-Day SMA indicating bullish momentum.
"Aug 02, 2020",LICN,BUY,5,1411.0,7055.0,76105.0,599505.0,684730.0,0.0,0.00%,20-Day SMA crossed above 50-Day SMA indicating bullish momentum.
"Aug 11, 2020",ICFC,BUY,41,183.0,7503.0,68602.0,607008.0,696357.0,0.0,0.00%,20-Day SMA crossed above 50-Day SMA indicating bullish momentum.
"Aug 13, 2020",GFCL,BUY,45,151.0,6795.0,61807.0,613803.0,689284.0,0.0,0.00%,20-Day SMA crossed above 50-Day SMA indicating bullish momentum.
"Aug 17, 2020",JBBL,SELL,101,170.0,17170.0,78977.0,594815.0,689032.0,-1818.0,-9.57%,20-Day SMA crossed below 50-Day SMA indicating bearish momentum.
"Aug 27, 2020",AHPC,BUY,84,94.0,7896.0,71081.0,602711.0,708435.0,0.0,0.00%,20-Day SMA crossed above 50-Day SMA indicating bullish momentum.
"Aug 27, 2020",SBI,SELL,24,434.0,10416.0,81497.0,591551.0,708435.0,-744.0,-6.67%,20-Day SMA crossed below 50-Day SMA indicating bearish momentum.
"Sep 03, 2020",PROFL,BUY,76,107.0,8132.0,73365.0,599683.0,723441.0,0.0,0.00%,20-Day SMA crossed above 50-Day SMA indicating bullish momentum.
"Sep 06, 2020",ICFC,SELL,41,174.0,7134.0,80499.0,592180.0,721507.0,-369.0,-4.92%,20-Day SMA crossed below 50-Day SMA indicating bearish momentum.
"Sep 06, 2020",KBL,SELL,169,190.0,32110.0,112609.0,561084.0,721507.0,1014.0,3.26%,20-Day SMA crossed below 50-Day SMA indicating bearish momentum.
"Sep 08, 2020",MBL,SELL,70,224.0,15680.0,128289.0,543934.0,728037.0,-1470.0,-8.57%,20-Day SMA crossed below 50-Day SMA indicating bearish momentum.
"Sep 09, 2020",SANIMA,SELL,33,340.0,11220.0,139509.0,531658.0,732001.0,-1056.0,-8.60%,20-Day SMA crossed below 50-Day SMA indicating bearish momentum.
"Sep 10, 2020",CZBIL,SELL,49,194.0,9506.0,149015.0,521466.0,734106.0,-686.0,-6.73%,20-Day SMA crossed below 50-Day SMA indicating bearish momentum.
"Sep 14, 2020",AHPC,SELL,84,143.0,12012.0,161027.0,513570.0,742538.0,4116.0,52.13%,Take Profit Triggered: +52.13% gain achieved.
"Sep 20, 2020",AHPC,BUY,96,167.0,16032.0,144995.0,529602.0,780858.0,0.0,0.00%,Strong upward trend confirmed (5-day return: 28.46%).
"Sep 20, 2020",ICFC,BUY,72,199.0,14328.0,130667.0,543930.0,780858.0,0.0,0.00%,Strong upward trend confirmed (5-day return: 13.71%).
"Sep 20, 2020",KBL,BUY,62,210.0,13020.0,117647.0,556950.0,780858.0,0.0,0.00%,Strong upward trend confirmed (5-day return: 12.30%).
"Sep 21, 2020",CZBIL,BUY,56,209.0,11704.0,105943.0,568654.0,775689.0,0.0,0.00%,20-Day SMA crossed above 50-Day SMA indicating bullish momentum.
"Sep 23, 2020",NHPC,SELL,518,86.0,44548.0,150491.0,539128.0,772302.0,15022.0,50.88%,Take Profit Triggered: +50.88% gain achieved.
"Sep 27, 2020",EBL,SELL,30,732.0,21960.0,172451.0,516268.0,786854.0,-900.0,-3.94%,20-Day SMA crossed below 50-Day SMA indicating bearish momentum.
"Sep 27, 2020",NMB,SELL,30,419.0,12570.0,185021.0,502648.0,786854.0,-1050.0,-7.71%,20-Day SMA crossed below 50-Day SMA indicating bearish momentum.
"Sep 28, 2020",GMFIL,SELL,195,169.0,32955.0,217976.0,480808.0,791178.0,11115.0,50.89%,Take Profit Triggered: +50.89% gain achieved.
"Sep 29, 2020",NHPC,BUY,242,90.0,21780.0,196196.0,502588.0,788297.0,0.0,0.00%,Strong upward trend confirmed (5-day return: 13.92%).
"Sep 30, 2020",JBBL,BUY,106,184.0,19504.0,176692.0,522092.0,791899.0,0.0,0.00%,20-Day SMA crossed above 50-Day SMA indicating bullish momentum.
"Oct 01, 2020",MBL,BUY,73,239.0,17447.0,159245.0,539539.0,805800.0,0.0,0.00%,20-Day SMA crossed above 50-Day SMA indicating bullish momentum.
"Oct 04, 2020",CORBL,SELL,250,201.0,50250.0,209495.0,507539.0,814400.0,18250.0,57.03%,Take Profit Triggered: +57.03% gain achieved.
"Oct 05, 2020",EBL,BUY,28,728.0,20384.0,189111.0,527923.0,815404.0,0.0,0.00%,20-Day SMA crossed above 50-Day SMA indicating bullish momentum.
"Oct 07, 2020",AHPC,SELL,96,262.0,25152.0,214263.0,511891.0,831469.0,9120.0,56.89%,Take Profit Triggered: +56.89% gain achieved.
"Oct 07, 2020",SBI,BUY,50,428.0,21400.0,192863.0,533291.0,831469.0,0.0,0.00%,20-Day SMA crossed above 50-Day SMA indicating bullish momentum.
"Oct 08, 2020",CORBL,BUY,92,208.0,19136.0,173727.0,552427.0,832420.0,0.0,0.00%,Strong upward trend confirmed (5-day return: 13.66%).
"Oct 08, 2020",GMFIL,BUY,93,185.0,17205.0,156522.0,569632.0,832420.0,0.0,0.00%,Strong upward trend confirmed (5-day return: 13.50%).
"Oct 13, 2020",SANIMA,BUY,46,340.0,15640.0,140882.0,585272.0,823824.0,0.0,0.00%,20-Day SMA crossed above 50-Day SMA indicating bullish momentum.
"Oct 18, 2020",EBL,SELL,28,704.0,19712.0,160594.0,564888.0,815967.0,-672.0,-3.30%,20-Day SMA crossed below 50-Day SMA indicating bearish momentum.
"Oct 18, 2020",SANIMA,SELL,46,340.0,15640.0,176234.0,549248.0,815967.0,0.0,0.00%,20-Day SMA crossed below 50-Day SMA indicating bearish momentum.
"Oct 18, 2020",SBI,SELL,50,412.0,20600.0,196834.0,527848.0,815967.0,-800.0,-3.74%,20-Day SMA crossed below 50-Day SMA indicating bearish momentum.
"Oct 19, 2020",LICN,SELL,5,1483.0,7415.0,204249.0,520793.0,825737.0,360.0,5.10%,20-Day SMA crossed below 50-Day SMA indicating bearish momentum.
"Oct 28, 2020",CIT,SELL,15,3749.0,56235.0,260484.0,483788.0,858477.0,19230.0,51.97%,Take Profit Triggered: +51.97% gain achieved.
"Oct 29, 2020",SANIMA,BUY,73,355.0,25915.0,234569.0,509703.0,858294.0,0.0,0.00%,20-Day SMA crossed above 50-Day SMA indicating bullish momentum.
"Nov 02, 2020",ICFC,SELL,72,310.0,22320.0,256889.0,495375.0,853474.0,7992.0,55.78%,Take Profit Triggered: +55.78% gain achieved.
"Nov 02, 2020",SANIMA,SELL,73,322.0,23506.0,280395.0,469460.0,853474.0,-2409.0,-9.30%,20-Day SMA crossed below 50-Day SMA indicating bearish momentum.
"Nov 04, 2020",ALICL,SELL,73,738.0,53874.0,334269.0,428361.0,851340.0,12775.0,31.08%,20-Day SMA crossed below 50-Day SMA indicating bearish momentum.
"Nov 05, 2020",AHPC,BUY,129,258.0,33282.0,300987.0,461643.0,853795.0,0.0,0.00%,Strong upward trend confirmed (5-day return: 10.73%).
"Nov 05, 2020",MBL,SELL,73,229.0,16717.0,317704.0,444196.0,853795.0,-730.0,-4.18%,20-Day SMA crossed below 50-Day SMA indicating bearish momentum.
"Nov 05, 2020",PCBL,SELL,198,351.0,69498.0,387202.0,398458.0,853795.0,23760.0,51.95%,Take Profit Triggered: +51.95% gain achieved.
"Nov 10, 2020",CIT,BUY,9,4109.0,36981.0,350221.0,435439.0,860320.0,0.0,0.00%,Strong upward trend confirmed (5-day return: 10.40%).
"Nov 10, 2020",LICN,BUY,22,1562.0,34364.0,315857.0,469803.0,860320.0,0.0,0.00%,20-Day SMA crossed above 50-Day SMA indicating bullish momentum.
"Nov 12, 2020",ALICL,BUY,40,782.0,31280.0,284577.0,501083.0,867181.0,0.0,0.00%,20-Day SMA crossed above 50-Day SMA indicating bullish momentum.
"Nov 18, 2020",NMB,BUY,66,427.0,28182.0,256395.0,529265.0,869743.0,0.0,0.00%,20-Day SMA crossed above 50-Day SMA indicating bullish momentum.
"Nov 19, 2020",GFCL,SELL,45,232.0,10440.0,266835.0,522470.0,881285.0,3645.0,53.64%,Take Profit Triggered: +53.64% gain achieved.
"Nov 22, 2020",SBI,BUY,63,420.0,26460.0,240375.0,548930.0,886925.0,0.0,0.00%,20-Day SMA crossed above 50-Day SMA indicating bullish momentum.
"Nov 23, 2020",JFL,SELL,153,264.0,40392.0,280767.0,522920.0,888041.0,14382.0,55.29%,Take Profit Triggered: +55.29% gain achieved.
"Nov 24, 2020",NHPC,SELL,242,138.0,33396.0,314163.0,501140.0,891698.0,11616.0,53.33%,Take Profit Triggered: +53.33% gain achieved.
"Nov 24, 2020",PCBL,BUY,80,391.0,31280.0,282883.0,532420.0,891698.0,0.0,0.00%,Strong upward trend confirmed (5-day return: 13.01%).
"Nov 25, 2020",MBL,BUY,118,239.0,28202.0,254681.0,560622.0,901777.0,0.0,0.00%,20-Day SMA crossed above 50-Day SMA indicating bullish momentum.
"Nov 26, 2020",CHCL,SELL,63,565.0,35595.0,290276.0,537879.0,907334.0,12852.0,56.51%,Take Profit Triggered: +56.51% gain achieved.
"Nov 29, 2020",ADBL,SELL,113,554.0,62602.0,352878.0,496634.0,938064.0,21357.0,51.78%,Take Profit Triggered: +51.78% gain achieved.
"Nov 29, 2020",EBL,BUY,47,744.0,34968.0,317910.0,531602.0,938064.0,0.0,0.00%,Strong upward trend confirmed (5-day return: 11.88%).
"Nov 30, 2020",CHCL,BUY,51,620.0,31620.0,286290.0,563222.0,939789.0,0.0,0.00%,Strong upward trend confirmed (5-day return: 20.39%).
"Dec 15, 2020",CFCL,SELL,209,159.0,33231.0,319521.0,537724.0,930332.0,7733.0,30.33%,20-Day SMA crossed below 50-Day SMA indicating bearish momentum.
"Dec 15, 2020",PROFL,SELL,76,130.0,9880.0,329401.0,529592.0,930332.0,1748.0,21.50%,20-Day SMA crossed below 50-Day SMA indicating bearish momentum.
"Dec 16, 2020",CHCL,SELL,51,525.0,26775.0,356176.0,497972.0,928703.0,-4845.0,-15.32%,Stop-loss activated after 15% downside protection threshold.
"Dec 17, 2020",AHPC,SELL,129,218.0,28122.0,384298.0,464690.0,925258.0,-5160.0,-15.50%,Stop-loss activated after 15% downside protection threshold.
"Dec 20, 2020",CHCL,BUY,77,495.0,38115.0,346183.0,502805.0,902767.0,0.0,0.00%,Price dropped 12% below SMA; dip buying opportunity detected.
"Dec 21, 2020",AHPC,BUY,166,208.0,34528.0,311655.0,537333.0,907017.0,0.0,0.00%,Price dropped 12% below SMA; dip buying opportunity detected.
"Dec 22, 2020",NABIL,SELL,17,1354.0,23018.0,334673.0,522560.0,929989.0,8245.0,55.81%,Take Profit Triggered: +55.81% gain achieved.
"Dec 27, 2020",NABIL,BUY,24,1384.0,33216.0,301457.0,555776.0,913826.0,0.0,0.00%,Strong upward trend confirmed (5-day return: 14.66%).
"Dec 27, 2020",SBI,SELL,63,414.0,26082.0,327539.0,529316.0,913826.0,-378.0,-1.43%,20-Day SMA crossed below 50-Day SMA indicating bearish momentum.
"Dec 28, 2020",KBL,SELL,62,235.0,14570.0,342109.0,516296.0,915195.0,1550.0,11.90%,20-Day SMA crossed below 50-Day SMA indicating bearish momentum.
"Dec 29, 2020",CIT,SELL,9,3062.0,27558.0,369667.0,479315.0,890979.0,-9423.0,-25.48%,Stop-loss activated after 15% downside protection threshold.
"Dec 30, 2020",ADBL,BUY,87,422.0,36714.0,332953.0,516029.0,883387.0,0.0,0.00%,Price dropped 12% below SMA; dip buying opportunity detected.
"Dec 30, 2020",CORBL,SELL,92,207.0,19044.0,351997.0,496893.0,883387.0,-92.0,-0.48%,20-Day SMA crossed below 50-Day SMA indicating bearish momentum.
"Dec 31, 2020",NABIL,SELL,24,1100.0,26400.0,378397.0,463677.0,886055.0,-6816.0,-20.52%,Stop-loss activated after 15% downside protection threshold.
"Jan 03, 2021",CIT,BUY,11,3421.0,37631.0,340766.0,501308.0,904750.0,0.0,0.00%,Price dropped 12% below SMA; dip buying opportunity detected.
"Jan 03, 2021",KBL,BUY,129,263.0,33927.0,306839.0,535235.0,904750.0,0.0,0.00%,Strong upward trend confirmed (5-day return: 11.44%).
"Jan 04, 2021",CHCL,SELL,77,535.0,41195.0,348034.0,497120.0,899026.0,3080.0,8.08%,20-Day SMA crossed below 50-Day SMA indicating bearish momentum.
"Jan 05, 2021",ADBL,SELL,87,435.0,37845.0,385879.0,460406.0,899105.0,1131.0,3.08%,20-Day SMA crossed below 50-Day SMA indicating bearish momentum.
"Jan 05, 2021",HBL,SELL,64,565.0,36160.0,422039.0,427382.0,899105.0,3136.0,9.50%,20-Day SMA crossed below 50-Day SMA indicating bearish momentum.
"Jan 05, 2021",NMB,SELL,66,409.0,26994.0,449033.0,399200.0,899105.0,-1188.0,-4.22%,20-Day SMA crossed below 50-Day SMA indicating bearish momentum.
"Jan 05, 2021",SANIMA,BUY,130,344.0,44720.0,404313.0,443920.0,899105.0,0.0,0.00%,Strong upward trend confirmed (5-day return: 10.97%).
"Jan 07, 2021",CORBL,BUY,172,234.0,40248.0,364065.0,484168.0,912190.0,0.0,0.00%,Strong upward trend confirmed (5-day return: 10.90%).
"Jan 10, 2021",CHCL,BUY,61,589.0,35929.0,328136.0,520097.0,929195.0,0.0,0.00%,Strong upward trend confirmed (5-day return: 11.98%).
"Jan 10, 2021",CIT,SELL,11,3459.0,38049.0,366185.0,482466.0,929195.0,418.0,1.11%,20-Day SMA crossed below 50-Day SMA indicating bearish momentum.
"Jan 10, 2021",JFL,BUY,141,259.0,36519.0,329666.0,518985.0,929195.0,0.0,0.00%,Strong upward trend confirmed (5-day return: 12.12%).
"Jan 11, 2021",BPCL,SELL,25,402.0,10050.0,339716.0,509810.0,933427.0,875.0,9.54%,20-Day SMA crossed below 50-Day SMA indicating bearish momentum.
"Jan 12, 2021",SBI,BUY,70,484.0,33880.0,305836.0,543690.0,945067.0,0.0,0.00%,Strong upward trend confirmed (5-day return: 16.07%).
"Jan 13, 2021",CFCL,BUY,156,196.0,30576.0,275260.0,574266.0,946441.0,0.0,0.00%,20-Day SMA crossed above 50-Day SMA indicating bullish momentum.
"Jan 13, 2021",GFCL,BUY,122,224.0,27328.0,247932.0,601594.0,946441.0,0.0,0.00%,Strong upward trend confirmed (5-day return: 16.06%).
"Jan 17, 2021",CIT,BUY,7,3455.0,24185.0,223747.0,625779.0,962500.0,0.0,0.00%,Price dropped 12% below SMA; dip buying opportunity detected.
"Jan 17, 2021",CORBL,SELL,172,375.0,64500.0,288247.0,585531.0,962500.0,24252.0,60.26%,Take Profit Triggered: +60.26% gain achieved.
"Jan 17, 2021",ICFC,BUY,99,289.0,28611.0,259636.0,614142.0,962500.0,0.0,0.00%,Strong upward trend confirmed (5-day return: 11.15%).
"Jan 18, 2021",PROFL,BUY,173,150.0,25950.0,233686.0,640092.0,969664.0,0.0,0.00%,Strong upward trend confirmed (5-day return: 12.78%).
"Jan 20, 2021",LICN,SELL,22,2398.0,52756.0,286442.0,605728.0,989995.0,18392.0,53.52%,Take Profit Triggered: +53.52% gain achieved.
"Jan 21, 2021",CORBL,BUY,52,547.0,28444.0,257998.0,634172.0,996404.0,0.0,0.00%,Strong upward trend confirmed (5-day return: 60.41%).
"Jan 24, 2021",ALICL,SELL,40,1175.0,47000.0,304998.0,602892.0,1009961.0,15720.0,50.26%,Take Profit Triggered: +50.26% gain achieved.
"Jan 24, 2021",GBBL,SELL,86,368.0,31648.0,336646.0,581994.0,1009961.0,10750.0,51.44%,Take Profit Triggered: +51.44% gain achieved.
"Jan 25, 2021",GBIME,SELL,81,337.0,27297.0,363943.0,562473.0,1003018.0,7776.0,39.83%,20-Day SMA crossed below 50-Day SMA indicating bearish momentum.
"Jan 26, 2021",NHPC,BUY,275,132.0,36300.0,327643.0,598773.0,998952.0,0.0,0.00%,Strong upward trend confirmed (5-day return: 12.82%).
"Feb 02, 2021",ALICL,BUY,26,1260.0,32760.0,294883.0,631533.0,987138.0,0.0,0.00%,Strong upward trend confirmed (5-day return: 11.50%).
"Feb 02, 2021",GBIME,BUY,77,381.0,29337.0,265546.0,660870.0,987138.0,0.0,0.00%,Strong upward trend confirmed (5-day return: 13.39%).
"Feb 04, 2021",NABBC,SELL,15,645.0,9675.0,275221.0,654465.0,987918.0,3270.0,51.05%,Take Profit Triggered: +51.05% gain achieved.
"Feb 07, 2021",BPCL,BUY,62,439.0,27218.0,248003.0,681683.0,999613.0,0.0,0.00%,Strong upward trend confirmed (5-day return: 11.70%).
"Feb 07, 2021",JBBL,SELL,106,222.0,23532.0,271535.0,662179.0,999613.0,4028.0,20.65%,20-Day SMA crossed below 50-Day SMA indicating bearish momentum.
"Feb 14, 2021",NMB,BUY,61,440.0,26840.0,244695.0,689019.0,1013939.0,0.0,0.00%,20-Day SMA crossed above 50-Day SMA indicating bullish momentum.
"Feb 15, 2021",AHPC,SELL,166,325.0,53950.0,298645.0,654491.0,1040437.0,19422.0,56.25%,Take Profit Triggered: +56.25% gain achieved.
"Feb 15, 2021",NABIL,BUY,22,1321.0,29062.0,269583.0,683553.0,1040437.0,0.0,0.00%,Strong upward trend confirmed (5-day return: 13.39%).
"Feb 16, 2021",CZBIL,SELL,56,322.0,18032.0,287615.0,671849.0,1049923.0,6328.0,54.07%,Take Profit Triggered: +54.07% gain achieved.
"Feb 21, 2021",EDBL,SELL,96,454.0,43584.0,331199.0,643241.0,1067660.0,14976.0,52.35%,Take Profit Triggered: +52.35% gain achieved.
"Feb 21, 2021",JBBL,BUY,137,241.0,33017.0,298182.0,676258.0,1067660.0,0.0,0.00%,20-Day SMA crossed above 50-Day SMA indicating bullish momentum.
"Feb 23, 2021",AHPC,BUY,82,361.0,29602.0,268580.0,705860.0,1048593.0,0.0,0.00%,Strong upward trend confirmed (5-day return: 14.60%).
"Feb 28, 2021",LICN,BUY,12,2170.0,26040.0,242540.0,731900.0,1012514.0,0.0,0.00%,Price dropped 12% below SMA; dip buying opportunity detected.
"Mar 04, 2021",SBI,SELL,70,419.0,29330.0,271870.0,698020.0,1024030.0,-4550.0,-13.43%,20-Day SMA crossed below 50-Day SMA indicating bearish momentum.
"Mar 07, 2021",ADBL,BUY,63,430.0,27090.0,244780.0,725110.0,1018295.0,0.0,0.00%,20-Day SMA crossed above 50-Day SMA indicating bullish momentum.
"Mar 10, 2021",CHCL,SELL,61,552.0,33672.0,278452.0,689181.0,1010479.0,-2257.0,-6.28%,20-Day SMA crossed below 50-Day SMA indicating bearish momentum.
"Mar 10, 2021",EBL,SELL,47,752.0,35344.0,313796.0,654213.0,1010479.0,376.0,1.08%,20-Day SMA crossed below 50-Day SMA indicating bearish momentum.
"Mar 14, 2021",NABBC,BUY,62,503.0,31186.0,282610.0,685399.0,996123.0,0.0,0.00%,Price dropped 12% below SMA; dip buying opportunity detected.
"Mar 16, 2021",JFL,SELL,141,260.0,36660.0,319270.0,648880.0,993509.0,141.0,0.39%,20-Day SMA crossed below 50-Day SMA indicating bearish momentum.
"Mar 17, 2021",JBBL,SELL,137,222.0,30414.0,349684.0,615863.0,1001279.0,-2603.0,-7.88%,20-Day SMA crossed below 50-Day SMA indicating bearish momentum.
"Mar 17, 2021",LICN,SELL,12,2271.0,27252.0,376936.0,589823.0,1001279.0,1212.0,4.65%,20-Day SMA crossed below 50-Day SMA indicating bearish momentum.
"Mar 18, 2021",PCBL,SELL,80,428.0,34240.0,411176.0,558543.0,1012556.0,2960.0,9.46%,20-Day SMA crossed below 50-Day SMA indicating bearish momentum.
"Mar 21, 2021",LICN,BUY,17,2363.0,40171.0,371005.0,598714.0,1017709.0,0.0,0.00%,Strong upward trend confirmed (5-day return: 12.52%).
"Mar 21, 2021",NMB,SELL,61,428.0,26108.0,397113.0,571874.0,1017709.0,-732.0,-2.73%,20-Day SMA crossed below 50-Day SMA indicating bearish momentum.
"Mar 22, 2021",AHPC,SELL,82,260.0,21320.0,418433.0,542272.0,1003958.0,-8282.0,-27.98%,Stop-loss activated after 15% downside protection threshold.
"Mar 22, 2021",CFCL,SELL,156,199.0,31044.0,449477.0,511696.0,1003958.0,468.0,1.53%,20-Day SMA crossed below 50-Day SMA indicating bearish momentum.
"Mar 22, 2021",SANIMA,SELL,130,359.0,46670.0,496147.0,466976.0,1003958.0,1950.0,4.36%,20-Day SMA crossed below 50-Day SMA indicating bearish momentum.
"Mar 23, 2021",CHCL,BUY,83,593.0,49219.0,446928.0,516195.0,1002161.0,0.0,0.00%,Strong upward trend confirmed (5-day return: 10.43%).
"Mar 23, 2021",GMFIL,SELL,93,211.0,19623.0,466551.0,498990.0,1002161.0,2418.0,14.05%,20-Day SMA crossed below 50-Day SMA indicating bearish momentum.
"Mar 23, 2021",ICFC,SELL,99,297.0,29403.0,495954.0,470379.0,1002161.0,792.0,2.77%,20-Day SMA crossed below 50-Day SMA indicating bearish momentum.
"Mar 24, 2021",PROFL,SELL,173,159.0,27507.0,523461.0,444429.0,1005949.0,1557.0,6.00%,20-Day SMA crossed below 50-Day SMA indicating bearish momentum.
"Mar 25, 2021",ALICL,SELL,26,1245.0,32370.0,555831.0,411669.0,1001413.0,-390.0,-1.19%,20-Day SMA crossed below 50-Day SMA indicating bearish momentum.
"Mar 25, 2021",GFCL,SELL,122,252.0,30744.0,586575.0,384341.0,1001413.0,3416.0,12.50%,20-Day SMA crossed below 50-Day SMA indicating bearish momentum.
"Mar 29, 2021",AHPC,BUY,204,245.0,49980.0,536595.0,434321.0,1000540.0,0.0,0.00%,Price dropped 12% below SMA; dip buying opportunity detected.
"Mar 30, 2021",MBL,SELL,118,302.0,35636.0,572231.0,406119.0,1004342.0,7434.0,26.36%,20-Day SMA crossed below 50-Day SMA indicating bearish momentum.
"Mar 31, 2021",CIT,SELL,7,4390.0,30730.0,602961.0,381934.0,1007217.0,6545.0,27.06%,20-Day SMA crossed below 50-Day SMA indicating bearish momentum.
"Apr 04, 2021",CZBIL,BUY,158,316.0,49928.0,553033.0,431862.0,1018725.0,0.0,0.00%,20-Day SMA crossed above 50-Day SMA indicating bullish momentum.
"Apr 06, 2021",AHPC,SELL,204,277.0,56508.0,609541.0,381882.0,1032967.0,6528.0,13.06%,20-Day SMA crossed below 50-Day SMA indicating bearish momentum.
"Apr 06, 2021",JBBL,BUY,200,249.0,49800.0,559741.0,431682.0,1032967.0,0.0,0.00%,Strong upward trend confirmed (5-day return: 12.67%).
"Apr 08, 2021",CFCL,BUY,217,230.0,49910.0,509831.0,481592.0,1032291.0,0.0,0.00%,Strong upward trend confirmed (5-day return: 15.00%).
"Apr 08, 2021",EDBL,BUY,97,512.0,49664.0,460167.0,531256.0,1032291.0,0.0,0.00%,Strong upward trend confirmed (5-day return: 10.34%).
"Apr 08, 2021",GMFIL,BUY,193,238.0,45934.0,414233.0,577190.0,1032291.0,0.0,0.00%,Strong upward trend confirmed (5-day return: 10.70%).
"Apr 08, 2021",MBL,BUY,133,311.0,41363.0,372870.0,618553.0,1032291.0,0.0,0.00%,20-Day SMA crossed above 50-Day SMA indicating bullish momentum.
"Apr 08, 2021",PROFL,BUY,210,177.0,37170.0,335700.0,655723.0,1032291.0,0.0,0.00%,Strong upward trend confirmed (5-day return: 10.62%).
"Apr 12, 2021",GBBL,BUY,100,335.0,33500.0,302200.0,689223.0,1036598.0,0.0,0.00%,20-Day SMA crossed above 50-Day SMA indicating bullish momentum.
"Apr 13, 2021",GBIME,SELL,77,450.0,34650.0,336850.0,659886.0,1046669.0,5313.0,18.11%,20-Day SMA crossed below 50-Day SMA indicating bearish momentum.
"Apr 13, 2021",SANIMA,BUY,85,393.0,33405.0,303445.0,693291.0,1046669.0,0.0,0.00%,20-Day SMA crossed above 50-Day SMA indicating bullish momentum.
"Apr 15, 2021",ICFC,BUY,89,340.0,30260.0,273185.0,723551.0,1061396.0,0.0,0.00%,20-Day SMA crossed above 50-Day SMA indicating bullish momentum.
"Apr 22, 2021",CORBL,SELL,52,669.0,34788.0,307973.0,695107.0,1033208.0,6344.0,22.30%,20-Day SMA crossed below 50-Day SMA indicating bearish momentum.
"Apr 29, 2021",GFCL,BUY,109,281.0,30629.0,277344.0,725736.0,1012077.0,0.0,0.00%,20-Day SMA crossed above 50-Day SMA indicating bullish momentum.
"May 02, 2021",AHPC,BUY,91,303.0,27573.0,249771.0,753309.0,1023639.0,0.0,0.00%,Strong upward trend confirmed (5-day return: 19.76%).
"May 03, 2021",ALICL,BUY,19,1288.0,24472.0,225299.0,777781.0,1016416.0,0.0,0.00%,20-Day SMA crossed above 50-Day SMA indicating bullish momentum.
"May 03, 2021",JFL,BUY,84,266.0,22344.0,202955.0,800125.0,1016416.0,0.0,0.00%,20-Day SMA crossed above 50-Day SMA indicating bullish momentum.
"May 06, 2021",NABBC,SELL,62,530.0,32860.0,235815.0,768939.0,1018990.0,1674.0,5.37%,20-Day SMA crossed below 50-Day SMA indicating bearish momentum.
"May 10, 2021",NHPC,SELL,275,160.0,44000.0,279815.0,732639.0,1022442.0,7700.0,21.21%,20-Day SMA crossed below 50-Day SMA indicating bearish momentum.
"May 11, 2021",CORBL,BUY,41,670.0,27470.0,252345.0,760109.0,1032106.0,0.0,0.00%,20-Day SMA crossed above 50-Day SMA indicating bullish momentum.
"May 12, 2021",LICN,SELL,17,2314.0,39338.0,291683.0,719938.0,1035204.0,-833.0,-2.07%,20-Day SMA crossed below 50-Day SMA indicating bearish momentum.
"May 12, 2021",NABBC,BUY,46,627.0,28842.0,262841.0,748780.0,1035204.0,0.0,0.00%,Strong upward trend confirmed (5-day return: 20.81%).
"May 16, 2021",NABIL,SELL,22,1288.0,28336.0,291177.0,719718.0,1073922.0,-726.0,-2.50%,20-Day SMA crossed below 50-Day SMA indicating bearish momentum.
"May 17, 2021",NHPC,BUY,161,180.0,28980.0,262197.0,748698.0,1085334.0,0.0,0.00%,Strong upward trend confirmed (5-day return: 12.50%).
"May 18, 2021",LICN,BUY,10,2409.0,24090.0,238107.0,772788.0,1124591.0,0.0,0.00%,20-Day SMA crossed above 50-Day SMA indicating bullish momentum.
"May 18, 2021",PROFL,SELL,210,268.0,56280.0,294387.0,735618.0,1124591.0,19110.0,51.41%,Take Profit Triggered: +51.41% gain achieved.
"May 23, 2021",GFCL,SELL,109,435.0,47415.0,341802.0,704989.0,1192534.0,16786.0,54.80%,Take Profit Triggered: +54.80% gain achieved.
"May 23, 2021",PROFL,BUY,125,272.0,34000.0,307802.0,738989.0,1192534.0,0.0,0.00%,Strong upward trend confirmed (5-day return: 22.52%).
"May 24, 2021",NABIL,BUY,23,1320.0,30360.0,277442.0,769349.0,1185944.0,0.0,0.00%,20-Day SMA crossed above 50-Day SMA indicating bullish momentum.
"May 24, 2021",PCBL,BUY,61,454.0,27694.0,249748.0,797043.0,1185944.0,0.0,0.00%,20-Day SMA crossed above 50-Day SMA indicating bullish momentum.
"May 27, 2021",AHPC,SELL,91,472.0,42952.0,292700.0,769470.0,1211268.0,15379.0,55.78%,Take Profit Triggered: +55.78% gain achieved.
"May 27, 2021",GFCL,BUY,69,422.0,29118.0,263582.0,798588.0,1211268.0,0.0,0.00%,Strong upward trend confirmed (5-day return: 17.22%).
"May 30, 2021",GMFIL,SELL,193,364.0,70252.0,333834.0,752654.0,1246884.0,24318.0,52.94%,Take Profit Triggered: +52.94% gain achieved.
"May 30, 2021",NMB,BUY,76,438.0,33288.0,300546.0,785942.0,1246884.0,0.0,0.00%,20-Day SMA crossed above 50-Day SMA indicating bullish momentum.
"May 31, 2021",CFCL,SELL,217,355.0,77035.0,377581.0,736032.0,1237241.0,27125.0,54.35%,Take Profit Triggered: +54.35% gain achieved.
"Jun 01, 2021",NABIL,SELL,23,1292.0,29716.0,407297.0,705672.0,1234445.0,-644.0,-2.12%,20-Day SMA crossed below 50-Day SMA indicating bearish momentum.
"Jun 02, 2021",GBIME,BUY,92,438.0,40296.0,367001.0,745968.0,1264961.0,0.0,0.00%,20-Day SMA crossed above 50-Day SMA indicating bullish momentum.
"Jun 02, 2021",JBBL,SELL,200,400.0,80000.0,447001.0,696168.0,1264961.0,30200.0,60.64%,Take Profit Triggered: +60.64% gain achieved.
"Jun 03, 2021",GMFIL,BUY,109,408.0,44472.0,402529.0,740640.0,1280944.0,0.0,0.00%,Strong upward trend confirmed (5-day return: 18.60%).
"Jun 06, 2021",CFCL,BUY,108,370.0,39960.0,362569.0,780600.0,1298188.0,0.0,0.00%,Strong upward trend confirmed (5-day return: 14.55%).
"Jun 06, 2021",JBBL,BUY,88,409.0,35992.0,326577.0,816592.0,1298188.0,0.0,0.00%,Strong upward trend confirmed (5-day return: 12.67%).
"Jun 07, 2021",GBBL,SELL,100,517.0,51700.0,378277.0,783092.0,1324123.0,18200.0,54.33%,Take Profit Triggered: +54.33% gain achieved.
"Jun 07, 2021",ICFC,SELL,89,528.0,46992.0,425269.0,752832.0,1324123.0,16732.0,55.29%,Take Profit Triggered: +55.29% gain achieved.
"Jun 07, 2021",JFL,SELL,84,420.0,35280.0,460549.0,730488.0,1324123.0,12936.0,57.89%,Take Profit Triggered: +57.89% gain achieved.
"Jun 08, 2021",NHPC,SELL,161,274.0,44114.0,504663.0,701508.0,1360693.0,15134.0,52.22%,Take Profit Triggered: +52.22% gain achieved.
"Jun 08, 2021",SBI,BUY,117,424.0,49608.0,455055.0,751116.0,1360693.0,0.0,0.00%,20-Day SMA crossed above 50-Day SMA indicating bullish momentum.
"Jun 09, 2021",CIT,BUY,11,4105.0,45155.0,409900.0,796271.0,1355968.0,0.0,0.00%,20-Day SMA crossed above 50-Day SMA indicating bullish momentum.
"Jun 09, 2021",GFCL,SELL,69,685.0,47265.0,457165.0,767153.0,1355968.0,18147.0,62.32%,Take Profit Triggered: +62.32% gain achieved.
"Jun 10, 2021",AHPC,BUY,86,526.0,45236.0,411929.0,812389.0,1363733.0,0.0,0.00%,Strong upward trend confirmed (5-day return: 20.09%).
"Jun 10, 2021",EDBL,SELL,97,805.0,78085.0,490014.0,762725.0,1363733.0,28421.0,57.23%,Take Profit Triggered: +57.23% gain achieved.
"Jun 13, 2021",GBBL,BUY,81,598.0,48438.0,441576.0,811163.0,1394668.0,0.0,0.00%,Strong upward trend confirmed (5-day return: 24.84%).
"Jun 13, 2021",GFCL,BUY,55,790.0,43450.0,398126.0,854613.0,1394668.0,0.0,0.00%,Strong upward trend confirmed (5-day return: 51.34%).
"Jun 13, 2021",ICFC,BUY,58,682.0,39556.0,358570.0,894169.0,1394668.0,0.0,0.00%,Strong upward trend confirmed (5-day return: 42.08%).
"Jun 13, 2021",JFL,BUY,71,499.0,35429.0,323141.0,929598.0,1394668.0,0.0,0.00%,Strong upward trend confirmed (5-day return: 30.63%).
"Jun 13, 2021",NHPC,BUY,104,309.0,32136.0,291005.0,961734.0,1394668.0,0.0,0.00%,Strong upward trend confirmed (5-day return: 26.12%).
"Jun 13, 2021",PROFL,SELL,125,421.0,52625.0,343630.0,927734.0,1394668.0,18625.0,54.78%,Take Profit Triggered: +54.78% gain achieved.
"Jun 14, 2021",EDBL,BUY,39,875.0,34125.0,309505.0,961859.0,1406031.0,0.0,0.00%,Strong upward trend confirmed (5-day return: 25.18%).
"Jun 15, 2021",KBL,SELL,129,395.0,50955.0,360460.0,927932.0,1381615.0,17028.0,50.19%,Take Profit Triggered: +50.19% gain achieved.
"Jun 20, 2021",GFCL,SELL,55,639.0,35145.0,395605.0,884482.0,1329283.0,-8305.0,-19.11%,Stop-loss activated after 15% downside protection threshold.
"Jun 21, 2021",ICFC,SELL,58,566.0,32828.0,428433.0,844926.0,1298129.0,-6728.0,-17.01%,Stop-loss activated after 15% downside protection threshold.
"Jun 21, 2021",JFL,SELL,71,400.0,28400.0,456833.0,809497.0,1298129.0,-7029.0,-19.84%,Stop-loss activated after 15% downside protection threshold.
"Jun 28, 2021",EBL,BUY,61,740.0,45140.0,411693.0,854637.0,1300784.0,0.0,0.00%,20-Day SMA crossed above 50-Day SMA indicating bullish momentum.
"Jun 28, 2021",GBBL,SELL,81,498.0,40338.0,452031.0,806199.0,1300784.0,-8100.0,-16.72%,Stop-loss activated after 15% downside protection threshold.
"Jun 29, 2021",AHPC,SELL,86,442.0,38012.0,490043.0,760963.0,1282509.0,-7224.0,-15.97%,Stop-loss activated after 15% downside protection threshold.
"Jun 29, 2021",GFCL,BUY,89,545.0,48505.0,441538.0,809468.0,1282509.0,0.0,0.00%,Price dropped 12% below SMA; dip buying opportunity detected.
"Jun 29, 2021",ICFC,BUY,88,501.0,44088.0,397450.0,853556.0,1282509.0,0.0,0.00%,Price dropped 12% below SMA; dip buying opportunity detected.
"Jun 29, 2021",PROFL,BUY,128,310.0,39680.0,357770.0,893236.0,1282509.0,0.0,0.00%,Price dropped 12% below SMA; dip buying opportunity detected.
"Jun 30, 2021",CIT,SELL,11,3432.0,37752.0,395522.0,848081.0,1297269.0,-7403.0,-16.39%,Stop-loss activated after 15% downside protection threshold.
"Jul 07, 2021",AHPC,BUY,93,424.0,39432.0,356090.0,887513.0,1290052.0,0.0,0.00%,Price dropped 12% below SMA; dip buying opportunity detected.
"Jul 08, 2021",CHCL,SELL,83,668.0,55444.0,411534.0,838294.0,1309468.0,6225.0,12.65%,20-Day SMA crossed below 50-Day SMA indicating bearish momentum.
"Jul 11, 2021",ALICL,SELL,19,1370.0,26030.0,437564.0,813822.0,1355625.0,1558.0,6.37%,20-Day SMA crossed below 50-Day SMA indicating bearish momentum.
"Jul 12, 2021",LICN,SELL,10,2332.0,23320.0,460884.0,789732.0,1338594.0,-770.0,-3.20%,20-Day SMA crossed below 50-Day SMA indicating bearish momentum.
"Jul 13, 2021",EBL,SELL,61,737.0,44957.0,505841.0,744592.0,1355016.0,-183.0,-0.41%,20-Day SMA crossed below 50-Day SMA indicating bearish momentum.
"Jul 13, 2021",GBIME,SELL,92,443.0,40756.0,546597.0,704296.0,1355016.0,460.0,1.14%,20-Day SMA crossed below 50-Day SMA indicating bearish momentum.
"Jul 13, 2021",JFL,BUY,108,460.0,49680.0,496917.0,753976.0,1355016.0,0.0,0.00%,Strong upward trend confirmed (5-day return: 13.02%).
"Jul 15, 2021",SBI,SELL,117,409.0,47853.0,544770.0,704368.0,1365602.0,-1755.0,-3.54%,20-Day SMA crossed below 50-Day SMA indicating bearish momentum.
"Jul 19, 2021",NABBC,SELL,46,686.0,31556.0,576326.0,675526.0,1389137.7,2714.0,9.41%,20-Day SMA crossed below 50-Day SMA indicating bearish momentum.
"Jul 25, 2021",EBL,BUY,63,790.0,49770.0,526556.0,725296.0,1424232.6,0.0,0.00%,20-Day SMA crossed above 50-Day SMA indicating bullish momentum.
"Jul 25, 2021",GBIME,BUY,100,500.0,50000.0,476556.0,775296.0,1424232.6,0.0,0.00%,20-Day SMA crossed above 50-Day SMA indicating bullish momentum.
"Jul 25, 2021",KBL,BUY,116,409.8,47536.8,429019.2,822832.8,1424232.6,0.0,0.00%,Strong upward trend confirmed (5-day return: 10.46%).
"Jul 25, 2021",NABIL,BUY,28,1499.5,41986.0,387033.2,864818.8,1424232.6,0.0,0.00%,Strong upward trend confirmed (5-day return: 10.34%).
"Jul 25, 2021",SBI,BUY,87,441.0,38367.0,348666.2,903185.8,1424232.6,0.0,0.00%,20-Day SMA crossed above 50-Day SMA indicating bullish momentum.
"Jul 28, 2021",GFCL,SELL,89,860.0,76540.0,425206.2,854680.8,1467239.3,28035.0,57.80%,Take Profit Triggered: +57.80% gain achieved.
"Jul 28, 2021",NABBC,BUY,52,803.0,41756.0,383450.2,896436.8,1467239.3,0.0,0.00%,Strong upward trend confirmed (5-day return: 18.26%).
"Jul 29, 2021",PROFL,SELL,128,470.0,60160.0,443610.2,856756.8,1457963.4,20480.0,51.61%,Take Profit Triggered: +51.61% gain achieved.
"Aug 01, 2021",CIT,BUY,10,4180.0,41800.0,401810.2,898556.8,1453879.4,0.0,0.00%,Strong upward trend confirmed (5-day return: 12.88%).
"Aug 03, 2021",LICN,BUY,16,2495.9,39934.4,361875.8,938491.2,1454539.6,0.0,0.00%,20-Day SMA crossed above 50-Day SMA indicating bullish momentum.
"Aug 08, 2021",BPCL,SELL,62,669.0,41478.0,403353.8,911273.2,1489479.4,14260.0,52.39%,Take Profit Triggered: +52.39% gain achieved.
"Aug 08, 2021",CHCL,BUY,54,740.0,39960.0,363393.8,951233.2,1489479.4,0.0,0.00%,20-Day SMA crossed above 50-Day SMA indicating bullish momentum.
"Aug 09, 2021",CFCL,SELL,108,585.0,63180.0,426573.8,911273.2,1506573.8,23220.0,58.11%,Take Profit Triggered: +58.11% gain achieved.
"Aug 10, 2021",GBBL,BUY,68,624.0,42432.0,384141.8,953705.2,1543701.0,0.0,0.00%,Strong upward trend confirmed (5-day return: 11.63%).
"Aug 10, 2021",GFCL,BUY,45,845.0,38025.0,346116.8,991730.2,1543701.0,0.0,0.00%,Strong upward trend confirmed (5-day return: 11.48%).
"Aug 10, 2021",GMFIL,SELL,109,651.2,70980.8,417097.6,947258.2,1543701.0,26508.8,59.61%,Take Profit Triggered: +59.61% gain achieved.
"Aug 10, 2021",ICFC,SELL,88,813.1,71552.8,488650.4,903170.2,1543701.0,27464.8,62.30%,Take Profit Triggered: +62.30% gain achieved.
"Aug 10, 2021",JFL,SELL,108,696.0,75168.0,563818.4,853490.2,1543701.0,25488.0,51.30%,Take Profit Triggered: +51.30% gain achieved.
"Aug 10, 2021",PROFL,BUY,92,543.4,49992.8,513825.6,903483.0,1543701.0,0.0,0.00%,Strong upward trend confirmed (5-day return: 19.43%).
"Aug 11, 2021",ALICL,BUY,35,1417.0,49595.0,464230.6,953078.0,1540356.8,0.0,0.00%,20-Day SMA crossed above 50-Day SMA indicating bullish momentum.
"Aug 12, 2021",CORBL,SELL,41,1020.0,41820.0,506050.6,925608.0,1549702.0,14350.0,52.24%,Take Profit Triggered: +52.24% gain achieved.
"Aug 15, 2021",CFCL,BUY,76,652.0,49552.0,456498.6,975160.0,1530925.7,0.0,0.00%,Strong upward trend confirmed (5-day return: 18.55%).
"Aug 15, 2021",GMFIL,BUY,74,615.0,45510.0,410988.6,1020670.0,1530925.7,0.0,0.00%,Strong upward trend confirmed (5-day return: 10.41%).
"Aug 15, 2021",ICFC,BUY,40,1020.0,40800.0,370188.6,1061470.0,1530925.7,0.0,0.00%,Strong upward trend confirmed (5-day return: 51.79%).
"Aug 16, 2021",CORBL,BUY,34,1073.6,36502.4,333686.2,1097972.4,1531671.5,0.0,0.00%,Strong upward trend confirmed (5-day return: 10.91%).
"Aug 17, 2021",NHPC,SELL,104,482.7,50200.8,383887.0,1065836.4,1549151.3,18064.8,56.21%,Take Profit Triggered: +56.21% gain achieved.
"Aug 18, 2021",AHPC,SELL,93,690.8,64244.4,448131.4,1026404.4,1577193.2,24812.4,62.92%,Take Profit Triggered: +62.92% gain achieved.
"Aug 18, 2021",JBBL,SELL,88,623.0,54824.0,502955.4,990412.4,1577193.2,18832.0,52.32%,Take Profit Triggered: +52.32% gain achieved.
"Aug 24, 2021",AHPC,BUY,74,670.0,49580.0,453375.4,1039992.4,1559170.8,0.0,0.00%,Strong upward trend confirmed (5-day return: 13.18%).
"Aug 24, 2021",JFL,BUY,61,742.0,45262.0,408113.4,1085254.4,1559170.8,0.0,0.00%,Strong upward trend confirmed (5-day return: 14.15%).
"Aug 29, 2021",SBI,SELL,87,390.0,33930.0,442043.4,1046887.4,1577643.6,-4437.0,-11.56%,20-Day SMA crossed below 50-Day SMA indicating bearish momentum.
"Sep 02, 2021",CHCL,SELL,54,626.0,33804.0,475847.4,1006927.4,1517504.7,-6156.0,-15.41%,Stop-loss activated after 15% downside protection threshold.
"Sep 05, 2021",BPCL,BUY,88,535.0,47080.0,428767.4,1054007.4,1465540.8,0.0,0.00%,Price dropped 12% below SMA; dip buying opportunity detected.
"Sep 05, 2021",ICFC,SELL,40,864.9,34596.0,463363.4,1013207.4,1465540.8,-6204.0,-15.21%,Stop-loss activated after 15% downside protection threshold.
"Sep 05, 2021",KBL,SELL,116,342.0,39672.0,503035.4,965670.6,1465540.8,-7864.8,-16.54%,Stop-loss activated after 15% downside protection threshold.
"Sep 05, 2021",LICN,SELL,16,2100.0,33600.0,536635.4,925736.2,1465540.8,-6334.4,-15.86%,Stop-loss activated after 15% downside protection threshold.
"Sep 08, 2021",EBL,SELL,63,720.0,45360.0,581995.4,875966.2,1487599.1,-4410.0,-8.86%,20-Day SMA crossed below 50-Day SMA indicating bearish momentum.
"Sep 08, 2021",NMB,SELL,76,430.9,32748.4,614743.8,842678.2,1487599.1,-539.6,-1.62%,20-Day SMA crossed below 50-Day SMA indicating bearish momentum.
"Sep 12, 2021",ALICL,SELL,35,1355.0,47425.0,662168.8,793083.2,1514669.1,-2170.0,-4.38%,20-Day SMA crossed below 50-Day SMA indicating bearish momentum.
"Sep 12, 2021",GBIME,SELL,100,440.0,44000.0,706168.8,743083.2,1514669.1,-6000.0,-12.00%,20-Day SMA crossed below 50-Day SMA indicating bearish momentum.
"Sep 12, 2021",ICFC,BUY,52,954.7,49644.4,656524.4,792727.6,1514669.1,0.0,0.00%,Strong upward trend confirmed (5-day return: 10.38%).
"Sep 12, 2021",JBBL,BUY,87,573.0,49851.0,606673.4,842578.6,1514669.1,0.0,0.00%,Strong upward trend confirmed (5-day return: 13.02%).
"Sep 12, 2021",NHPC,BUY,106,467.5,49555.0,557118.4,892133.6,1514669.1,0.0,0.00%,Strong upward trend confirmed (5-day return: 18.96%).
"Sep 14, 2021",SANIMA,SELL,85,502.0,42670.0,599788.4,858728.6,1506732.2,9265.0,27.74%,20-Day SMA crossed below 50-Day SMA indicating bearish momentum.
"Sep 15, 2021",CIT,SELL,10,3615.0,36150.0,635938.4,816928.6,1492719.8,-5650.0,-13.52%,20-Day SMA crossed below 50-Day SMA indicating bearish momentum.
"Sep 15, 2021",CZBIL,SELL,158,410.0,64780.0,700718.4,767000.6,1492719.8,14852.0,29.75%,20-Day SMA crossed below 50-Day SMA indicating bearish momentum.
"Sep 15, 2021",MBL,SELL,133,394.0,52402.0,753120.4,725637.6,1492719.8,11039.0,26.69%,20-Day SMA crossed below 50-Day SMA indicating bearish momentum.
"Sep 20, 2021",ALICL,BUY,42,1190.0,49980.0,703140.4,775617.6,1397644.6,0.0,0.00%,Price dropped 12% below SMA; dip buying opportunity detected.
"Sep 20, 2021",CORBL,SELL,34,872.0,29648.0,732788.4,739115.2,1397644.6,-6854.4,-18.78%,Stop-loss activated after 15% downside protection threshold.
"Sep 20, 2021",EDBL,SELL,39,686.5,26773.5,759561.9,704990.2,1397644.6,-7351.5,-21.54%,Stop-loss activated after 15% downside protection threshold.
"Sep 20, 2021",GFCL,SELL,45,718.2,32319.0,791880.9,666965.2,1397644.6,-5706.0,-15.01%,Stop-loss activated after 15% downside protection threshold.
"Sep 20, 2021",ICFC,SELL,52,760.5,39546.0,831426.9,617320.8,1397644.6,-10098.4,-20.34%,Stop-loss activated after 15% downside protection threshold.
"Sep 20, 2021",JFL,SELL,61,614.0,37454.0,868880.9,572058.8,1397644.6,-7808.0,-17.25%,Stop-loss activated after 15% downside protection threshold.
"Sep 20, 2021",LICN,BUY,27,1845.0,49815.0,819065.9,621873.8,1397644.6,0.0,0.00%,Price dropped 12% below SMA; dip buying opportunity detected.
"Sep 20, 2021",NABIL,SELL,28,1393.0,39004.0,858069.9,579887.8,1397644.6,-2982.0,-7.10%,20-Day SMA crossed below 50-Day SMA indicating bearish momentum.
"Sep 20, 2021",PCBL,SELL,61,462.0,28182.0,886251.9,552193.8,1397644.6,488.0,1.76%,20-Day SMA crossed below 50-Day SMA indicating bearish momentum.
"Sep 20, 2021",PROFL,SELL,92,422.1,38833.2,925085.1,502201.0,1397644.6,-11159.6,-22.32%,Stop-loss activated after 15% downside protection threshold.
"Sep 21, 2021",ADBL,SELL,63,507.0,31941.0,957026.1,475111.0,1400885.1,4851.0,17.91%,20-Day SMA crossed below 50-Day SMA indicating bearish momentum.
"Sep 22, 2021",BPCL,SELL,88,537.0,47256.0,1004282.1,428031.0,1430308.1,176.0,0.37%,20-Day SMA crossed below 50-Day SMA indicating bearish momentum.
"Sep 26, 2021",EDBL,BUY,76,656.0,49856.0,954426.1,477887.0,1410703.9,0.0,0.00%,Price dropped 12% below SMA; dip buying opportunity detected.
"Sep 26, 2021",GFCL,BUY,68,728.0,49504.0,904922.1,527391.0,1410703.9,0.0,0.00%,Price dropped 12% below SMA; dip buying opportunity detected.
"Sep 26, 2021",ICFC,BUY,65,760.0,49400.0,855522.1,576791.0,1410703.9,0.0,0.00%,Price dropped 12% below SMA; dip buying opportunity detected.
"Sep 26, 2021",JFL,BUY,80,622.0,49760.0,805762.1,626551.0,1410703.9,0.0,0.00%,Price dropped 12% below SMA; dip buying opportunity detected.
"Sep 26, 2021",PROFL,BUY,122,407.0,49654.0,756108.1,676205.0,1410703.9,0.0,0.00%,Price dropped 12% below SMA; dip buying opportunity detected.
"Sep 27, 2021",AHPC,SELL,74,492.0,36408.0,792516.1,626625.0,1377526.3,-13172.0,-26.57%,Stop-loss activated after 15% downside protection threshold.
"Sep 27, 2021",CFCL,SELL,76,533.0,40508.0,833024.1,577073.0,1377526.3,-9044.0,-18.25%,Stop-loss activated after 15% downside protection threshold.
"Sep 27, 2021",CORBL,BUY,59,837.0,49383.0,783641.1,626456.0,1377526.3,0.0,0.00%,Price dropped 12% below SMA; dip buying opportunity detected.
"Sep 27, 2021",GMFIL,SELL,74,519.0,38406.0,822047.1,580946.0,1377526.3,-7104.0,-15.61%,Stop-loss activated after 15% downside protection threshold.
"Sep 28, 2021",BPCL,BUY,104,477.5,49660.0,772387.1,630606.0,1352674.7,0.0,0.00%,Price dropped 12% below SMA; dip buying opportunity detected.
"Sep 28, 2021",GBBL,SELL,68,545.0,37060.0,809447.1,588174.0,1352674.7,-5372.0,-12.66%,20-Day SMA crossed below 50-Day SMA indicating bearish momentum.
"Sep 30, 2021",GFCL,SELL,68,611.0,41548.0,850995.1,538670.0,1353331.9,-7956.0,-16.07%,Stop-loss activated after 15% downside protection threshold.
"Sep 30, 2021",JBBL,SELL,87,483.0,42021.0,893016.1,488819.0,1353331.9,-7830.0,-15.71%,Stop-loss activated after 15% downside protection threshold.
"Sep 30, 2021",KBL,BUY,169,294.2,49719.8,843296.3,538538.8,1353331.9,0.0,0.00%,Price dropped 12% below SMA; dip buying opportunity detected.
"Oct 03, 2021",AHPC,BUY,115,432.0,49680.0,793616.3,588218.8,1334836.8,0.0,0.00%,Price dropped 12% below SMA; dip buying opportunity detected.
"Oct 03, 2021",CFCL,BUY,102,489.9,49969.8,743646.5,638188.6,1334836.8,0.0,0.00%,Price dropped 12% below SMA; dip buying opportunity detected.
"Oct 03, 2021",GMFIL,BUY,109,457.7,49889.3,693757.2,688077.9,1334836.8,0.0,0.00%,Price dropped 12% below SMA; dip buying opportunity detected.
"Oct 03, 2021",ICFC,SELL,65,640.0,41600.0,735357.2,638677.9,1334836.8,-7800.0,-15.79%,Stop-loss activated after 15% downside protection threshold.
"Oct 03, 2021",JFL,SELL,80,523.0,41840.0,777197.2,588917.9,1334836.8,-7920.0,-15.92%,Stop-loss activated after 15% downside protection threshold.
"Oct 03, 2021",NHPC,SELL,106,381.0,40386.0,817583.2,539362.9,1334836.8,-9169.0,-18.50%,Stop-loss activated after 15% downside protection threshold.
"Oct 04, 2021",CORBL,SELL,59,760.0,44840.0,862423.2,489979.9,1323171.7,-4543.0,-9.20%,20-Day SMA crossed below 50-Day SMA indicating bearish momentum.
"Oct 04, 2021",EDBL,SELL,76,532.0,40432.0,902855.2,440123.9,1323171.7,-9424.0,-18.90%,Stop-loss activated after 15% downside protection threshold.
"Oct 04, 2021",GFCL,BUY,85,588.0,49980.0,852875.2,490103.9,1323171.7,0.0,0.00%,Price dropped 12% below SMA; dip buying opportunity detected.
"Oct 04, 2021",JBBL,BUY,110,452.0,49720.0,803155.2,539823.9,1323171.7,0.0,0.00%,Price dropped 12% below SMA; dip buying opportunity detected.
"Oct 04, 2021",PROFL,SELL,122,337.0,41114.0,844269.2,490169.9,1323171.7,-8540.0,-17.20%,Stop-loss activated after 15% downside protection threshold.
"Oct 05, 2021",NABBC,SELL,52,760.0,39520.0,883789.2,448413.9,1341796.7,-2236.0,-5.35%,20-Day SMA crossed below 50-Day SMA indicating bearish momentum.
"Oct 10, 2021",CZBIL,BUY,149,333.5,49691.5,834097.7,498105.4,1352993.0,0.0,0.00%,Price dropped 12% below SMA; dip buying opportunity detected.
"Oct 10, 2021",EDBL,BUY,88,565.5,49764.0,784333.7,547869.4,1352993.0,0.0,0.00%,Price dropped 12% below SMA; dip buying opportunity detected.
"Oct 11, 2021",CHCL,BUY,83,602.0,49966.0,734367.7,597835.4,1345521.0,0.0,0.00%,Strong upward trend confirmed (5-day return: 10.46%).
"Oct 11, 2021",JFL,BUY,85,585.0,49725.0,684642.7,647560.4,1345521.0,0.0,0.00%,Strong upward trend confirmed (5-day return: 11.85%).
"Oct 11, 2021",PROFL,BUY,125,399.0,49875.0,634767.7,697435.4,1345521.0,0.0,0.00%,Strong upward trend confirmed (5-day return: 14.66%).
"Oct 18, 2021",ICFC,BUY,77,645.0,49665.0,585102.7,747100.4,1320678.1,0.0,0.00%,Price dropped 12% below SMA; dip buying opportunity detected.
"Oct 18, 2021",NABBC,BUY,69,720.0,49680.0,535422.7,796780.4,1320678.1,0.0,0.00%,Price dropped 12% below SMA; dip buying opportunity detected.
"Oct 19, 2021",AHPC,SELL,115,354.1,40721.5,576144.2,747100.4,1283015.8,-8958.5,-18.03%,Stop-loss activated after 15% downside protection threshold.
"Oct 19, 2021",NHPC,BUY,149,334.0,49766.0,526378.2,796866.4,1283015.8,0.0,0.00%,Price dropped 12% below SMA; dip buying opportunity detected.
"Oct 24, 2021",AHPC,BUY,123,403.5,49630.5,476747.7,846496.9,1316436.5,0.0,0.00%,Price dropped 12% below SMA; dip buying opportunity detected.
"Oct 24, 2021",MBL,BUY,149,319.0,47531.0,429216.7,894027.9,1316436.5,0.0,0.00%,Price dropped 12% below SMA; dip buying opportunity detected.
"Oct 24, 2021",SANIMA,BUY,106,402.0,42612.0,386604.7,936639.9,1316436.5,0.0,0.00%,Price dropped 12% below SMA; dip buying opportunity detected.
"Oct 26, 2021",CORBL,BUY,45,845.0,38025.0,348579.7,974664.9,1407107.6,0.0,0.00%,Strong upward trend confirmed (5-day return: 12.79%).
"Oct 26, 2021",GBBL,BUY,59,588.0,34692.0,313887.7,1009356.9,1407107.6,0.0,0.00%,Strong upward trend confirmed (5-day return: 12.21%).
"Oct 27, 2021",NABIL,BUY,19,1606.0,30514.0,283373.7,1039870.9,1410869.5,0.0,0.00%,20-Day SMA crossed above 50-Day SMA indicating bullish momentum.
"Nov 08, 2021",ICFC,SELL,77,1063.0,81851.0,365224.7,990205.9,1490980.5,32186.0,64.81%,Take Profit Triggered: +64.81% gain achieved.
"Nov 18, 2021",ICFC,BUY,40,900.0,36000.0,329224.7,1026205.9,1465519.8,0.0,0.00%,20-Day SMA crossed above 50-Day SMA indicating bullish momentum.
"Nov 28, 2021",CZBIL,SELL,149,279.0,41571.0,370795.7,976514.4,1398922.1,-8120.5,-16.34%,Stop-loss activated after 15% downside protection threshold.
"Nov 29, 2021",GBIME,BUY,114,323.9,36924.6,333871.1,1013439.0,1394128.3,0.0,0.00%,Price dropped 12% below SMA; dip buying opportunity detected.
"Dec 05, 2021",BPCL,SELL,104,460.0,47840.0,381711.1,963779.0,1348001.2,-1820.0,-3.66%,20-Day SMA crossed below 50-Day SMA indicating bearish momentum.
"Dec 05, 2021",EBL,BUY,70,538.0,37660.0,344051.1,1001439.0,1348001.2,0.0,0.00%,Price dropped 12% below SMA; dip buying opportunity detected.
"Dec 05, 2021",ICFC,SELL,40,748.1,29924.0,373975.1,965439.0,1348001.2,-6076.0,-16.88%,Stop-loss activated after 15% downside protection threshold.
"Dec 05, 2021",KBL,SELL,169,245.0,41405.0,415380.1,915719.2,1348001.2,-8314.8,-16.72%,Stop-loss activated after 15% downside protection threshold.
"Dec 07, 2021",CHCL,SELL,83,540.0,44820.0,460200.1,865753.2,1345070.4,-5146.0,-10.30%,20-Day SMA crossed below 50-Day SMA indicating bearish momentum.
"Dec 08, 2021",LICN,SELL,27,1849.5,49936.5,510136.6,815938.2,1313850.7,121.5,0.24%,20-Day SMA crossed below 50-Day SMA indicating bearish momentum.
"Dec 08, 2021",PCBL,BUY,138,360.9,49804.2,460332.4,865742.4,1313850.7,0.0,0.00%,Price dropped 12% below SMA; dip buying opportunity detected.
"Dec 09, 2021",ALICL,SELL,42,1088.9,45733.8,506066.2,815762.4,1308346.9,-4246.2,-8.50%,20-Day SMA crossed below 50-Day SMA indicating bearish momentum.
"Dec 09, 2021",GMFIL,SELL,109,433.0,47197.0,553263.2,765873.1,1308346.9,-2692.3,-5.40%,20-Day SMA crossed below 50-Day SMA indicating bearish momentum.
"Dec 09, 2021",ICFC,BUY,79,627.0,49533.0,503730.2,815406.1,1308346.9,0.0,0.00%,Price dropped 12% below SMA; dip buying opportunity detected.
"Dec 09, 2021",SANIMA,SELL,106,339.0,35934.0,539664.2,772794.1,1308346.9,-6678.0,-15.67%,Stop-loss activated after 15% downside protection threshold.
"Dec 12, 2021",CHCL,BUY,101,490.2,49510.2,490154.0,822304.3,1241161.2,0.0,0.00%,Price dropped 12% below SMA; dip buying opportunity detected.
"Dec 12, 2021",CIT,BUY,17,2778.0,47226.0,442928.0,869530.3,1241161.2,0.0,0.00%,Price dropped 12% below SMA; dip buying opportunity detected.
"Dec 12, 2021",GBBL,SELL,59,489.0,28851.0,471779.0,834838.3,1241161.2,-5841.0,-16.84%,Stop-loss activated after 15% downside protection threshold.
"Dec 12, 2021",JBBL,SELL,110,413.0,45430.0,517209.0,785118.3,1241161.2,-4290.0,-8.63%,20-Day SMA crossed below 50-Day SMA indicating bearish momentum.
"Dec 12, 2021",NABBC,SELL,69,485.0,33465.0,550674.0,735438.3,1241161.2,-16215.0,-32.64%,Stop-loss activated after 15% downside protection threshold.
"Dec 12, 2021",PROFL,SELL,125,335.0,41875.0,592549.0,685563.3,1241161.2,-8000.0,-16.04%,Stop-loss activated after 15% downside protection threshold.
"Dec 12, 2021",SBI,BUY,141,353.0,49773.0,542776.0,735336.3,1241161.2,0.0,0.00%,20-Day SMA crossed above 50-Day SMA indicating bullish momentum.
"Dec 13, 2021",ALICL,BUY,51,978.0,49878.0,492898.0,785214.3,1205212.1,0.0,0.00%,Price dropped 12% below SMA; dip buying opportunity detected.
"Dec 13, 2021",BPCL,BUY,120,409.0,49080.0,443818.0,834294.3,1205212.1,0.0,0.00%,Price dropped 12% below SMA; dip buying opportunity detected.
"Dec 13, 2021",CFCL,SELL,102,397.1,40504.2,484322.2,784324.5,1205212.1,-9465.6,-18.94%,Stop-loss activated after 15% downside protection threshold.
"Dec 13, 2021",EDBL,SELL,88,471.1,41456.8,525779.0,734560.5,1205212.1,-8307.2,-16.69%,Stop-loss activated after 15% downside protection threshold.
"Dec 13, 2021",GMFIL,BUY,126,394.0,49644.0,476135.0,784204.5,1205212.1,0.0,0.00%,Price dropped 12% below SMA; dip buying opportunity detected.
"Dec 13, 2021",ICFC,SELL,79,527.0,41633.0,517768.0,734671.5,1205212.1,-7900.0,-15.95%,Stop-loss activated after 15% downside protection threshold.
"Dec 13, 2021",JFL,SELL,85,485.0,41225.0,558993.0,684946.5,1205212.1,-8500.0,-17.09%,Stop-loss activated after 15% downside protection threshold.
"Dec 14, 2021",NABIL,SELL,19,1460.0,27740.0,586733.0,654432.5,1247858.0,-2774.0,-9.09%,20-Day SMA crossed below 50-Day SMA indicating bearish momentum.
"Dec 15, 2021",GFCL,SELL,85,610.5,51892.5,638625.5,604452.5,1251258.4,1912.5,3.83%,20-Day SMA crossed below 50-Day SMA indicating bearish momentum.
"Dec 16, 2021",GBBL,BUY,103,482.0,49646.0,588979.5,654098.5,1242620.6,0.0,0.00%,Price dropped 12% below SMA; dip buying opportunity detected.
"Dec 16, 2021",NABBC,BUY,101,495.0,49995.0,538984.5,704093.5,1242620.6,0.0,0.00%,Price dropped 12% below SMA; dip buying opportunity detected.
"Dec 16, 2021",NHPC,SELL,149,341.0,50809.0,589793.5,654327.5,1242620.6,1043.0,2.10%,20-Day SMA crossed below 50-Day SMA indicating bearish momentum.
"Dec 20, 2021",CFCL,BUY,122,408.0,49776.0,540017.5,704103.5,1229419.0,0.0,0.00%,Price dropped 12% below SMA; dip buying opportunity detected.
"Dec 20, 2021",EDBL,BUY,111,449.0,49839.0,490178.5,753942.5,1229419.0,0.0,0.00%,Price dropped 12% below SMA; dip buying opportunity detected.
"Dec 20, 2021",GFCL,BUY,86,568.0,48848.0,441330.5,802790.5,1229419.0,0.0,0.00%,Price dropped 12% below SMA; dip buying opportunity detected.
"Dec 20, 2021",ICFC,BUY,77,572.0,44044.0,397286.5,846834.5,1229419.0,0.0,0.00%,Price dropped 12% below SMA; dip buying opportunity detected.
"Dec 20, 2021",JFL,BUY,76,520.0,39520.0,357766.5,886354.5,1229419.0,0.0,0.00%,Price dropped 12% below SMA; dip buying opportunity detected.
"Dec 20, 2021",NHPC,BUY,109,328.0,35752.0,322014.5,922106.5,1229419.0,0.0,0.00%,Price dropped 12% below SMA; dip buying opportunity detected.
"Dec 21, 2021",ADBL,BUY,68,468.0,31824.0,290190.5,953930.5,1260206.5,0.0,0.00%,Strong upward trend confirmed (5-day return: 11.16%).
"Dec 21, 2021",NABBC,SELL,101,475.0,47975.0,338165.5,903935.5,1260206.5,-2020.0,-4.04%,20-Day SMA crossed below 50-Day SMA indicating bearish momentum.
"Dec 21, 2021",PROFL,BUY,97,346.0,33562.0,304603.5,937497.5,1260206.5,0.0,0.00%,Strong upward trend confirmed (5-day return: 11.25%).
"Dec 26, 2021",LICN,BUY,15,2024.0,30360.0,274243.5,967857.5,1306324.1,0.0,0.00%,Strong upward trend confirmed (5-day return: 15.59%).
"Dec 26, 2021",NABBC,BUY,52,520.0,27040.0,247203.5,994897.5,1306324.1,0.0,0.00%,Price dropped 12% below SMA; dip buying opportunity detected.
"Dec 27, 2021",JBBL,BUY,63,390.8,24620.4,222583.1,1019517.9,1267826.6,0.0,0.00%,Price dropped 12% below SMA; dip buying opportunity detected.
"Dec 28, 2021",SBI,SELL,141,345.1,48659.1,271242.2,969744.9,1274880.8,-1113.9,-2.24%,20-Day SMA crossed below 50-Day SMA indicating bearish momentum.
"Jan 02, 2022",NABIL,BUY,23,1144.0,26312.0,244930.2,996056.9,1276285.0,0.0,0.00%,Price dropped 12% below SMA; dip buying opportunity detected.
"Jan 04, 2022",CZBIL,BUY,81,302.0,24462.0,220468.2,1020518.9,1328882.1,0.0,0.00%,Strong upward trend confirmed (5-day return: 10.62%).
"Jan 04, 2022",SBI,BUY,57,385.0,21945.0,198523.2,1042463.9,1328882.1,0.0,0.00%,20-Day SMA crossed above 50-Day SMA indicating bullish momentum.
"Jan 06, 2022",KBL,BUY,73,269.8,19695.4,178827.8,1062159.3,1328643.7,0.0,0.00%,Strong upward trend confirmed (5-day return: 12.42%).
"Jan 09, 2022",NMB,BUY,49,364.0,17836.0,160991.8,1079995.3,1378109.6,0.0,0.00%,Strong upward trend confirmed (5-day return: 10.47%).
"Jan 10, 2022",CORBL,SELL,45,500.2,22509.0,183500.8,1041970.3,1364892.1,-15516.0,-40.80%,Stop-loss activated after 15% downside protection threshold.
"Jan 16, 2022",CORBL,BUY,27,660.0,17820.0,165680.8,1059790.3,1436548.9,0.0,0.00%,Price dropped 12% below SMA; dip buying opportunity detected.
"Jan 17, 2022",SANIMA,BUY,41,395.0,16195.0,149485.8,1075985.3,1442358.1,0.0,0.00%,20-Day SMA crossed above 50-Day SMA indicating bullish momentum.
"Feb 13, 2022",CORBL,SELL,27,531.2,14342.4,163828.2,1058165.3,1286012.7,-3477.6,-19.52%,Stop-loss activated after 15% downside protection threshold.
"Feb 14, 2022",ALICL,SELL,51,902.0,46002.0,209830.2,1008287.3,1288966.5,-3876.0,-7.77%,20-Day SMA crossed below 50-Day SMA indicating bearish momentum.
"Feb 16, 2022",BPCL,SELL,120,429.0,51480.0,261310.2,959207.3,1299543.5,2400.0,4.89%,20-Day SMA crossed below 50-Day SMA indicating bearish momentum.
"Feb 17, 2022",SANIMA,SELL,41,343.0,14063.0,275373.2,943012.3,1299363.9,-2132.0,-13.16%,20-Day SMA crossed below 50-Day SMA indicating bearish momentum.
"Feb 20, 2022",ALICL,BUY,30,890.0,26700.0,248673.2,969712.3,1278573.2,0.0,0.00%,Price dropped 12% below SMA; dip buying opportunity detected.
"Feb 20, 2022",JBBL,SELL,63,405.0,25515.0,274188.2,945091.9,1278573.2,894.6,3.63%,20-Day SMA crossed below 50-Day SMA indicating bearish momentum.
"Feb 20, 2022",MBL,SELL,149,306.0,45594.0,319782.2,897560.9,1278573.2,-1937.0,-4.08%,20-Day SMA crossed below 50-Day SMA indicating bearish momentum.
"Feb 21, 2022",JFL,SELL,76,540.2,41055.2,360837.4,858040.9,1289745.9,1535.2,3.88%,20-Day SMA crossed below 50-Day SMA indicating bearish momentum.
"Feb 21, 2022",KBL,SELL,73,247.5,18067.5,378904.9,838345.5,1289745.9,-1627.9,-8.27%,20-Day SMA crossed below 50-Day SMA indicating bearish momentum.
"Feb 23, 2022",CZBIL,SELL,81,279.0,22599.0,401503.9,813883.5,1293111.5,-1863.0,-7.62%,20-Day SMA crossed below 50-Day SMA indicating bearish momentum.
"Feb 23, 2022",EBL,SELL,70,582.0,40740.0,442243.9,776223.5,1293111.5,3080.0,8.18%,20-Day SMA crossed below 50-Day SMA indicating bearish momentum.
"Feb 23, 2022",GMFIL,SELL,126,440.0,55440.0,497683.9,726579.5,1293111.5,5796.0,11.68%,20-Day SMA crossed below 50-Day SMA indicating bearish momentum.
"Feb 24, 2022",ADBL,SELL,68,397.0,26996.0,524679.9,694755.5,1271213.9,-4828.0,-15.17%,Stop-loss activated after 15% downside protection threshold.
"Feb 24, 2022",EDBL,SELL,111,489.0,54279.0,578958.9,644916.5,1271213.9,4440.0,8.91%,20-Day SMA crossed below 50-Day SMA indicating bearish momentum.
"Feb 28, 2022",CHCL,SELL,101,505.0,51005.0,629963.9,595406.3,1252935.6,1494.8,3.02%,20-Day SMA crossed below 50-Day SMA indicating bearish momentum.
"Feb 28, 2022",CIT,SELL,17,3038.0,51646.0,681609.9,548180.3,1252935.6,4420.0,9.36%,20-Day SMA crossed below 50-Day SMA indicating bearish momentum.
"Feb 28, 2022",JFL,BUY,98,509.0,49882.0,631727.9,598062.3,1252935.6,0.0,0.00%,Price dropped 12% below SMA; dip buying opportunity detected.
"Feb 28, 2022",LICN,SELL,15,1896.9,28453.5,660181.4,567702.3,1252935.6,-1906.5,-6.28%,20-Day SMA crossed below 50-Day SMA indicating bearish momentum.
"Feb 28, 2022",PROFL,SELL,97,352.0,34144.0,694325.4,534140.3,1252935.6,582.0,1.73%,20-Day SMA crossed below 50-Day SMA indicating bearish momentum.
"Mar 02, 2022",CFCL,SELL,122,417.0,50874.0,745199.4,484364.3,1234622.8,1098.0,2.21%,20-Day SMA crossed below 50-Day SMA indicating bearish momentum.
"Mar 02, 2022",EDBL,BUY,110,454.0,49940.0,695259.4,534304.3,1234622.8,0.0,0.00%,Price dropped 12% below SMA; dip buying opportunity detected.
"Mar 02, 2022",NABBC,SELL,52,501.8,26093.6,721353.0,507264.3,1234622.8,-946.4,-3.50%,20-Day SMA crossed below 50-Day SMA indicating bearish momentum.
"Mar 02, 2022",NMB,SELL,49,309.1,15145.9,736498.9,489428.3,1234622.8,-2690.1,-15.08%,Stop-loss activated after 15% downside protection threshold.
"Mar 02, 2022",SBI,SELL,57,353.0,20121.0,756619.9,467483.3,1234622.8,-1824.0,-8.31%,20-Day SMA crossed below 50-Day SMA indicating bearish momentum.
"Mar 06, 2022",GFCL,SELL,86,585.0,50310.0,806929.9,418635.3,1233403.4,1462.0,2.99%,20-Day SMA crossed below 50-Day SMA indicating bearish momentum.
"Mar 07, 2022",GBBL,SELL,103,535.5,55156.5,862086.4,368989.3,1230676.1,5510.5,11.10%,20-Day SMA crossed below 50-Day SMA indicating bearish momentum.
"Mar 09, 2022",CORBL,BUY,104,478.0,49712.0,812374.4,418701.3,1224393.0,0.0,0.00%,Price dropped 12% below SMA; dip buying opportunity detected.
"Mar 09, 2022",ICFC,SELL,77,649.7,50026.9,862401.3,374657.3,1224393.0,5982.9,13.58%,20-Day SMA crossed below 50-Day SMA indicating bearish momentum.
"Mar 10, 2022",GBIME,SELL,114,318.0,36252.0,898653.3,337732.7,1236979.8,-672.6,-1.82%,20-Day SMA crossed below 50-Day SMA indicating bearish momentum.
"Mar 13, 2022",JBBL,BUY,117,425.0,49725.0,848928.3,387457.7,1254904.3,0.0,0.00%,Strong upward trend confirmed (5-day return: 10.68%).
"Mar 14, 2022",NHPC,SELL,109,327.0,35643.0,884571.3,351705.7,1256648.2,-109.0,-0.30%,20-Day SMA crossed below 50-Day SMA indicating bearish momentum.
"Mar 15, 2022",LICN,BUY,24,2049.8,49195.2,835376.1,400900.9,1254199.6,0.0,0.00%,Strong upward trend confirmed (5-day return: 13.38%).
"Mar 16, 2022",CFCL,BUY,113,440.0,49720.0,785656.1,450620.9,1249812.1,0.0,0.00%,Strong upward trend confirmed (5-day return: 10.03%).
"Mar 16, 2022",GFCL,BUY,81,615.0,49815.0,735841.1,500435.9,1249812.1,0.0,0.00%,Strong upward trend confirmed (5-day return: 10.10%).
"Mar 20, 2022",AHPC,SELL,123,496.0,61008.0,796849.1,450805.4,1247300.1,11377.5,22.92%,20-Day SMA crossed below 50-Day SMA indicating bearish momentum.
"Mar 20, 2022",GBBL,BUY,106,469.0,49714.0,747135.1,500519.4,1247300.1,0.0,0.00%,Price dropped 12% below SMA; dip buying opportunity detected.
"Mar 20, 2022",NHPC,BUY,157,318.0,49926.0,697209.1,550445.4,1247300.1,0.0,0.00%,Price dropped 12% below SMA; dip buying opportunity detected.
"Apr 05, 2022",ICFC,BUY,89,558.0,49662.0,647547.1,600107.4,1196172.1,0.0,0.00%,Price dropped 12% below SMA; dip buying opportunity detected.
"Apr 05, 2022",NABBC,BUY,117,425.1,49736.7,597810.4,649844.1,1196172.1,0.0,0.00%,Price dropped 12% below SMA; dip buying opportunity detected.
"Apr 05, 2022",PCBL,SELL,138,303.0,41814.0,639624.4,600039.9,1196172.1,-7990.2,-16.04%,Stop-loss activated after 15% downside protection threshold.
"Apr 06, 2022",NABIL,SELL,23,965.0,22195.0,661819.4,573727.9,1188442.4,-4117.0,-15.65%,Stop-loss activated after 15% downside protection threshold.
"Apr 11, 2022",NHPC,SELL,157,268.0,42076.0,703895.4,523801.9,1185142.4,-7850.0,-15.72%,Stop-loss activated after 15% downside protection threshold.
"Apr 12, 2022",AHPC,BUY,121,413.0,49973.0,653922.4,573774.9,1173210.3,0.0,0.00%,Price dropped 12% below SMA; dip buying opportunity detected.
"Apr 12, 2022",GFCL,SELL,81,518.0,41958.0,695880.4,523959.9,1173210.3,-7857.0,-15.77%,Stop-loss activated after 15% downside protection threshold.
"Apr 12, 2022",JFL,SELL,98,431.0,42238.0,738118.4,474077.9,1173210.3,-7644.0,-15.32%,Stop-loss activated after 15% downside protection threshold.
"Apr 17, 2022",CFCL,SELL,113,373.0,42149.0,780267.4,424357.9,1170136.9,-7571.0,-15.23%,Stop-loss activated after 15% downside protection threshold.
"Apr 17, 2022",JFL,BUY,119,419.0,49861.0,730406.4,474218.9,1170136.9,0.0,0.00%,Price dropped 12% below SMA; dip buying opportunity detected.
"Apr 17, 2022",NHPC,BUY,196,255.0,49980.0,680426.4,524198.9,1170136.9,0.0,0.00%,Price dropped 12% below SMA; dip buying opportunity detected.
"Apr 18, 2022",GFCL,BUY,103,485.0,49955.0,630471.4,574153.9,1156987.1,0.0,0.00%,Price dropped 12% below SMA; dip buying opportunity detected.
"Apr 18, 2022",GMFIL,BUY,146,342.0,49932.0,580539.4,624085.9,1156987.1,0.0,0.00%,Price dropped 12% below SMA; dip buying opportunity detected.
"Apr 20, 2022",GBBL,SELL,106,392.0,41552.0,622091.4,574371.9,1142565.0,-8162.0,-16.42%,Stop-loss activated after 15% downside protection threshold.
"Apr 20, 2022",JBBL,SELL,117,356.1,41663.7,663755.1,524646.9,1142565.0,-8061.3,-16.21%,Stop-loss activated after 15% downside protection threshold.
"Apr 21, 2022",NABBC,SELL,117,360.0,42120.0,705875.1,474910.2,1142690.1,-7616.7,-15.31%,Stop-loss activated after 15% downside protection threshold.
"Apr 26, 2022",LICN,SELL,24,1840.0,44160.0,750035.1,425715.0,1168543.0,-5035.2,-10.24%,20-Day SMA crossed below 50-Day SMA indicating bearish momentum.
"May 04, 2022",ALICL,SELL,30,750.0,22500.0,772535.1,399015.0,1136000.2,-4200.0,-15.73%,Stop-loss activated after 15% downside protection threshold.
"May 04, 2022",CFCL,BUY,157,316.8,49737.6,722797.5,448752.6,1136000.2,0.0,0.00%,Price dropped 12% below SMA; dip buying opportunity detected.
"May 04, 2022",ICFC,SELL,89,466.0,41474.0,764271.5,399090.6,1136000.2,-8188.0,-16.49%,Stop-loss activated after 15% downside protection threshold.
"May 05, 2022",EDBL,SELL,110,382.0,42020.0,806291.5,349150.6,1125813.0,-7920.0,-15.86%,Stop-loss activated after 15% downside protection threshold.
"May 11, 2022",PROFL,BUY,160,311.1,49776.0,756515.5,398926.6,1171680.3,0.0,0.00%,Strong upward trend confirmed (5-day return: 10.71%).
"May 18, 2022",ALICL,BUY,76,651.0,49476.0,707039.5,448402.6,1152043.6,0.0,0.00%,Price dropped 12% below SMA; dip buying opportunity detected.
"May 23, 2022",LICN,BUY,34,1451.0,49334.0,657705.5,497736.6,1127031.4,0.0,0.00%,Price dropped 12% below SMA; dip buying opportunity detected.
"May 25, 2022",CORBL,SELL,104,392.0,40768.0,698473.5,448024.6,1132345.7,-8944.0,-17.99%,Stop-loss activated after 15% downside protection threshold.
"May 27, 2022",NABBC,BUY,125,397.0,49625.0,648848.5,497649.6,1127554.8,0.0,0.00%,Strong upward trend confirmed (5-day return: 15.07%).
"May 30, 2022",CORBL,BUY,136,365.0,49640.0,599208.5,547289.6,1112123.7,0.0,0.00%,Price dropped 12% below SMA; dip buying opportunity detected.
"May 30, 2022",PROFL,SELL,160,262.9,42064.0,641272.5,497513.6,1112123.7,-7712.0,-15.49%,Stop-loss activated after 15% downside protection threshold.
"May 31, 2022",GMFIL,SELL,146,282.3,41215.8,682488.3,447581.6,1103268.2,-8716.2,-17.46%,Stop-loss activated after 15% downside protection threshold.
"Jun 06, 2022",ALICL,SELL,76,539.0,40964.0,723452.3,398105.6,1093808.1,-8512.0,-17.20%,Stop-loss activated after 15% downside protection threshold.
"Jun 06, 2022",HBL,BUY,139,358.9,49887.1,673565.2,447992.7,1093808.1,0.0,0.00%,Price dropped 12% below SMA; dip buying opportunity detected.
"Jun 06, 2022",LICN,SELL,34,1221.9,41544.6,715109.8,398658.7,1093808.1,-7789.4,-15.79%,Stop-loss activated after 15% downside protection threshold.
"Jun 07, 2022",GMFIL,BUY,186,268.0,49848.0,665261.8,448506.7,1084655.6,0.0,0.00%,Price dropped 12% below SMA; dip buying opportunity detected.
"Jun 07, 2022",PROFL,BUY,206,242.7,49996.2,615265.6,498502.9,1084655.6,0.0,0.00%,Price dropped 12% below SMA; dip buying opportunity detected.
"Jun 10, 2022",GFCL,SELL,103,411.0,42333.0,657598.6,448547.9,1084570.1,-7622.0,-15.26%,Stop-loss activated after 15% downside protection threshold.
"Jun 13, 2022",CORBL,SELL,136,308.0,41888.0,699486.6,398907.9,1077200.8,-7752.0,-15.62%,Stop-loss activated after 15% downside protection threshold.
"Jun 13, 2022",HBL,SELL,139,304.0,42256.0,741742.6,349020.8,1077200.8,-7631.1,-15.30%,Stop-loss activated after 15% downside protection threshold.
"Jun 15, 2022",CFCL,SELL,157,268.0,42076.0,783818.6,299283.2,1060114.8,-7661.6,-15.40%,Stop-loss activated after 15% downside protection threshold.
"Jun 15, 2022",JFL,SELL,119,355.0,42245.0,826063.6,249422.2,1060114.8,-7616.0,-15.27%,Stop-loss activated after 15% downside protection threshold.
"Jun 15, 2022",LICN,BUY,45,1110.0,49950.0,776113.6,299372.2,1060114.8,0.0,0.00%,Price dropped 12% below SMA; dip buying opportunity detected.
"Jun 16, 2022",NHPC,SELL,196,244.0,47824.0,823937.6,249392.2,1063992.0,-2156.0,-4.31%,20-Day SMA crossed below 50-Day SMA indicating bearish momentum.
"Jun 17, 2022",CORBL,BUY,178,280.0,49840.0,774097.6,299232.2,1061701.9,0.0,0.00%,Price dropped 12% below SMA; dip buying opportunity detected.
"Jun 17, 2022",HBL,BUY,166,300.0,49800.0,724297.6,349032.2,1061701.9,0.0,0.00%,Price dropped 12% below SMA; dip buying opportunity detected.
"Jun 20, 2022",AHPC,SELL,121,348.8,42204.8,766502.4,299059.2,1039923.3,-7768.2,-15.54%,Stop-loss activated after 15% downside protection threshold.
"Jun 20, 2022",CFCL,BUY,200,249.0,49800.0,716702.4,348859.2,1039923.3,0.0,0.00%,Price dropped 12% below SMA; dip buying opportunity detected.
"Jun 20, 2022",JBBL,BUY,185,270.0,49950.0,666752.4,398809.2,1039923.3,0.0,0.00%,Price dropped 12% below SMA; dip buying opportunity detected.
"Jun 20, 2022",NHPC,BUY,226,221.0,49946.0,616806.4,448755.2,1039923.3,0.0,0.00%,Price dropped 12% below SMA; dip buying opportunity detected.
"Jun 23, 2022",CORBL,SELL,178,226.0,40228.0,657034.4,398915.2,1026626.5,-9612.0,-19.29%,Stop-loss activated after 15% downside protection threshold.
"Jun 23, 2022",NABBC,SELL,125,336.0,42000.0,699034.4,349290.2,1026626.5,-7625.0,-15.37%,Stop-loss activated after 15% downside protection threshold.
"Jun 23, 2022",PROFL,SELL,206,199.0,40994.0,740028.4,299294.0,1026626.5,-9002.2,-18.01%,Stop-loss activated after 15% downside protection threshold.
"Jun 24, 2022",AHPC,BUY,151,330.1,49845.1,690183.3,349139.1,1035262.9,0.0,0.00%,Price dropped 12% below SMA; dip buying opportunity detected.
"Jun 27, 2022",CORBL,BUY,200,250.0,50000.0,640183.3,399139.1,1057016.8,0.0,0.00%,Price dropped 12% below SMA; dip buying opportunity detected.
"Jun 28, 2022",ALICL,BUY,86,577.0,49622.0,590561.3,448761.1,1051545.4,0.0,0.00%,Strong upward trend confirmed (5-day return: 13.36%).
"Jun 29, 2022",CHCL,BUY,126,395.0,49770.0,540791.3,498531.1,1068147.3,0.0,0.00%,Strong upward trend confirmed (5-day return: 10.03%).
"Jun 29, 2022",CIT,BUY,19,2535.0,48165.0,492626.3,546696.1,1068147.3,0.0,0.00%,Strong upward trend confirmed (5-day return: 13.93%).
"Jun 29, 2022",GFCL,BUY,121,406.0,49126.0,443500.3,595822.1,1068147.3,0.0,0.00%,Strong upward trend confirmed (5-day return: 11.23%).
"Jun 29, 2022",PROFL,BUY,192,230.0,44160.0,399340.3,639982.1,1068147.3,0.0,0.00%,Strong upward trend confirmed (5-day return: 15.58%).
"Jun 30, 2022",EDBL,BUY,108,369.5,39906.0,359434.3,679888.1,1105264.9,0.0,0.00%,Strong upward trend confirmed (5-day return: 12.00%).
"Jun 30, 2022",GBBL,BUY,94,378.9,35616.6,323817.7,715504.7,1105264.9,0.0,0.00%,Strong upward trend confirmed (5-day return: 14.51%).
"Jun 30, 2022",ICFC,BUY,73,441.0,32193.0,291624.7,747697.7,1105264.9,0.0,0.00%,Strong upward trend confirmed (5-day return: 13.66%).
"Jun 30, 2022",JFL,BUY,78,371.5,28977.0,262647.7,776674.7,1105264.9,0.0,0.00%,Strong upward trend confirmed (5-day return: 13.96%).
"Jun 30, 2022",NABBC,BUY,66,395.7,26116.2,236531.5,802790.9,1105264.9,0.0,0.00%,Strong upward trend confirmed (5-day return: 19.91%).
"Jun 30, 2022",NABIL,BUY,28,835.0,23380.0,213151.5,826170.9,1105264.9,0.0,0.00%,Strong upward trend confirmed (5-day return: 12.84%).
"Jul 04, 2022",NABBC,SELL,66,393.0,25938.0,239089.5,800054.7,1131160.9,-178.2,-0.68%,20-Day SMA crossed below 50-Day SMA indicating bearish momentum.
"Jul 17, 2022",MBL,BUY,96,248.7,23875.2,215214.3,823929.9,1103994.8,0.0,0.00%,Strong upward trend confirmed (5-day return: 11.52%).
"Jul 18, 2022",NABBC,BUY,56,380.2,21291.2,193923.1,845221.1,1115726.7,0.0,0.00%,20-Day SMA crossed above 50-Day SMA indicating bullish momentum.
"Jul 25, 2022",CFCL,SELL,200,392.0,78400.0,272323.1,795421.1,1217408.9,28600.0,57.43%,Take Profit Triggered: +57.43% gain achieved.
"Jul 28, 2022",GMFIL,SELL,186,407.8,75850.8,348173.9,745573.1,1234319.0,26002.8,52.16%,Take Profit Triggered: +52.16% gain achieved.
"Jul 29, 2022",BPCL,BUY,103,336.0,34608.0,313565.9,780181.1,1246096.3,0.0,0.00%,20-Day SMA crossed above 50-Day SMA indicating bullish momentum.
"Jul 29, 2022",EBL,BUY,62,503.0,31186.0,282379.9,811367.1,1246096.3,0.0,0.00%,20-Day SMA crossed above 50-Day SMA indicating bullish momentum.
"Aug 01, 2022",GMFIL,BUY,71,394.7,28023.7,254356.2,839390.8,1264467.1,0.0,0.00%,Strong upward trend confirmed (5-day return: 10.53%).
"Aug 01, 2022",NMB,BUY,93,272.0,25296.0,229060.2,864686.8,1264467.1,0.0,0.00%,20-Day SMA crossed above 50-Day SMA indicating bullish momentum.
"Aug 01, 2022",SBI,BUY,72,318.0,22896.0,206164.2,887582.8,1264467.1,0.0,0.00%,Strong upward trend confirmed (5-day return: 13.98%).
"Aug 02, 2022",ADBL,BUY,61,335.0,20435.0,185729.2,908017.8,1270782.9,0.0,0.00%,20-Day SMA crossed above 50-Day SMA indicating bullish momentum.
"Aug 02, 2022",GFCL,SELL,121,610.0,73810.0,259539.2,858891.8,1270782.9,24684.0,50.25%,Take Profit Triggered: +50.25% gain achieved.
"Aug 03, 2022",PCBL,BUY,101,255.0,25755.0,233784.2,884646.8,1272977.2,0.0,0.00%,20-Day SMA crossed above 50-Day SMA indicating bullish momentum.
"Aug 04, 2022",KBL,BUY,109,213.0,23217.0,210567.2,907863.8,1248424.0,0.0,0.00%,20-Day SMA crossed above 50-Day SMA indicating bullish momentum.
"Aug 11, 2022",PCBL,SELL,101,240.0,24240.0,234807.2,882108.8,1169392.5,-1515.0,-5.88%,20-Day SMA crossed below 50-Day SMA indicating bearish momentum.
"Aug 14, 2022",CFCL,BUY,73,320.0,23360.0,211447.2,905468.8,1150865.6,0.0,0.00%,Price dropped 12% below SMA; dip buying opportunity detected.
"Aug 14, 2022",CIT,SELL,19,2107.0,40033.0,251480.2,857303.8,1150865.6,-8132.0,-16.88%,Stop-loss activated after 15% downside protection threshold.
"Aug 18, 2022",CIT,BUY,11,2114.0,23254.0,228226.2,880557.8,1197979.6,0.0,0.00%,Price dropped 12% below SMA; dip buying opportunity detected.
"Aug 22, 2022",NABIL,SELL,28,799.0,22372.0,250598.2,857177.8,1186282.4,-1008.0,-4.31%,20-Day SMA crossed below 50-Day SMA indicating bearish momentum.
"Aug 23, 2022",CIT,SELL,11,2110.0,23210.0,273808.2,833923.8,1184261.9,-44.0,-0.19%,20-Day SMA crossed below 50-Day SMA indicating bearish momentum.
"Aug 24, 2022",LICN,SELL,45,1368.1,61564.5,335372.7,783973.8,1187636.5,11614.5,23.25%,20-Day SMA crossed below 50-Day SMA indicating bearish momentum.
"Aug 24, 2022",NMB,SELL,93,255.0,23715.0,359087.7,758677.8,1187636.5,-1581.0,-6.25%,20-Day SMA crossed below 50-Day SMA indicating bearish momentum.
"Aug 25, 2022",ADBL,SELL,61,330.0,20130.0,379217.7,738242.8,1175414.3,-305.0,-1.49%,20-Day SMA crossed below 50-Day SMA indicating bearish momentum.
"Aug 25, 2022",MBL,SELL,96,230.0,22080.0,401297.7,714367.6,1175414.3,-1795.2,-7.52%,20-Day SMA crossed below 50-Day SMA indicating bearish momentum.
"Aug 28, 2022",AHPC,SELL,151,341.0,51491.0,452788.7,664522.5,1141555.3,1645.9,3.30%,20-Day SMA crossed below 50-Day SMA indicating bearish momentum.
"Aug 28, 2022",CIT,BUY,22,2037.0,44814.0,407974.7,709336.5,1141555.3,0.0,0.00%,Price dropped 12% below SMA; dip buying opportunity detected.
"Aug 28, 2022",EDBL,SELL,108,328.0,35424.0,443398.7,669430.5,1141555.3,-4482.0,-11.23%,20-Day SMA crossed below 50-Day SMA indicating bearish momentum.
"Aug 29, 2022",ALICL,SELL,86,560.0,48160.0,491558.7,619808.5,1146704.2,-1462.0,-2.95%,20-Day SMA crossed below 50-Day SMA indicating bearish momentum.
"Aug 29, 2022",BPCL,SELL,103,310.5,31981.5,523540.2,585200.5,1146704.2,-2626.5,-7.59%,20-Day SMA crossed below 50-Day SMA indicating bearish momentum.
"Aug 29, 2022",CHCL,SELL,126,385.1,48522.6,572062.8,535430.5,1146704.2,-1247.4,-2.51%,20-Day SMA crossed below 50-Day SMA indicating bearish momentum.
"Aug 29, 2022",JBBL,SELL,185,295.5,54667.5,626730.3,485480.5,1146704.2,4717.5,9.44%,20-Day SMA crossed below 50-Day SMA indicating bearish momentum.
"Aug 30, 2022",CORBL,SELL,200,295.0,59000.0,685730.3,435480.5,1144233.7,9000.0,18.00%,20-Day SMA crossed below 50-Day SMA indicating bearish momentum.
"Aug 31, 2022",NHPC,SELL,226,227.3,51369.8,737100.1,385534.5,1135118.6,1423.8,2.85%,20-Day SMA crossed below 50-Day SMA indicating bearish momentum.
"Aug 31, 2022",SBI,SELL,72,276.9,19936.8,757036.9,362638.5,1135118.6,-2959.2,-12.92%,20-Day SMA crossed below 50-Day SMA indicating bearish momentum.
"Sep 01, 2022",JFL,SELL,78,389.9,30412.2,787449.1,333661.5,1138317.9,1435.2,4.95%,20-Day SMA crossed below 50-Day SMA indicating bearish momentum.
"Sep 04, 2022",GBBL,SELL,94,382.0,35908.0,823357.1,298044.9,1137187.9,291.4,0.82%,20-Day SMA crossed below 50-Day SMA indicating bearish momentum.
"Sep 04, 2022",KBL,SELL,109,197.0,21473.0,844830.1,274827.9,1137187.9,-1744.0,-7.51%,20-Day SMA crossed below 50-Day SMA indicating bearish momentum.
"Sep 05, 2022",CFCL,SELL,73,333.0,24309.0,869139.1,251467.9,1136800.3,949.0,4.06%,20-Day SMA crossed below 50-Day SMA indicating bearish momentum.
"Sep 07, 2022",ICFC,SELL,73,463.0,33799.0,902938.1,219274.9,1130940.7,1606.0,4.99%,20-Day SMA crossed below 50-Day SMA indicating bearish momentum.
"Sep 11, 2022",GMFIL,SELL,71,336.0,23856.0,926794.1,191251.2,1129169.9,-4167.7,-14.87%,20-Day SMA crossed below 50-Day SMA indicating bearish momentum.
"Sep 14, 2022",NABBC,SELL,56,413.0,23128.0,949922.1,169960.0,1135825.7,1836.8,8.63%,20-Day SMA crossed below 50-Day SMA indicating bearish momentum.
"Sep 16, 2022",EBL,SELL,62,488.6,30293.2,980215.3,138774.0,1130263.3,-892.8,-2.86%,20-Day SMA crossed below 50-Day SMA indicating bearish momentum.
"Sep 16, 2022",PROFL,SELL,192,287.0,55104.0,1035319.3,94614.0,1130263.3,10944.0,24.78%,20-Day SMA crossed below 50-Day SMA indicating bearish momentum.
"Sep 20, 2022",ALICL,BUY,112,444.0,49728.0,985591.3,144342.0,1127131.3,0.0,0.00%,Price dropped 12% below SMA; dip buying opportunity detected.
"Sep 20, 2022",NABBC,BUY,140,355.0,49700.0,935891.3,194042.0,1127131.3,0.0,0.00%,Price dropped 12% below SMA; dip buying opportunity detected.
"Sep 20, 2022",NHPC,BUY,255,196.0,49980.0,885911.3,244022.0,1127131.3,0.0,0.00%,Price dropped 12% below SMA; dip buying opportunity detected.
"Sep 22, 2022",HBL,SELL,166,313.0,51958.0,937869.3,194222.0,1127721.3,2158.0,4.33%,20-Day SMA crossed below 50-Day SMA indicating bearish momentum.
"Sep 25, 2022",AHPC,BUY,185,270.0,49950.0,887919.3,244172.0,1123616.5,0.0,0.00%,Price dropped 12% below SMA; dip buying opportunity detected.
"Oct 09, 2022",GMFIL,BUY,142,349.9,49685.8,838233.5,293857.8,1136570.9,0.0,0.00%,Strong upward trend confirmed (5-day return: 10.62%).
"Nov 01, 2022",NABIL,BUY,59,835.0,49265.0,788968.5,343122.8,1131827.3,0.0,0.00%,20-Day SMA crossed above 50-Day SMA indicating bullish momentum.
"Nov 02, 2022",CORBL,BUY,173,288.5,49910.5,739058.0,393033.3,1135110.6,0.0,0.00%,Strong upward trend confirmed (5-day return: 13.14%).
"Nov 03, 2022",CFCL,BUY,152,326.9,49688.8,689369.2,442722.1,1130927.5,0.0,0.00%,Strong upward trend confirmed (5-day return: 10.25%).
"Nov 03, 2022",EBL,BUY,93,532.0,49476.0,639893.2,492198.1,1130927.5,0.0,0.00%,20-Day SMA crossed above 50-Day SMA indicating bullish momentum.
"Nov 06, 2022",GFCL,BUY,105,473.9,49759.5,590133.7,541957.6,1145251.7,0.0,0.00%,Strong upward trend confirmed (5-day return: 10.21%).
"Nov 06, 2022",HBL,BUY,146,340.5,49713.0,540420.7,591670.6,1145251.7,0.0,0.00%,20-Day SMA crossed above 50-Day SMA indicating bullish momentum.
"Nov 06, 2022",PROFL,BUY,173,289.0,49997.0,490423.7,641667.6,1145251.7,0.0,0.00%,Strong upward trend confirmed (5-day return: 11.63%).
"Nov 06, 2022",SBI,BUY,158,308.9,48806.2,441617.5,690473.8,1145251.7,0.0,0.00%,Strong upward trend confirmed (5-day return: 15.69%).
"Nov 07, 2022",SANIMA,BUY,165,266.2,43923.0,397694.5,734396.8,1140205.2,0.0,0.00%,20-Day SMA crossed above 50-Day SMA indicating bullish momentum.
"Nov 08, 2022",GBBL,BUY,102,387.8,39555.6,358138.9,773952.4,1137101.4,0.0,0.00%,20-Day SMA crossed above 50-Day SMA indicating bullish momentum.
"Nov 08, 2022",LICN,BUY,25,1379.9,34497.5,323641.4,808449.9,1137101.4,0.0,0.00%,Strong upward trend confirmed (5-day return: 10.76%).
"Nov 08, 2022",MBL,BUY,143,224.9,32160.7,291480.7,840610.6,1137101.4,0.0,0.00%,20-Day SMA crossed above 50-Day SMA indicating bullish momentum.
"Nov 16, 2022",ADBL,BUY,92,314.5,28934.0,262546.7,869544.6,1110923.1,0.0,0.00%,20-Day SMA crossed above 50-Day SMA indicating bullish momentum.
"Nov 16, 2022",PCBL,BUY,115,227.4,26151.0,236395.7,895695.6,1110923.1,0.0,0.00%,20-Day SMA crossed above 50-Day SMA indicating bullish momentum.
"Nov 17, 2022",CHCL,BUY,61,384.0,23424.0,212971.7,919119.6,1127214.5,0.0,0.00%,20-Day SMA crossed above 50-Day SMA indicating bullish momentum.
"Nov 17, 2022",NMB,BUY,88,240.0,21120.0,191851.7,940239.6,1127214.5,0.0,0.00%,20-Day SMA crossed above 50-Day SMA indicating bullish momentum.
"Nov 22, 2022",JFL,BUY,51,375.0,19125.0,172726.7,959364.6,1124859.9,0.0,0.00%,Strong upward trend confirmed (5-day return: 10.29%).
"Nov 23, 2022",BPCL,BUY,56,306.0,17136.0,155590.7,976500.6,1119235.5,0.0,0.00%,20-Day SMA crossed above 50-Day SMA indicating bullish momentum.
"Nov 24, 2022",JBBL,BUY,54,288.0,15552.0,140038.7,992052.6,1125050.9,0.0,0.00%,20-Day SMA crossed above 50-Day SMA indicating bullish momentum.
"Dec 01, 2022",ICFC,BUY,31,445.0,13795.0,126243.7,1005847.6,1136061.9,0.0,0.00%,20-Day SMA crossed above 50-Day SMA indicating bullish momentum.
"Dec 07, 2022",EBL,SELL,93,450.0,41850.0,168093.7,956371.6,1100750.9,-7626.0,-15.41%,Stop-loss activated after 15% downside protection threshold.
"Dec 07, 2022",GBIME,BUY,75,221.4,16605.0,151488.7,972976.6,1100750.9,0.0,0.00%,Price dropped 12% below SMA; dip buying opportunity detected.
"Dec 07, 2022",ICFC,SELL,31,424.0,13144.0,164632.7,959181.6,1100750.9,-651.0,-4.72%,20-Day SMA crossed below 50-Day SMA indicating bearish momentum.
"Dec 11, 2022",ADBL,SELL,92,307.5,28290.0,192922.7,930247.6,1088064.0,-644.0,-2.23%,20-Day SMA crossed below 50-Day SMA indicating bearish momentum.
"Dec 11, 2022",MBL,SELL,143,218.0,31174.0,224096.7,898086.9,1088064.0,-986.7,-3.07%,20-Day SMA crossed below 50-Day SMA indicating bearish momentum.
"Dec 12, 2022",SANIMA,SELL,165,226.0,37290.0,261386.7,854163.9,1096240.1,-6633.0,-15.10%,Stop-loss activated after 15% downside protection threshold.
"Dec 15, 2022",ICFC,BUY,62,419.5,26009.0,235377.7,880172.9,1085361.7,0.0,0.00%,20-Day SMA crossed above 50-Day SMA indicating bullish momentum.
"Dec 18, 2022",GMFIL,SELL,142,296.0,42032.0,277409.7,830487.1,1067650.3,-7653.8,-15.40%,Stop-loss activated after 15% downside protection threshold.
"Dec 19, 2022",HBL,SELL,146,318.0,46428.0,323837.7,780774.1,1067403.9,-3285.0,-6.61%,20-Day SMA crossed below 50-Day SMA indicating bearish momentum.
"Dec 19, 2022",ICFC,SELL,62,416.8,25841.6,349679.3,754765.1,1067403.9,-167.4,-0.64%,20-Day SMA crossed below 50-Day SMA indicating bearish momentum.
"Dec 20, 2022",CFCL,SELL,152,295.0,44840.0,394519.3,705076.3,1074509.8,-4848.8,-9.76%,20-Day SMA crossed below 50-Day SMA indicating bearish momentum.
"Dec 20, 2022",PCBL,SELL,115,213.9,24598.5,419117.8,678925.3,1074509.8,-1552.5,-5.94%,20-Day SMA crossed below 50-Day SMA indicating bearish momentum.
"Dec 22, 2022",GBBL,SELL,102,374.0,38148.0,457265.8,639369.7,1067179.2,-1407.6,-3.56%,20-Day SMA crossed below 50-Day SMA indicating bearish momentum.
"Dec 22, 2022",GFCL,SELL,105,419.0,43995.0,501260.8,589610.2,1067179.2,-5764.5,-11.58%,20-Day SMA crossed below 50-Day SMA indicating bearish momentum.
"Dec 26, 2022",GMFIL,BUY,153,326.2,49908.6,451352.2,639518.8,1094864.8,0.0,0.00%,Strong upward trend confirmed (5-day return: 10.20%).
"Dec 27, 2022",EBL,BUY,94,476.9,44828.6,406523.6,684347.4,1120073.3,0.0,0.00%,Strong upward trend confirmed (5-day return: 10.91%).
"Dec 27, 2022",HBL,BUY,115,350.8,40342.0,366181.6,724689.4,1120073.3,0.0,0.00%,Strong upward trend confirmed (5-day return: 10.31%).
"Dec 27, 2022",NMB,SELL,88,235.4,20715.2,386896.8,703569.4,1120073.3,-404.8,-1.92%,20-Day SMA crossed below 50-Day SMA indicating bearish momentum.
"Dec 28, 2022",SBI,SELL,158,287.3,45393.4,432290.2,654763.2,1117577.2,-3412.8,-6.99%,20-Day SMA crossed below 50-Day SMA indicating bearish momentum.
"Dec 29, 2022",CFCL,BUY,128,337.0,43136.0,389154.2,697899.2,1141571.5,0.0,0.00%,Strong upward trend confirmed (5-day return: 16.61%).
"Dec 29, 2022",EDBL,BUY,116,335.0,38860.0,350294.2,736759.2,1141571.5,0.0,0.00%,Strong upward trend confirmed (5-day return: 11.67%).
"Dec 29, 2022",GFCL,BUY,73,476.0,34748.0,315546.2,771507.2,1141571.5,0.0,0.00%,Strong upward trend confirmed (5-day return: 12.48%).
"Dec 29, 2022",ICFC,BUY,67,465.8,31208.6,284337.6,802715.8,1141571.5,0.0,0.00%,Strong upward trend confirmed (5-day return: 13.33%).
"Dec 29, 2022",MBL,BUY,124,229.0,28396.0,255941.6,831111.8,1141571.5,0.0,0.00%,Strong upward trend confirmed (5-day return: 10.90%).
"Jan 03, 2023",NABIL,SELL,59,736.0,43424.0,299365.6,781846.8,1142744.7,-5841.0,-11.86%,20-Day SMA crossed below 50-Day SMA indicating bearish momentum.
"Jan 04, 2023",ALICL,SELL,112,666.0,74592.0,373957.6,732118.8,1178323.5,24864.0,50.00%,Take Profit Triggered: +50.00% gain achieved.
"Jan 05, 2023",ADBL,BUY,109,342.0,37278.0,336679.6,769396.8,1190657.5,0.0,0.00%,20-Day SMA crossed above 50-Day SMA indicating bullish momentum.
"Jan 05, 2023",HBL,SELL,115,320.0,36800.0,373479.6,729054.8,1190657.5,-3542.0,-8.78%,20-Day SMA crossed below 50-Day SMA indicating bearish momentum.
"Jan 08, 2023",ALICL,BUY,51,725.0,36975.0,336504.6,766029.8,1199553.4,0.0,0.00%,Strong upward trend confirmed (5-day return: 14.72%).
"Jan 09, 2023",CZBIL,BUY,164,204.5,33538.0,302966.6,799567.8,1226498.9,0.0,0.00%,20-Day SMA crossed above 50-Day SMA indicating bullish momentum.
"Jan 10, 2023",SANIMA,BUY,115,262.0,30130.0,272836.6,829697.8,1208970.3,0.0,0.00%,Strong upward trend confirmed (5-day return: 10.32%).
"Jan 10, 2023",SBI,BUY,83,325.0,26975.0,245861.6,856672.8,1208970.3,0.0,0.00%,20-Day SMA crossed above 50-Day SMA indicating bullish momentum.
"Jan 23, 2023",KBL,BUY,117,208.5,24394.5,221467.1,881067.3,1195280.6,0.0,0.00%,Strong upward trend confirmed (5-day return: 15.19%).
"Jan 25, 2023",NMB,BUY,89,248.0,22072.0,199395.1,903139.3,1206690.5,0.0,0.00%,20-Day SMA crossed above 50-Day SMA indicating bullish momentum.
"Feb 08, 2023",ADBL,SELL,109,307.0,33463.0,232858.1,865861.3,1192102.4,-3815.0,-10.23%,20-Day SMA crossed below 50-Day SMA indicating bearish momentum.
"Feb 27, 2023",CZBIL,SELL,164,187.0,30668.0,263526.1,832323.3,1134380.2,-2870.0,-8.56%,20-Day SMA crossed below 50-Day SMA indicating bearish momentum.
"Feb 27, 2023",JBBL,SELL,54,278.0,15012.0,278538.1,816771.3,1134380.2,-540.0,-3.47%,20-Day SMA crossed below 50-Day SMA indicating bearish momentum.
"Feb 27, 2023",LICN,SELL,25,1425.0,35625.0,314163.1,782273.8,1134380.2,1127.5,3.27%,20-Day SMA crossed below 50-Day SMA indicating bearish momentum.
"Feb 27, 2023",NMB,SELL,89,232.0,20648.0,334811.1,760201.8,1134380.2,-1424.0,-6.45%,20-Day SMA crossed below 50-Day SMA indicating bearish momentum.
"Feb 28, 2023",JFL,SELL,51,390.1,19895.1,354706.2,741076.8,1133419.1,770.1,4.03%,20-Day SMA crossed below 50-Day SMA indicating bearish momentum.
"Feb 28, 2023",KBL,SELL,117,180.6,21130.2,375836.4,716682.3,1133419.1,-3264.3,-13.38%,20-Day SMA crossed below 50-Day SMA indicating bearish momentum.
"Mar 01, 2023",CFCL,SELL,128,318.4,40755.2,416591.6,673546.3,1127596.7,-2380.8,-5.52%,20-Day SMA crossed below 50-Day SMA indicating bearish momentum.
"Mar 01, 2023",GMFIL,SELL,153,326.0,49878.0,466469.6,623637.7,1127596.7,-30.6,-0.06%,20-Day SMA crossed below 50-Day SMA indicating bearish momentum.
"Mar 02, 2023",AHPC,SELL,185,292.0,54020.0,520489.6,573687.7,1116214.0,4070.0,8.15%,20-Day SMA crossed below 50-Day SMA indicating bearish momentum.
"Mar 02, 2023",ICFC,SELL,67,431.0,28877.0,549366.6,542479.1,1116214.0,-2331.6,-7.47%,20-Day SMA crossed below 50-Day SMA indicating bearish momentum.
"Mar 05, 2023",ALICL,SELL,51,615.0,31365.0,580731.6,505504.1,1108291.0,-5610.0,-15.17%,Stop-loss activated after 15% downside protection threshold.
"Mar 05, 2023",SANIMA,SELL,115,235.0,27025.0,607756.6,475374.1,1108291.0,-3105.0,-10.31%,20-Day SMA crossed below 50-Day SMA indicating bearish momentum.
"Mar 07, 2023",BPCL,SELL,56,324.0,18144.0,625900.6,458238.1,1112948.7,1008.0,5.88%,20-Day SMA crossed below 50-Day SMA indicating bearish momentum.
"Mar 07, 2023",CIT,SELL,22,1998.9,43975.8,669876.4,413424.1,1112948.7,-838.2,-1.87%,20-Day SMA crossed below 50-Day SMA indicating bearish momentum.
"Mar 07, 2023",GFCL,SELL,73,448.0,32704.0,702580.4,378676.1,1112948.7,-2044.0,-5.88%,20-Day SMA crossed below 50-Day SMA indicating bearish momentum.
"Mar 12, 2023",EDBL,SELL,116,329.0,38164.0,740744.4,339816.1,1119767.3,-696.0,-1.79%,20-Day SMA crossed below 50-Day SMA indicating bearish momentum.
"Mar 13, 2023",GBIME,SELL,75,187.5,14062.5,754806.9,323211.1,1115602.8,-2542.5,-15.31%,Stop-loss activated after 15% downside protection threshold.
"Mar 13, 2023",HBL,BUY,211,236.8,49964.8,704842.1,373175.9,1115602.8,0.0,0.00%,Price dropped 12% below SMA; dip buying opportunity detected.
"Mar 13, 2023",MBL,SELL,124,227.0,28148.0,732990.1,344779.9,1115602.8,-248.0,-0.87%,20-Day SMA crossed below 50-Day SMA indicating bearish momentum.
"Mar 13, 2023",NABBC,SELL,140,411.0,57540.0,790530.1,295079.9,1115602.8,7840.0,15.77%,20-Day SMA crossed below 50-Day SMA indicating bearish momentum.
"Mar 15, 2023",NHPC,SELL,255,242.2,61761.0,852291.1,245099.9,1116886.4,11781.0,23.57%,20-Day SMA crossed below 50-Day SMA indicating bearish momentum.
"Mar 16, 2023",CORBL,SELL,173,306.0,52938.0,905229.1,195189.4,1114499.2,3027.5,6.07%,20-Day SMA crossed below 50-Day SMA indicating bearish momentum.
"Mar 16, 2023",PROFL,SELL,173,331.0,57263.0,962492.1,145192.4,1114499.2,7266.0,14.53%,20-Day SMA crossed below 50-Day SMA indicating bearish momentum.
"Mar 19, 2023",EBL,SELL,94,505.0,47470.0,1009962.1,100363.8,1114669.8,2641.4,5.89%,20-Day SMA crossed below 50-Day SMA indicating bearish momentum.
"Mar 23, 2023",SBI,SELL,83,312.9,25970.7,1035932.8,73388.8,1113187.7,-1004.3,-3.72%,20-Day SMA crossed below 50-Day SMA indicating bearish momentum.
"Apr 12, 2023",MBL,BUY,206,242.0,49852.0,986080.8,123240.8,1115407.8,0.0,0.00%,Strong upward trend confirmed (5-day return: 12.14%).
"Apr 13, 2023",CIT,BUY,23,2089.9,48067.7,938013.1,171308.5,1112709.8,0.0,0.00%,20-Day SMA crossed above 50-Day SMA indicating bullish momentum.
"Apr 17, 2023",AHPC,BUY,161,310.0,49910.0,888103.1,221218.5,1108673.1,0.0,0.00%,Strong upward trend confirmed (5-day return: 12.28%).
"Apr 24, 2023",CIT,SELL,23,2006.6,46151.8,934254.9,173150.8,1102887.8,-1915.9,-3.99%,20-Day SMA crossed below 50-Day SMA indicating bearish momentum.
"Apr 26, 2023",NMB,BUY,209,239.0,49951.0,884303.9,223101.8,1103216.0,0.0,0.00%,20-Day SMA crossed above 50-Day SMA indicating bullish momentum.
"Apr 30, 2023",EBL,BUY,93,533.0,49569.0,834734.9,272670.8,1101196.9,0.0,0.00%,20-Day SMA crossed above 50-Day SMA indicating bullish momentum.
"Apr 30, 2023",SANIMA,BUY,204,244.4,49857.6,784877.3,322528.4,1101196.9,0.0,0.00%,20-Day SMA crossed above 50-Day SMA indicating bullish momentum.
"May 03, 2023",GBBL,BUY,141,353.0,49773.0,735104.3,372301.4,1099707.4,0.0,0.00%,20-Day SMA crossed above 50-Day SMA indicating bullish momentum.
"May 04, 2023",SBI,BUY,150,332.0,49800.0,685304.3,422101.4,1102041.7,0.0,0.00%,20-Day SMA crossed above 50-Day SMA indicating bullish momentum.
"May 09, 2023",GBIME,BUY,272,183.2,49830.4,635473.9,471931.8,1097559.5,0.0,0.00%,20-Day SMA crossed above 50-Day SMA indicating bullish momentum.
"May 14, 2023",GBBL,SELL,141,342.0,48222.0,683695.9,422158.8,1092834.0,-1551.0,-3.12%,20-Day SMA crossed below 50-Day SMA indicating bearish momentum.
"May 15, 2023",CHCL,SELL,61,462.5,28212.5,711908.4,398734.8,1092890.3,4788.5,20.44%,20-Day SMA crossed below 50-Day SMA indicating bearish momentum.
"May 17, 2023",GBIME,SELL,272,183.0,49776.0,761684.4,348904.4,1095269.1,-54.4,-0.11%,20-Day SMA crossed below 50-Day SMA indicating bearish momentum.
"May 21, 2023",CIT,BUY,23,2147.0,49381.0,712303.4,398285.4,1099467.6,0.0,0.00%,20-Day SMA crossed above 50-Day SMA indicating bullish momentum.
"May 22, 2023",ALICL,BUY,85,587.0,49895.0,662408.4,448180.4,1099087.5,0.0,0.00%,Strong upward trend confirmed (5-day return: 11.17%).
"May 23, 2023",CFCL,BUY,161,310.0,49910.0,612498.4,498090.4,1110391.8,0.0,0.00%,Strong upward trend confirmed (5-day return: 10.28%).
"May 23, 2023",GFCL,BUY,108,462.6,49960.8,562537.6,548051.2,1110391.8,0.0,0.00%,Strong upward trend confirmed (5-day return: 10.14%).
"May 23, 2023",GMFIL,BUY,159,313.5,49846.5,512691.1,597897.7,1110391.8,0.0,0.00%,Strong upward trend confirmed (5-day return: 12.37%).
"May 23, 2023",NHPC,BUY,220,227.0,49940.0,462751.1,647837.7,1110391.8,0.0,0.00%,Strong upward trend confirmed (5-day return: 12.38%).
"Jun 04, 2023",CHCL,BUY,86,536.0,46096.0,416655.1,693933.7,1092475.2,0.0,0.00%,20-Day SMA crossed above 50-Day SMA indicating bullish momentum.
"Jun 06, 2023",BPCL,BUY,119,348.5,41471.5,375183.6,735405.2,1094324.6,0.0,0.00%,20-Day SMA crossed above 50-Day SMA indicating bullish momentum.
"Jun 07, 2023",LICN,BUY,27,1340.0,36180.0,339003.6,771585.2,1096230.4,0.0,0.00%,20-Day SMA crossed above 50-Day SMA indicating bullish momentum.
"Jun 08, 2023",ICFC,BUY,77,436.9,33641.3,305362.3,805226.5,1097189.0,0.0,0.00%,20-Day SMA crossed above 50-Day SMA indicating bullish momentum.
"Jun 11, 2023",JBBL,BUY,107,283.0,30281.0,275081.3,835507.5,1119167.8,0.0,0.00%,20-Day SMA crossed above 50-Day SMA indicating bullish momentum.
"Jun 12, 2023",CORBL,BUY,86,317.1,27270.6,247810.7,862778.1,1113140.6,0.0,0.00%,20-Day SMA crossed above 50-Day SMA indicating bullish momentum.
"Jun 12, 2023",EDBL,BUY,79,311.0,24569.0,223241.7,887347.1,1113140.6,0.0,0.00%,Strong upward trend confirmed (5-day return: 12.27%).
"Jun 12, 2023",NMB,SELL,209,227.5,47547.5,270789.2,837396.1,1113140.6,-2403.5,-4.81%,20-Day SMA crossed below 50-Day SMA indicating bearish momentum.
"Jun 13, 2023",JFL,BUY,69,391.2,26992.8,243796.4,864388.9,1128457.3,0.0,0.00%,20-Day SMA crossed above 50-Day SMA indicating bullish momentum.
"Jun 14, 2023",GBBL,BUY,65,372.0,24180.0,219616.4,888568.9,1131870.0,0.0,0.00%,20-Day SMA crossed above 50-Day SMA indicating bullish momentum.
"Jun 18, 2023",PROFL,BUY,67,324.0,21708.0,197908.4,910276.9,1140253.6,0.0,0.00%,20-Day SMA crossed above 50-Day SMA indicating bullish momentum.
"Jun 19, 2023",NABBC,BUY,47,417.8,19636.6,178271.8,929913.5,1159257.2,0.0,0.00%,20-Day SMA crossed above 50-Day SMA indicating bullish momentum.
"Jun 21, 2023",NHPC,SELL,220,190.9,41998.0,220269.8,879973.5,1126378.1,-7942.0,-15.90%,Stop-loss activated after 15% downside protection threshold.
"Jul 03, 2023",NHPC,BUY,123,178.0,21894.0,198375.8,901867.5,1154877.4,0.0,0.00%,Price dropped 12% below SMA; dip buying opportunity detected.
"Jul 06, 2023",AHPC,SELL,161,253.0,40733.0,239108.8,851957.5,1130787.9,-9177.0,-18.39%,Stop-loss activated after 15% downside protection threshold.
"Jul 09, 2023",ADBL,BUY,103,230.0,23690.0,215418.8,875647.5,1145249.6,0.0,0.00%,20-Day SMA crossed above 50-Day SMA indicating bullish momentum.
"Jul 10, 2023",AHPC,BUY,88,244.1,21480.8,193938.0,897128.3,1152731.9,0.0,0.00%,Price dropped 12% below SMA; dip buying opportunity detected.
"Jul 18, 2023",GBIME,BUY,99,195.0,19305.0,174633.0,916433.3,1195456.0,0.0,0.00%,20-Day SMA crossed above 50-Day SMA indicating bullish momentum.
"Jul 19, 2023",CZBIL,BUY,90,193.2,17388.0,157245.0,933821.3,1200154.4,0.0,0.00%,Strong upward trend confirmed (5-day return: 13.05%).
"Jul 19, 2023",KBL,BUY,87,179.8,15642.6,141602.4,949463.9,1200154.4,0.0,0.00%,Strong upward trend confirmed (5-day return: 10.51%).
"Jul 19, 2023",PCBL,BUY,67,210.0,14070.0,127532.4,963533.9,1200154.4,0.0,0.00%,20-Day SMA crossed above 50-Day SMA indicating bullish momentum.
"Jul 20, 2023",NABIL,BUY,20,624.0,12480.0,115052.4,976013.9,1197503.0,0.0,0.00%,20-Day SMA crossed above 50-Day SMA indicating bullish momentum.
"Jul 23, 2023",NMB,BUY,45,251.9,11335.5,103716.9,987349.4,1230987.2,0.0,0.00%,Strong upward trend confirmed (5-day return: 11.46%).
"Jul 24, 2023",CIT,SELL,23,2165.0,49795.0,153511.9,937968.4,1209003.7,414.0,0.84%,20-Day SMA crossed below 50-Day SMA indicating bearish momentum.
"Jul 26, 2023",BPCL,SELL,119,329.0,39151.0,192662.9,896496.9,1186783.7,-2320.5,-5.60%,20-Day SMA crossed below 50-Day SMA indicating bearish momentum.
"Jul 31, 2023",CHCL,SELL,86,514.1,44212.6,236875.5,850400.9,1161943.0,-1883.4,-4.09%,20-Day SMA crossed below 50-Day SMA indicating bearish momentum.
"Aug 08, 2023",LICN,SELL,27,1415.0,38205.0,275080.5,814220.9,1120521.5,2025.0,5.60%,20-Day SMA crossed below 50-Day SMA indicating bearish momentum.
"Aug 15, 2023",JFL,SELL,69,370.0,25530.0,300610.5,787228.1,1127387.8,-1462.8,-5.42%,20-Day SMA crossed below 50-Day SMA indicating bearish momentum.
"Aug 16, 2023",ALICL,SELL,85,691.0,58735.0,359345.5,737333.1,1119000.3,8840.0,17.72%,20-Day SMA crossed below 50-Day SMA indicating bearish momentum.
"Aug 16, 2023",ICFC,SELL,77,460.0,35420.0,394765.5,703691.8,1119000.3,1778.7,5.29%,20-Day SMA crossed below 50-Day SMA indicating bearish momentum.
"Aug 16, 2023",PROFL,SELL,67,310.0,20770.0,415535.5,681983.8,1119000.3,-938.0,-4.32%,20-Day SMA crossed below 50-Day SMA indicating bearish momentum.
"Aug 17, 2023",CFCL,SELL,161,334.0,53774.0,469309.5,632073.8,1122270.9,3864.0,7.74%,20-Day SMA crossed below 50-Day SMA indicating bearish momentum.
"Aug 17, 2023",EDBL,SELL,79,313.0,24727.0,494036.5,607504.8,1122270.9,158.0,0.64%,20-Day SMA crossed below 50-Day SMA indicating bearish momentum.
"Aug 17, 2023",GFCL,SELL,108,445.0,48060.0,542096.5,557544.0,1122270.9,-1900.8,-3.80%,20-Day SMA crossed below 50-Day SMA indicating bearish momentum.
"Aug 17, 2023",NABBC,SELL,47,394.8,18555.6,560652.1,537907.4,1122270.9,-1081.0,-5.51%,20-Day SMA crossed below 50-Day SMA indicating bearish momentum.
"Aug 17, 2023",SBI,SELL,150,335.0,50250.0,610902.1,488107.4,1122270.9,450.0,0.90%,20-Day SMA crossed below 50-Day SMA indicating bearish momentum.
"Aug 20, 2023",GMFIL,SELL,159,343.9,54680.1,665582.2,438260.9,1119293.5,4833.6,9.70%,20-Day SMA crossed below 50-Day SMA indicating bearish momentum.
"Aug 20, 2023",NHPC,SELL,123,148.3,18240.9,683823.1,416366.9,1119293.5,-3653.1,-16.69%,Stop-loss activated after 15% downside protection threshold.
"Aug 20, 2023",PCBL,SELL,67,185.0,12395.0,696218.1,402296.9,1119293.5,-1675.0,-11.90%,20-Day SMA crossed below 50-Day SMA indicating bearish momentum.
"Aug 20, 2023",PROFL,BUY,163,305.0,49715.0,646503.1,452011.9,1119293.5,0.0,0.00%,Price dropped 12% below SMA; dip buying opportunity detected.
"Aug 21, 2023",AHPC,SELL,88,207.0,18216.0,664719.1,430531.1,1116497.9,-3264.8,-15.20%,Stop-loss activated after 15% downside protection threshold.
"Aug 21, 2023",GBBL,SELL,65,377.0,24505.0,689224.1,406351.1,1116497.9,325.0,1.34%,20-Day SMA crossed below 50-Day SMA indicating bearish momentum.
"Aug 21, 2023",HBL,SELL,211,206.0,43466.0,732690.1,356386.3,1116497.9,-6498.8,-13.01%,20-Day SMA crossed below 50-Day SMA indicating bearish momentum.
"Aug 22, 2023",KBL,SELL,87,160.9,13998.3,746688.4,340743.7,1118291.2,-1644.3,-10.51%,20-Day SMA crossed below 50-Day SMA indicating bearish momentum.
"Aug 23, 2023",CORBL,SELL,86,322.0,27692.0,774380.4,313473.1,1122296.7,421.4,1.55%,20-Day SMA crossed below 50-Day SMA indicating bearish momentum.
"Aug 23, 2023",NMB,SELL,45,226.0,10170.0,784550.4,302137.6,1122296.7,-1165.5,-10.28%,20-Day SMA crossed below 50-Day SMA indicating bearish momentum.
"Aug 28, 2023",NABIL,SELL,20,590.1,11802.0,796352.4,289657.6,1113242.9,-678.0,-5.43%,20-Day SMA crossed below 50-Day SMA indicating bearish momentum.
"Sep 05, 2023",JBBL,SELL,107,297.2,31800.4,828152.8,259376.6,1107231.6,1519.4,5.02%,20-Day SMA crossed below 50-Day SMA indicating bearish momentum.
"Sep 18, 2023",GBIME,SELL,99,204.4,20235.6,848388.4,240071.6,1108143.3,930.6,4.82%,20-Day SMA crossed below 50-Day SMA indicating bearish momentum.
"Sep 19, 2023",AHPC,BUY,227,220.0,49940.0,798448.4,290011.6,1111096.8,0.0,0.00%,Strong upward trend confirmed (5-day return: 10.00%).
"Sep 21, 2023",GFCL,BUY,106,470.0,49820.0,748628.4,339831.6,1117453.9,0.0,0.00%,Strong upward trend confirmed (5-day return: 10.85%).
"Sep 21, 2023",GMFIL,BUY,132,376.0,49632.0,698996.4,389463.6,1117453.9,0.0,0.00%,Strong upward trend confirmed (5-day return: 10.91%).
"Sep 21, 2023",NHPC,BUY,315,158.4,49896.0,649100.4,439359.6,1117453.9,0.0,0.00%,Strong upward trend confirmed (5-day return: 18.21%).
"Sep 24, 2023",CZBIL,SELL,90,187.0,16830.0,665930.4,421971.6,1108279.2,-558.0,-3.21%,20-Day SMA crossed below 50-Day SMA indicating bearish momentum.
"Sep 26, 2023",EBL,SELL,93,579.7,53912.1,719842.5,372402.6,1105520.3,4343.1,8.76%,20-Day SMA crossed below 50-Day SMA indicating bearish momentum.
"Sep 27, 2023",MBL,SELL,206,217.3,44763.8,764606.3,322550.6,1098562.3,-5088.2,-10.21%,20-Day SMA crossed below 50-Day SMA indicating bearish momentum.
"Sep 27, 2023",SANIMA,SELL,204,285.0,58140.0,822746.3,272693.0,1098562.3,8282.4,16.61%,20-Day SMA crossed below 50-Day SMA indicating bearish momentum.
"Oct 01, 2023",MBL,BUY,234,213.0,49842.0,772904.3,322535.0,1090556.8,0.0,0.00%,Price dropped 12% below SMA; dip buying opportunity detected.
"Oct 03, 2023",EBL,BUY,99,503.0,49797.0,723107.3,372332.0,1091506.5,0.0,0.00%,Price dropped 12% below SMA; dip buying opportunity detected.
"Oct 08, 2023",EDBL,BUY,157,317.6,49863.2,673244.1,422195.2,1086581.7,0.0,0.00%,20-Day SMA crossed above 50-Day SMA indicating bullish momentum.
"Oct 09, 2023",SANIMA,BUY,210,237.6,49896.0,623348.1,472091.2,1080767.4,0.0,0.00%,Price dropped 12% below SMA; dip buying opportunity detected.
"Oct 10, 2023",ICFC,BUY,109,457.9,49911.1,573437.0,522002.3,1074433.7,0.0,0.00%,20-Day SMA crossed above 50-Day SMA indicating bullish momentum.
"Oct 11, 2023",GBBL,BUY,135,368.1,49693.5,523743.5,571695.8,1077460.3,0.0,0.00%,20-Day SMA crossed above 50-Day SMA indicating bullish momentum.
"Oct 16, 2023",ADBL,SELL,103,248.0,25544.0,549287.5,548005.8,1061834.0,1854.0,7.83%,20-Day SMA crossed below 50-Day SMA indicating bearish momentum.
"Oct 16, 2023",GBBL,SELL,135,361.3,48775.5,598063.0,498312.3,1061834.0,-918.0,-1.85%,20-Day SMA crossed below 50-Day SMA indicating bearish momentum.
"Oct 16, 2023",GFCL,SELL,106,399.0,42294.0,640357.0,448492.3,1061834.0,-7526.0,-15.11%,Stop-loss activated after 15% downside protection threshold.
"Oct 19, 2023",CORBL,BUY,151,330.0,49830.0,590527.0,498322.3,1072127.6,0.0,0.00%,20-Day SMA crossed above 50-Day SMA indicating bullish momentum.
"Oct 29, 2023",GMFIL,SELL,132,327.9,43282.8,633809.8,448690.3,1061988.1,-6349.2,-12.79%,20-Day SMA crossed below 50-Day SMA indicating bearish momentum.
"Oct 29, 2023",NHPC,SELL,315,129.0,40635.0,674444.8,398794.3,1061988.1,-9261.0,-18.56%,Stop-loss activated after 15% downside protection threshold.
"Oct 30, 2023",ICFC,SELL,109,456.0,49704.0,724148.8,348883.2,1063073.8,-207.1,-0.41%,20-Day SMA crossed below 50-Day SMA indicating bearish momentum.
"Oct 30, 2023",PROFL,SELL,163,292.5,47677.5,771826.3,299168.2,1063073.8,-2037.5,-4.10%,20-Day SMA crossed below 50-Day SMA indicating bearish momentum.
"Nov 02, 2023",CORBL,SELL,151,315.0,47565.0,819391.3,249338.2,1055626.1,-2265.0,-4.55%,20-Day SMA crossed below 50-Day SMA indicating bearish momentum.
"Nov 07, 2023",EDBL,SELL,157,304.3,47775.1,867166.4,199475.0,1056493.4,-2088.1,-4.19%,20-Day SMA crossed below 50-Day SMA indicating bearish momentum.
"Nov 08, 2023",AHPC,SELL,227,206.0,46762.0,913928.4,149535.0,1054960.2,-3178.0,-6.36%,20-Day SMA crossed below 50-Day SMA indicating bearish momentum.
"Nov 21, 2023",PCBL,BUY,262,190.4,49884.8,864043.6,199419.8,1054522.8,0.0,0.00%,20-Day SMA crossed above 50-Day SMA indicating bullish momentum.
"Nov 23, 2023",GBIME,BUY,240,208.0,49920.0,814123.6,249339.8,1055910.6,0.0,0.00%,20-Day SMA crossed above 50-Day SMA indicating bullish momentum.
"Nov 26, 2023",GFCL,BUY,116,428.0,49648.0,764475.6,298987.8,1059341.6,0.0,0.00%,Strong upward trend confirmed (5-day return: 12.04%).
"Dec 05, 2023",GBIME,SELL,240,190.0,45600.0,810075.6,249067.8,1044230.8,-4320.0,-8.65%,20-Day SMA crossed below 50-Day SMA indicating bearish momentum.
"Dec 10, 2023",CFCL,BUY,146,340.6,49727.6,760348.0,298795.4,1062673.8,0.0,0.00%,Strong upward trend confirmed (5-day return: 10.76%).
"Dec 10, 2023",CHCL,BUY,95,526.0,49970.0,710378.0,348765.4,1062673.8,0.0,0.00%,Strong upward trend confirmed (5-day return: 10.27%).
"Dec 10, 2023",LICN,BUY,33,1480.0,48840.0,661538.0,397605.4,1062673.8,0.0,0.00%,20-Day SMA crossed above 50-Day SMA indicating bullish momentum.
"Dec 10, 2023",NHPC,BUY,338,147.8,49956.4,611581.6,447561.8,1062673.8,0.0,0.00%,Strong upward trend confirmed (5-day return: 13.69%).
"Dec 10, 2023",PROFL,BUY,163,305.0,49715.0,561866.6,497276.8,1062673.8,0.0,0.00%,Strong upward trend confirmed (5-day return: 10.51%).
"Dec 10, 2023",SBI,BUY,152,328.6,49947.2,511919.4,547224.0,1062673.8,0.0,0.00%,Strong upward trend confirmed (5-day return: 12.15%).
"Dec 11, 2023",CIT,BUY,24,2010.1,48242.4,463677.0,595466.4,1052563.4,0.0,0.00%,20-Day SMA crossed above 50-Day SMA indicating bullish momentum.
"Dec 12, 2023",AHPC,BUY,207,223.0,46161.0,417516.0,641627.4,1062441.9,0.0,0.00%,Strong upward trend confirmed (5-day return: 10.67%).
"Dec 12, 2023",ALICL,BUY,60,692.0,41520.0,375996.0,683147.4,1062441.9,0.0,0.00%,Strong upward trend confirmed (5-day return: 11.97%).
"Dec 12, 2023",CORBL,BUY,109,343.0,37387.0,338609.0,720534.4,1062441.9,0.0,0.00%,20-Day SMA crossed above 50-Day SMA indicating bullish momentum.
"Dec 13, 2023",EDBL,BUY,99,342.0,33858.0,304751.0,754392.4,1063449.3,0.0,0.00%,Strong upward trend confirmed (5-day return: 14.00%).
"Dec 13, 2023",GMFIL,BUY,83,365.0,30295.0,274456.0,784687.4,1063449.3,0.0,0.00%,Strong upward trend confirmed (5-day return: 12.31%).
"Dec 13, 2023",JBBL,BUY,91,300.0,27300.0,247156.0,811987.4,1063449.3,0.0,0.00%,Strong upward trend confirmed (5-day return: 11.11%).
"Dec 13, 2023",JFL,BUY,67,365.1,24461.7,222694.3,836449.1,1063449.3,0.0,0.00%,Strong upward trend confirmed (5-day return: 10.64%).
"Dec 14, 2023",BPCL,BUY,70,315.0,22050.0,200644.3,858499.1,1071936.3,0.0,0.00%,20-Day SMA crossed above 50-Day SMA indicating bullish momentum.
"Dec 14, 2023",GBBL,BUY,50,395.2,19760.0,180884.3,878259.1,1071936.3,0.0,0.00%,20-Day SMA crossed above 50-Day SMA indicating bullish momentum.
"Dec 17, 2023",HBL,BUY,87,206.0,17922.0,162962.3,896181.1,1089897.8,0.0,0.00%,20-Day SMA crossed above 50-Day SMA indicating bullish momentum.
"Dec 18, 2023",NABBC,BUY,40,406.7,16268.0,146694.3,912449.1,1104040.6,0.0,0.00%,Strong upward trend confirmed (5-day return: 13.60%).
"Dec 19, 2023",ICFC,BUY,28,506.0,14168.0,132526.3,926617.1,1114825.5,0.0,0.00%,20-Day SMA crossed above 50-Day SMA indicating bullish momentum.
"Dec 21, 2023",KBL,BUY,80,164.1,13128.0,119398.3,939745.1,1097062.4,0.0,0.00%,20-Day SMA crossed above 50-Day SMA indicating bullish momentum.
"Dec 24, 2023",CZBIL,BUY,66,180.0,11880.0,107518.3,951625.1,1074520.3,0.0,0.00%,20-Day SMA crossed above 50-Day SMA indicating bullish momentum.
"Jan 03, 2024",ADBL,BUY,43,246.9,10616.7,96901.6,962241.8,1054955.3,0.0,0.00%,20-Day SMA crossed above 50-Day SMA indicating bullish momentum.
"Jan 08, 2024",NMB,BUY,49,197.1,9657.9,87243.7,971899.7,1060154.3,0.0,0.00%,20-Day SMA crossed above 50-Day SMA indicating bullish momentum.
"Jan 16, 2024",GBIME,BUY,41,209.4,8585.4,78658.3,980485.1,1133922.1,0.0,0.00%,20-Day SMA crossed above 50-Day SMA indicating bullish momentum.
"Jan 28, 2024",SBI,SELL,152,298.9,45432.8,124091.1,930537.9,1082682.0,-4514.4,-9.04%,20-Day SMA crossed below 50-Day SMA indicating bearish momentum.
"Jan 29, 2024",CHCL,SELL,95,493.9,46920.5,171011.6,880567.9,1073201.3,-3049.5,-6.10%,20-Day SMA crossed below 50-Day SMA indicating bearish momentum.
"Jan 29, 2024",GBBL,SELL,50,384.1,19205.0,190216.6,860807.9,1073201.3,-555.0,-2.81%,20-Day SMA crossed below 50-Day SMA indicating bearish momentum.
"Jan 29, 2024",GBIME,SELL,41,199.0,8159.0,198375.6,852222.5,1073201.3,-426.4,-4.97%,20-Day SMA crossed below 50-Day SMA indicating bearish momentum.
"Jan 29, 2024",LICN,SELL,33,1409.0,46497.0,244872.6,803382.5,1073201.3,-2343.0,-4.80%,20-Day SMA crossed below 50-Day SMA indicating bearish momentum.
"Jan 30, 2024",ADBL,SELL,43,245.5,10556.5,255429.1,792765.8,1076049.1,-60.2,-0.57%,20-Day SMA crossed below 50-Day SMA indicating bearish momentum.
"Feb 01, 2024",KBL,SELL,80,149.0,11920.0,267349.1,779637.8,1051749.2,-1208.0,-9.20%,20-Day SMA crossed below 50-Day SMA indicating bearish momentum.
"Feb 04, 2024",MBL,SELL,234,182.9,42798.6,310147.7,729795.8,1053368.5,-7043.4,-14.13%,20-Day SMA crossed below 50-Day SMA indicating bearish momentum.
"Feb 07, 2024",HBL,SELL,87,200.0,17400.0,327547.7,711873.8,1063868.5,-522.0,-2.91%,20-Day SMA crossed below 50-Day SMA indicating bearish momentum.
"Feb 08, 2024",CZBIL,SELL,66,169.0,11154.0,338701.7,699993.8,1070271.2,-726.0,-6.11%,20-Day SMA crossed below 50-Day SMA indicating bearish momentum.
"Feb 11, 2024",SANIMA,SELL,210,248.4,52164.0,390865.7,650097.8,1069286.2,2268.0,4.55%,20-Day SMA crossed below 50-Day SMA indicating bearish momentum.
"Feb 14, 2024",AHPC,SELL,207,200.0,41400.0,432265.7,603936.8,1077005.0,-4761.0,-10.31%,20-Day SMA crossed below 50-Day SMA indicating bearish momentum.
"Feb 14, 2024",CFCL,SELL,146,360.5,52633.0,484898.7,554209.2,1077005.0,2905.4,5.84%,20-Day SMA crossed below 50-Day SMA indicating bearish momentum.
"Feb 14, 2024",CIT,SELL,24,2113.0,50712.0,535610.7,505966.8,1077005.0,2469.6,5.12%,20-Day SMA crossed below 50-Day SMA indicating bearish momentum.
"Feb 14, 2024",GMFIL,SELL,83,373.0,30959.0,566569.7,475671.8,1077005.0,664.0,2.19%,20-Day SMA crossed below 50-Day SMA indicating bearish momentum.
"Feb 18, 2024",AHPC,BUY,259,193.0,49987.0,516582.7,525658.8,1060893.1,0.0,0.00%,Price dropped 12% below SMA; dip buying opportunity detected.
"Feb 21, 2024",GFCL,SELL,116,435.2,50483.2,567065.9,476010.8,1053743.6,835.2,1.68%,20-Day SMA crossed below 50-Day SMA indicating bearish momentum.
"Feb 21, 2024",ICFC,SELL,28,485.0,13580.0,580645.9,461842.8,1053743.6,-588.0,-4.15%,20-Day SMA crossed below 50-Day SMA indicating bearish momentum.
"Feb 22, 2024",JBBL,SELL,91,295.0,26845.0,607490.9,434542.8,1050104.0,-455.0,-1.67%,20-Day SMA crossed below 50-Day SMA indicating bearish momentum.
"Feb 22, 2024",PCBL,SELL,262,197.0,51614.0,659104.9,384658.0,1050104.0,1729.2,3.47%,20-Day SMA crossed below 50-Day SMA indicating bearish momentum.
"Feb 25, 2024",ALICL,SELL,60,578.0,34680.0,693784.9,343138.0,1044716.1,-6840.0,-16.47%,Stop-loss activated after 15% downside protection threshold.
"Feb 25, 2024",PROFL,SELL,163,315.6,51442.8,745227.7,293423.0,1044716.1,1727.8,3.48%,20-Day SMA crossed below 50-Day SMA indicating bearish momentum.
"Feb 26, 2024",BPCL,SELL,70,302.0,21140.0,766367.7,271373.0,1046952.4,-910.0,-4.13%,20-Day SMA crossed below 50-Day SMA indicating bearish momentum.
"Feb 27, 2024",EBL,SELL,99,510.0,50490.0,816857.7,221576.0,1048670.0,693.0,1.39%,20-Day SMA crossed below 50-Day SMA indicating bearish momentum.
"Feb 28, 2024",JFL,SELL,67,363.0,24321.0,841178.7,197114.3,1045634.6,-140.7,-0.58%,20-Day SMA crossed below 50-Day SMA indicating bearish momentum.
"Feb 28, 2024",NHPC,SELL,338,153.5,51883.0,893061.7,147157.9,1045634.6,1926.6,3.86%,20-Day SMA crossed below 50-Day SMA indicating bearish momentum.
"Feb 29, 2024",ALICL,BUY,89,559.6,49804.4,843257.3,196962.3,1042973.2,0.0,0.00%,Price dropped 12% below SMA; dip buying opportunity detected.
"Mar 04, 2024",ICFC,BUY,99,501.0,49599.0,793658.3,246561.3,1052469.1,0.0,0.00%,20-Day SMA crossed above 50-Day SMA indicating bullish momentum.
"Mar 04, 2024",JFL,BUY,136,365.1,49653.6,744004.7,296214.9,1052469.1,0.0,0.00%,20-Day SMA crossed above 50-Day SMA indicating bullish momentum.
"Mar 07, 2024",EDBL,SELL,99,356.5,35293.5,779298.2,262356.9,1047089.3,1435.5,4.24%,20-Day SMA crossed below 50-Day SMA indicating bearish momentum.
"Mar 14, 2024",GFCL,BUY,107,464.0,49648.0,729650.2,312004.9,1055869.0,0.0,0.00%,20-Day SMA crossed above 50-Day SMA indicating bullish momentum.
"Mar 27, 2024",CIT,BUY,23,2105.0,48415.0,681235.2,360419.9,1050805.7,0.0,0.00%,20-Day SMA crossed above 50-Day SMA indicating bullish momentum.
"Mar 31, 2024",CFCL,BUY,146,341.2,49815.2,631420.0,410235.1,1047249.5,0.0,0.00%,20-Day SMA crossed above 50-Day SMA indicating bullish momentum.
"Apr 01, 2024",EDBL,BUY,140,357.0,49980.0,581440.0,460215.1,1045905.9,0.0,0.00%,20-Day SMA crossed above 50-Day SMA indicating bullish momentum.
"Apr 01, 2024",GMFIL,BUY,141,352.6,49716.6,531723.4,509931.7,1045905.9,0.0,0.00%,20-Day SMA crossed above 50-Day SMA indicating bullish momentum.
"Apr 02, 2024",PROFL,BUY,159,313.7,49878.3,481845.1,559810.0,1047499.4,0.0,0.00%,20-Day SMA crossed above 50-Day SMA indicating bullish momentum.
"Apr 21, 2024",CIT,SELL,23,2098.0,48254.0,530099.1,511395.0,1057898.3,-161.0,-0.33%,20-Day SMA crossed below 50-Day SMA indicating bearish momentum.
"Apr 24, 2024",AHPC,SELL,259,163.2,42268.8,572367.9,461408.0,1054670.7,-7718.2,-15.44%,Stop-loss activated after 15% downside protection threshold.
"Apr 25, 2024",PROFL,SELL,159,328.0,52152.0,624519.9,411529.7,1061811.4,2273.7,4.56%,20-Day SMA crossed below 50-Day SMA indicating bearish momentum.
"Apr 29, 2024",PROFL,BUY,137,362.8,49703.6,574816.3,461233.3,1091763.6,0.0,0.00%,Strong upward trend confirmed (5-day return: 14.09%).
"May 07, 2024",ADBL,BUY,210,237.1,49791.0,525025.3,511024.3,1071405.2,0.0,0.00%,20-Day SMA crossed above 50-Day SMA indicating bullish momentum.
"May 19, 2024",PCBL,BUY,252,198.4,49996.8,475028.5,561021.1,1099644.6,0.0,0.00%,20-Day SMA crossed above 50-Day SMA indicating bullish momentum.
"May 20, 2024",EBL,BUY,89,532.0,47348.0,427680.5,608369.1,1096977.3,0.0,0.00%,20-Day SMA crossed above 50-Day SMA indicating bullish momentum.
"May 21, 2024",NABIL,BUY,88,480.9,42319.2,385361.3,650688.3,1115587.3,0.0,0.00%,Strong upward trend confirmed (5-day return: 10.93%).
"May 22, 2024",CZBIL,BUY,215,179.0,38485.0,346876.3,689173.3,1119929.8,0.0,0.00%,Strong upward trend confirmed (5-day return: 10.56%).
"May 22, 2024",HBL,BUY,171,201.9,34524.9,312351.4,723698.2,1119929.8,0.0,0.00%,Strong upward trend confirmed (5-day return: 13.43%).
"May 22, 2024",KBL,BUY,202,154.0,31108.0,281243.4,754806.2,1119929.8,0.0,0.00%,Strong upward trend confirmed (5-day return: 10.79%).
"May 22, 2024",MBL,BUY,148,190.0,28120.0,253123.4,782926.2,1119929.8,0.0,0.00%,Strong upward trend confirmed (5-day return: 13.16%).
"May 22, 2024",SANIMA,BUY,94,267.0,25098.0,228025.4,808024.2,1119929.8,0.0,0.00%,20-Day SMA crossed above 50-Day SMA indicating bullish momentum.
"May 22, 2024",SBI,BUY,73,309.5,22593.5,205431.9,830617.7,1119929.8,0.0,0.00%,Strong upward trend confirmed (5-day return: 10.89%).
"May 27, 2024",GBBL,BUY,55,369.9,20344.5,185087.4,850962.2,1110659.8,0.0,0.00%,20-Day SMA crossed above 50-Day SMA indicating bullish momentum.
"May 27, 2024",JBBL,BUY,62,295.8,18339.6,166747.8,869301.8,1110659.8,0.0,0.00%,20-Day SMA crossed above 50-Day SMA indicating bullish momentum.
"May 29, 2024",JFL,SELL,136,548.7,74623.2,241371.0,819648.2,1098228.4,24969.6,50.29%,Take Profit Triggered: +50.29% gain achieved.
"May 29, 2024",NABBC,SELL,40,635.0,25400.0,266771.0,803380.2,1098228.4,9132.0,56.13%,Take Profit Triggered: +56.13% gain achieved.
"May 30, 2024",CIT,BUY,12,2120.0,25440.0,241331.0,828820.2,1090440.6,0.0,0.00%,20-Day SMA crossed above 50-Day SMA indicating bullish momentum.
"Jun 02, 2024",GBBL,SELL,55,361.1,19860.5,261191.5,808475.7,1102633.7,-484.0,-2.38%,20-Day SMA crossed below 50-Day SMA indicating bearish momentum.
"Jun 02, 2024",GFCL,SELL,107,464.9,49744.3,310935.8,758827.7,1102633.7,96.3,0.19%,20-Day SMA crossed below 50-Day SMA indicating bearish momentum.
"Jun 04, 2024",GBIME,BUY,168,184.0,30912.0,280023.8,789739.7,1104479.2,0.0,0.00%,20-Day SMA crossed above 50-Day SMA indicating bullish momentum.
"Jun 05, 2024",LICN,BUY,20,1373.0,27460.0,252563.8,817199.7,1101804.5,0.0,0.00%,20-Day SMA crossed above 50-Day SMA indicating bullish momentum.
"Jun 09, 2024",GBBL,BUY,70,360.1,25207.0,227356.8,842406.7,1086740.4,0.0,0.00%,20-Day SMA crossed above 50-Day SMA indicating bullish momentum.
"Jun 12, 2024",GFCL,BUY,47,483.0,22701.0,204655.8,865107.7,1117594.5,0.0,0.00%,20-Day SMA crossed above 50-Day SMA indicating bullish momentum.
"Jun 13, 2024",CORBL,SELL,109,530.0,57770.0,262425.8,827720.7,1126757.9,20383.0,54.52%,Take Profit Triggered: +54.52% gain achieved.
"Jun 16, 2024",CHCL,BUY,59,440.0,25960.0,236465.8,853680.7,1116831.9,0.0,0.00%,20-Day SMA crossed above 50-Day SMA indicating bullish momentum.
"Jun 19, 2024",GBBL,SELL,70,359.0,25130.0,261595.8,828473.7,1110938.5,-77.0,-0.31%,20-Day SMA crossed below 50-Day SMA indicating bearish momentum.
"Jun 19, 2024",JBBL,SELL,62,286.0,17732.0,279327.8,810134.1,1110938.5,-607.6,-3.31%,20-Day SMA crossed below 50-Day SMA indicating bearish momentum.
"Jun 19, 2024",NHPC,BUY,189,147.2,27820.8,251507.0,837954.9,1110938.5,0.0,0.00%,20-Day SMA crossed above 50-Day SMA indicating bullish momentum.
"Jun 23, 2024",CHCL,SELL,59,436.0,25724.0,277231.0,811994.9,1124231.3,-236.0,-0.91%,20-Day SMA crossed below 50-Day SMA indicating bearish momentum.
"Jun 23, 2024",NHPC,SELL,189,143.0,27027.0,304258.0,784174.1,1124231.3,-793.8,-2.85%,20-Day SMA crossed below 50-Day SMA indicating bearish momentum.
"Jul 01, 2024",ALICL,SELL,89,551.0,49039.0,353297.0,734369.7,1120298.8,-765.4,-1.54%,20-Day SMA crossed below 50-Day SMA indicating bearish momentum.
"Jul 01, 2024",GBIME,SELL,168,173.9,29215.2,382512.2,703457.7,1120298.8,-1696.8,-5.49%,20-Day SMA crossed below 50-Day SMA indicating bearish momentum.
"Jul 02, 2024",HBL,SELL,171,183.0,31293.0,413805.2,668932.8,1139071.7,-3231.9,-9.36%,20-Day SMA crossed below 50-Day SMA indicating bearish momentum.
"Jul 03, 2024",CFCL,SELL,146,526.9,76927.4,490732.6,619117.6,1169623.5,27112.2,54.43%,Take Profit Triggered: +54.43% gain achieved.
"Jul 03, 2024",CORBL,BUY,83,588.0,48804.0,441928.6,667921.6,1169623.5,0.0,0.00%,Strong upward trend confirmed (5-day return: 11.60%).
"Jul 03, 2024",JFL,BUY,65,674.9,43868.5,398060.1,711790.1,1169623.5,0.0,0.00%,Strong upward trend confirmed (5-day return: 16.76%).
"Jul 04, 2024",CIT,SELL,12,1920.0,23040.0,421100.1,686350.1,1172553.9,-2400.0,-9.43%,20-Day SMA crossed below 50-Day SMA indicating bearish momentum.
"Jul 07, 2024",CFCL,BUY,82,510.0,41820.0,379280.1,728170.1,1173276.8,0.0,0.00%,Strong upward trend confirmed (5-day return: 12.83%).
"Jul 07, 2024",JBBL,BUY,120,314.0,37680.0,341600.1,765850.1,1173276.8,0.0,0.00%,Strong upward trend confirmed (5-day return: 11.15%).
"Jul 08, 2024",ALICL,BUY,57,595.0,33915.0,307685.1,799765.1,1174504.0,0.0,0.00%,20-Day SMA crossed above 50-Day SMA indicating bullish momentum.
"Jul 14, 2024",AHPC,BUY,176,173.9,30606.4,277078.7,830371.5,1222982.8,0.0,0.00%,Strong upward trend confirmed (5-day return: 11.47%).
"Jul 14, 2024",GBBL,BUY,70,392.2,27454.0,249624.7,857825.5,1222982.8,0.0,0.00%,20-Day SMA crossed above 50-Day SMA indicating bullish momentum.
"Jul 14, 2024",GBIME,BUY,124,200.0,24800.0,224824.7,882625.5,1222982.8,0.0,0.00%,Strong upward trend confirmed (5-day return: 10.25%).
"Jul 14, 2024",HBL,BUY,106,211.0,22366.0,202458.7,904991.5,1222982.8,0.0,0.00%,Strong upward trend confirmed (5-day return: 13.20%).
"Jul 14, 2024",NHPC,BUY,126,160.5,20223.0,182235.7,925214.5,1222982.8,0.0,0.00%,Strong upward trend confirmed (5-day return: 11.46%).
"Jul 15, 2024",CHCL,BUY,39,465.0,18135.0,164100.7,943349.5,1211844.2,0.0,0.00%,20-Day SMA crossed above 50-Day SMA indicating bullish momentum.
"Jul 16, 2024",BPCL,BUY,50,322.0,16100.0,148000.7,959449.5,1249683.5,0.0,0.00%,20-Day SMA crossed above 50-Day SMA indicating bullish momentum.
"Jul 16, 2024",GMFIL,SELL,141,534.0,75294.0,223294.7,909732.9,1249683.5,25577.4,51.45%,Take Profit Triggered: +51.45% gain achieved.
"Jul 21, 2024",GMFIL,BUY,40,556.0,22240.0,201054.7,931972.9,1333709.3,0.0,0.00%,Strong upward trend confirmed (5-day return: 13.68%).
"Jul 25, 2024",GFCL,SELL,47,725.0,34075.0,235129.7,909271.9,1360033.9,11374.0,50.10%,Take Profit Triggered: +50.10% gain achieved.
"Jul 28, 2024",ADBL,SELL,210,387.2,81312.0,316441.7,859480.9,1423698.3,31521.0,63.31%,Take Profit Triggered: +63.31% gain achieved.
"Jul 28, 2024",EDBL,SELL,140,540.0,75600.0,392041.7,809500.9,1423698.3,25620.0,51.26%,Take Profit Triggered: +51.26% gain achieved.
"Jul 29, 2024",GFCL,BUY,50,769.0,38450.0,353591.7,847950.9,1428359.1,0.0,0.00%,Strong upward trend confirmed (5-day return: 18.23%).
"Jul 31, 2024",CIT,BUY,14,2374.0,33236.0,320355.7,881186.9,1489989.3,0.0,0.00%,Strong upward trend confirmed (5-day return: 11.51%).
"Jul 31, 2024",ICFC,SELL,99,777.1,76932.9,397288.6,831587.9,1489989.3,27333.9,55.11%,Take Profit Triggered: +55.11% gain achieved.
"Jul 31, 2024",PCBL,SELL,252,300.0,75600.0,472888.6,781591.1,1489989.3,25603.2,51.21%,Take Profit Triggered: +51.21% gain achieved.
"Jul 31, 2024",PROFL,SELL,137,597.7,81884.9,554773.5,731887.5,1489989.3,32181.3,64.75%,Take Profit Triggered: +64.75% gain achieved.
"Aug 05, 2024",PROFL,BUY,79,630.0,49770.0,505003.5,781657.5,1472172.8,0.0,0.00%,Strong upward trend confirmed (5-day return: 26.91%).
"Aug 11, 2024",AHPC,SELL,176,277.7,48875.2,553878.7,751051.1,1478847.9,18268.8,59.69%,Take Profit Triggered: +59.69% gain achieved.
"Aug 12, 2024",NHPC,SELL,126,244.4,30794.4,584673.1,730828.1,1512952.1,10571.4,52.27%,Take Profit Triggered: +52.27% gain achieved.
"Aug 13, 2024",ICFC,BUY,64,781.0,49984.0,534689.1,780812.1,1525341.4,0.0,0.00%,Strong upward trend confirmed (5-day return: 15.02%).
"Aug 14, 2024",GFCL,SELL,50,1177.8,58890.0,593579.1,742362.1,1555994.1,20440.0,53.16%,Take Profit Triggered: +53.16% gain achieved.
"Aug 14, 2024",KBL,SELL,202,235.0,47470.0,641049.1,711254.1,1555994.1,16362.0,52.60%,Take Profit Triggered: +52.60% gain achieved.
"Aug 15, 2024",ADBL,BUY,119,419.0,49861.0,591188.1,761115.1,1575272.1,0.0,0.00%,Strong upward trend confirmed (5-day return: 11.70%).
"Aug 15, 2024",AHPC,BUY,149,334.0,49766.0,541422.1,810881.1,1575272.1,0.0,0.00%,Strong upward trend confirmed (5-day return: 32.28%).
"Aug 15, 2024",BPCL,SELL,50,486.2,24310.0,565732.1,794781.1,1575272.1,8210.0,50.99%,Take Profit Triggered: +50.99% gain achieved.
"Aug 15, 2024",CZBIL,SELL,215,277.5,59662.5,625394.6,756296.1,1575272.1,21177.5,55.03%,Take Profit Triggered: +55.03% gain achieved.
"Aug 15, 2024",LICN,SELL,20,2065.0,41300.0,666694.6,728836.1,1575272.1,13840.0,50.40%,Take Profit Triggered: +50.40% gain achieved.
"Aug 15, 2024",PCBL,BUY,160,311.0,49760.0,616934.6,778596.1,1575272.1,0.0,0.00%,Strong upward trend confirmed (5-day return: 12.68%).
"Aug 18, 2024",GFCL,BUY,45,1111.0,49995.0,566939.6,828591.1,1568376.7,0.0,0.00%,Strong upward trend confirmed (5-day return: 24.83%).
"Aug 18, 2024",KBL,BUY,193,259.0,49987.0,516952.6,878578.1,1568376.7,0.0,0.00%,Strong upward trend confirmed (5-day return: 21.60%).
"Aug 18, 2024",NHPC,BUY,190,262.0,49780.0,467172.6,928358.1,1568376.7,0.0,0.00%,Strong upward trend confirmed (5-day return: 17.91%).
"Aug 21, 2024",BPCL,BUY,92,504.0,46368.0,420804.6,974726.1,1591148.6,0.0,0.00%,Strong upward trend confirmed (5-day return: 13.26%).
"Aug 21, 2024",CFCL,SELL,82,791.0,64862.0,485666.6,932906.1,1591148.6,23042.0,55.10%,Take Profit Triggered: +55.10% gain achieved.
"Aug 21, 2024",LICN,BUY,20,2351.0,47020.0,438646.6,979926.1,1591148.6,0.0,0.00%,Strong upward trend confirmed (5-day return: 23.61%).
"Aug 21, 2024",SBI,SELL,73,470.0,34310.0,472956.6,957332.6,1591148.6,11716.5,51.86%,Take Profit Triggered: +51.86% gain achieved.
"Aug 22, 2024",EDBL,BUY,81,580.0,46980.0,425976.6,1004312.6,1613342.3,0.0,0.00%,Strong upward trend confirmed (5-day return: 10.37%).
"Aug 22, 2024",MBL,SELL,148,286.2,42357.6,468334.2,976192.6,1613342.3,14237.6,50.63%,Take Profit Triggered: +50.63% gain achieved.
"Aug 22, 2024",NABBC,BUY,68,688.6,46824.8,421509.4,1023017.4,1613342.3,0.0,0.00%,Strong upward trend confirmed (5-day return: 17.47%).
"Aug 25, 2024",CORBL,SELL,83,884.0,73372.0,494881.4,974213.4,1583961.4,24568.0,50.34%,Take Profit Triggered: +50.34% gain achieved.
"Aug 29, 2024",CORBL,BUY,58,850.0,49300.0,445581.4,1023513.4,1520500.6,0.0,0.00%,Strong upward trend confirmed (5-day return: 13.14%).
"Sep 01, 2024",KBL,SELL,193,219.9,42440.7,488022.1,973526.4,1498538.8,-7546.3,-15.10%,Stop-loss activated after 15% downside protection threshold.
"Sep 09, 2024",AHPC,SELL,149,283.0,42167.0,530189.1,923760.4,1492438.6,-7599.0,-15.27%,Stop-loss activated after 15% downside protection threshold.
"Sep 10, 2024",JFL,SELL,65,618.0,40170.0,570359.1,879891.9,1486966.7,-3698.5,-8.43%,20-Day SMA crossed below 50-Day SMA indicating bearish momentum.
"Sep 11, 2024",ADBL,SELL,119,356.0,42364.0,612723.1,830030.9,1475889.2,-7497.0,-15.04%,Stop-loss activated after 15% downside protection threshold.
"Sep 11, 2024",PCBL,SELL,160,264.0,42240.0,654963.1,780270.9,1475889.2,-7520.0,-15.11%,Stop-loss activated after 15% downside protection threshold.
"Sep 16, 2024",BPCL,SELL,92,423.0,38916.0,693879.1,733902.9,1451700.9,-7452.0,-16.07%,Stop-loss activated after 15% downside protection threshold.
"Sep 16, 2024",CFCL,BUY,85,586.0,49810.0,644069.1,783712.9,1451700.9,0.0,0.00%,Price dropped 12% below SMA; dip buying opportunity detected.
"Sep 16, 2024",JFL,BUY,85,585.0,49725.0,594344.1,833437.9,1451700.9,0.0,0.00%,Price dropped 12% below SMA; dip buying opportunity detected.
"Sep 16, 2024",NHPC,SELL,190,221.0,41990.0,636334.1,783657.9,1451700.9,-7790.0,-15.65%,Stop-loss activated after 15% downside protection threshold.
"Sep 18, 2024",GFCL,SELL,45,881.0,39645.0,675979.1,733662.9,1443681.3,-10350.0,-20.70%,Stop-loss activated after 15% downside protection threshold.
"Sep 22, 2024",GFCL,BUY,57,870.0,49590.0,626389.1,783252.9,1446312.7,0.0,0.00%,Price dropped 12% below SMA; dip buying opportunity detected.
"Sep 23, 2024",BPCL,BUY,126,396.0,49896.0,576493.1,833148.9,1421768.3,0.0,0.00%,Price dropped 12% below SMA; dip buying opportunity detected.
"Sep 23, 2024",CHCL,SELL,39,543.0,21177.0,597670.1,815013.9,1421768.3,3042.0,16.77%,20-Day SMA crossed below 50-Day SMA indicating bearish momentum.
"Sep 23, 2024",ICFC,SELL,64,654.0,41856.0,639526.1,765029.9,1421768.3,-8128.0,-16.26%,Stop-loss activated after 15% downside protection threshold.
"Sep 23, 2024",NABBC,SELL,68,585.0,39780.0,679306.1,718205.1,1421768.3,-7044.8,-15.05%,Stop-loss activated after 15% downside protection threshold.
"Sep 23, 2024",NABIL,SELL,88,568.0,49984.0,729290.1,675885.9,1421768.3,7664.8,18.11%,20-Day SMA crossed below 50-Day SMA indicating bearish momentum.
"Sep 23, 2024",PROFL,SELL,79,529.0,41791.0,771081.1,626115.9,1421768.3,-7979.0,-16.03%,Stop-loss activated after 15% downside protection threshold.
"Sep 24, 2024",AHPC,BUY,198,252.2,49935.6,721145.5,676051.5,1397913.3,0.0,0.00%,Price dropped 12% below SMA; dip buying opportunity detected.
"Sep 25, 2024",ALICL,SELL,57,677.0,38589.0,759734.5,642136.5,1418225.5,4674.0,13.78%,20-Day SMA crossed below 50-Day SMA indicating bearish momentum.
"Sep 25, 2024",CFCL,SELL,85,521.9,44361.5,804096.0,592326.5,1418225.5,-5448.5,-10.94%,20-Day SMA crossed below 50-Day SMA indicating bearish momentum.
"Sep 25, 2024",HBL,SELL,106,246.0,26076.0,830172.0,569960.5,1418225.5,3710.0,16.59%,20-Day SMA crossed below 50-Day SMA indicating bearish momentum.
"Sep 25, 2024",NMB,SELL,49,250.0,12250.0,842422.0,560302.6,1418225.5,2592.1,26.84%,20-Day SMA crossed below 50-Day SMA indicating bearish momentum.
"Sep 26, 2024",GBBL,SELL,70,426.0,29820.0,872242.0,532848.6,1408660.8,2366.0,8.62%,20-Day SMA crossed below 50-Day SMA indicating bearish momentum.
"Sep 26, 2024",GMFIL,SELL,40,504.0,20160.0,892402.0,510608.6,1408660.8,-2080.0,-9.35%,20-Day SMA crossed below 50-Day SMA indicating bearish momentum.
"Sep 26, 2024",JBBL,SELL,120,330.5,39660.0,932062.0,472928.6,1408660.8,1980.0,5.25%,20-Day SMA crossed below 50-Day SMA indicating bearish momentum.
"Sep 29, 2024",CFCL,BUY,99,503.0,49797.0,882265.0,522725.6,1404160.5,0.0,0.00%,Price dropped 12% below SMA; dip buying opportunity detected.
"Sep 29, 2024",CIT,SELL,14,2094.0,29316.0,911581.0,489489.6,1404160.5,-3920.0,-11.79%,20-Day SMA crossed below 50-Day SMA indicating bearish momentum.
"Sep 29, 2024",GBIME,SELL,124,235.0,29140.0,940721.0,464689.6,1404160.5,4340.0,17.50%,20-Day SMA crossed below 50-Day SMA indicating bearish momentum.
"Sep 29, 2024",NABBC,BUY,92,540.0,49680.0,891041.0,514369.6,1404160.5,0.0,0.00%,Price dropped 12% below SMA; dip buying opportunity detected.
"Sep 29, 2024",NHPC,BUY,252,198.3,49971.6,841069.4,564341.2,1404160.5,0.0,0.00%,Price dropped 12% below SMA; dip buying opportunity detected.
"Sep 29, 2024",PROFL,BUY,98,510.0,49980.0,791089.4,614321.2,1404160.5,0.0,0.00%,Price dropped 12% below SMA; dip buying opportunity detected.
"Sep 29, 2024",SANIMA,SELL,94,331.9,31198.6,822288.0,589223.2,1404160.5,6100.6,24.31%,20-Day SMA crossed below 50-Day SMA indicating bearish momentum.
"Oct 01, 2024",EBL,SELL,89,615.0,54735.0,877023.0,541875.2,1466815.7,7387.0,15.60%,20-Day SMA crossed below 50-Day SMA indicating bearish momentum.
"Oct 01, 2024",GMFIL,BUY,87,568.7,49476.9,827546.1,591352.1,1466815.7,0.0,0.00%,Strong upward trend confirmed (5-day return: 15.35%).
"Oct 01, 2024",ICFC,BUY,68,730.4,49667.2,777878.9,641019.3,1466815.7,0.0,0.00%,Strong upward trend confirmed (5-day return: 14.68%).
"Oct 06, 2024",BPCL,SELL,126,449.0,56574.0,834452.9,591123.3,1495228.7,6678.0,13.38%,20-Day SMA crossed below 50-Day SMA indicating bearish momentum.
"Oct 06, 2024",NHPC,SELL,252,220.0,55440.0,889892.9,541151.7,1495228.7,5468.4,10.94%,20-Day SMA crossed below 50-Day SMA indicating bearish momentum.
"Oct 06, 2024",SBI,BUY,109,454.8,49573.2,840319.7,590724.9,1495228.7,0.0,0.00%,Strong upward trend confirmed (5-day return: 10.12%).
"Oct 07, 2024",CZBIL,BUY,199,251.0,49949.0,790370.7,640673.9,1496444.4,0.0,0.00%,Strong upward trend confirmed (5-day return: 11.56%).
"Oct 07, 2024",JBBL,BUY,137,362.9,49717.3,740653.4,690391.2,1496444.4,0.0,0.00%,Strong upward trend confirmed (5-day return: 12.67%).
"Oct 07, 2024",KBL,BUY,219,228.0,49932.0,690721.4,740323.2,1496444.4,0.0,0.00%,Strong upward trend confirmed (5-day return: 10.41%).
"Oct 07, 2024",MBL,BUY,196,254.2,49823.2,640898.2,790146.4,1496444.4,0.0,0.00%,Strong upward trend confirmed (5-day return: 10.38%).
"Oct 07, 2024",NMB,BUY,183,272.0,49776.0,591122.2,839922.4,1496444.4,0.0,0.00%,Strong upward trend confirmed (5-day return: 11.02%).
"Oct 07, 2024",PCBL,BUY,170,292.9,49793.0,541329.2,889715.4,1496444.4,0.0,0.00%,Strong upward trend confirmed (5-day return: 10.90%).
"Oct 08, 2024",AHPC,SELL,198,274.9,54430.2,595759.4,839779.8,1483871.0,4494.6,9.00%,20-Day SMA crossed below 50-Day SMA indicating bearish momentum.
"Oct 08, 2024",GFCL,SELL,57,1065.0,60705.0,656464.4,790189.8,1483871.0,11115.0,22.41%,20-Day SMA crossed below 50-Day SMA indicating bearish momentum.
"Oct 15, 2024",BPCL,BUY,105,472.0,49560.0,606904.4,839749.8,1505068.0,0.0,0.00%,Strong upward trend confirmed (5-day return: 10.28%).
"Oct 16, 2024",NABBC,SELL,92,648.8,59689.6,666594.0,790069.8,1516413.0,10009.6,20.15%,20-Day SMA crossed below 50-Day SMA indicating bearish momentum.
"Oct 17, 2024",GFCL,BUY,41,1200.0,49200.0,617394.0,839269.8,1518916.0,0.0,0.00%,Strong upward trend confirmed (5-day return: 10.09%).
"Oct 21, 2024",LICN,SELL,20,2043.0,40860.0,658254.0,792249.8,1480519.7,-6160.0,-13.10%,20-Day SMA crossed below 50-Day SMA indicating bearish momentum.
"Oct 24, 2024",GFCL,SELL,41,1015.0,41615.0,699869.0,743049.8,1493959.5,-7585.0,-15.42%,Stop-loss activated after 15% downside protection threshold.
"Oct 27, 2024",LICN,BUY,41,1212.0,49692.0,650177.0,792741.8,1485617.6,0.0,0.00%,Price dropped 12% below SMA; dip buying opportunity detected.
"Oct 29, 2024",GBIME,BUY,195,255.9,49900.5,600276.5,842642.3,1524080.3,0.0,0.00%,20-Day SMA crossed above 50-Day SMA indicating bullish momentum.
"Oct 30, 2024",NABBC,BUY,75,662.0,49650.0,550626.5,892292.3,1513549.9,0.0,0.00%,20-Day SMA crossed above 50-Day SMA indicating bullish momentum.
"Nov 06, 2024",ADBL,BUY,136,366.1,49789.6,500836.9,942081.9,1520589.4,0.0,0.00%,20-Day SMA crossed above 50-Day SMA indicating bullish momentum.
"Nov 06, 2024",HBL,BUY,199,251.0,49949.0,450887.9,992030.9,1520589.4,0.0,0.00%,20-Day SMA crossed above 50-Day SMA indicating bullish momentum.
"Nov 10, 2024",CHCL,BUY,74,602.0,44548.0,406339.9,1036578.9,1548084.3,0.0,0.00%,20-Day SMA crossed above 50-Day SMA indicating bullish momentum.
"Nov 11, 2024",ALICL,BUY,52,768.5,39962.0,366377.9,1076540.9,1560837.0,0.0,0.00%,20-Day SMA crossed above 50-Day SMA indicating bullish momentum.
"Nov 11, 2024",GFCL,BUY,31,1152.3,35721.3,330656.6,1112262.2,1560837.0,0.0,0.00%,20-Day SMA crossed above 50-Day SMA indicating bullish momentum.
"Nov 12, 2024",GBBL,BUY,72,455.0,32760.0,297896.6,1145022.2,1563201.4,0.0,0.00%,20-Day SMA crossed above 50-Day SMA indicating bullish momentum.
"Nov 12, 2024",JFL,SELL,85,899.0,76415.0,374311.6,1095297.2,1563201.4,26690.0,53.68%,Take Profit Triggered: +53.68% gain achieved.
"Nov 12, 2024",NABIL,BUY,66,566.2,37369.2,336942.4,1132666.4,1563201.4,0.0,0.00%,20-Day SMA crossed above 50-Day SMA indicating bullish momentum.
"Nov 13, 2024",NABBC,SELL,75,996.5,74737.5,411679.9,1083016.4,1569853.7,25087.5,50.53%,Take Profit Triggered: +50.53% gain achieved.
"Nov 17, 2024",JFL,BUY,38,1062.0,40356.0,371323.9,1123372.4,1572948.9,0.0,0.00%,Strong upward trend confirmed (5-day return: 27.95%).
"Nov 17, 2024",NABBC,BUY,36,1031.0,37116.0,334207.9,1160488.4,1572948.9,0.0,0.00%,Strong upward trend confirmed (5-day return: 26.38%).
"Nov 17, 2024",NHPC,BUY,142,233.9,33213.8,300994.1,1193702.2,1572948.9,0.0,0.00%,20-Day SMA crossed above 50-Day SMA indicating bullish momentum.
"Nov 20, 2024",NABIL,SELL,66,557.0,36762.0,337756.1,1156333.0,1564836.5,-607.2,-1.62%,20-Day SMA crossed below 50-Day SMA indicating bearish momentum.
"Nov 21, 2024",ADBL,SELL,136,353.0,48008.0,385764.1,1106543.4,1541000.9,-1781.6,-3.58%,20-Day SMA crossed below 50-Day SMA indicating bearish momentum.
"Nov 21, 2024",CZBIL,SELL,199,230.0,45770.0,431534.1,1056594.4,1541000.9,-4179.0,-8.37%,20-Day SMA crossed below 50-Day SMA indicating bearish momentum.
"Nov 21, 2024",GFCL,SELL,31,957.7,29688.7,461222.8,1020873.1,1541000.9,-6032.6,-16.89%,Stop-loss activated after 15% downside protection threshold.
"Nov 25, 2024",AHPC,BUY,164,281.0,46084.0,415138.8,1066957.1,1546842.7,0.0,0.00%,20-Day SMA crossed above 50-Day SMA indicating bullish momentum.
"Nov 25, 2024",CORBL,SELL,58,1361.0,78938.0,494076.8,1017657.1,1546842.7,29638.0,60.12%,Take Profit Triggered: +60.12% gain achieved.
"Nov 27, 2024",PCBL,SELL,170,274.0,46580.0,540656.8,967864.1,1572466.1,-3213.0,-6.45%,20-Day SMA crossed below 50-Day SMA indicating bearish momentum.
"Dec 01, 2024",CORBL,BUY,27,1831.5,49450.5,491206.3,1017314.6,1565096.7,0.0,0.00%,Strong upward trend confirmed (5-day return: 47.82%).
"Dec 01, 2024",GFCL,BUY,52,930.0,48360.0,442846.3,1065674.6,1565096.7,0.0,0.00%,20-Day SMA crossed above 50-Day SMA indicating bullish momentum.
"Dec 03, 2024",JFL,SELL,38,885.1,33633.8,476480.1,1025318.6,1577181.0,-6722.2,-16.66%,Stop-loss activated after 15% downside protection threshold.
"Dec 04, 2024",GBIME,SELL,195,228.2,44499.0,520979.1,975418.1,1561380.9,-5401.5,-10.82%,20-Day SMA crossed below 50-Day SMA indicating bearish momentum.
"Dec 04, 2024",NMB,SELL,183,253.0,46299.0,567278.1,925642.1,1561380.9,-3477.0,-6.99%,20-Day SMA crossed below 50-Day SMA indicating bearish momentum.
"Dec 05, 2024",CIT,BUY,22,2199.0,48378.0,518900.1,974020.1,1552895.8,0.0,0.00%,20-Day SMA crossed above 50-Day SMA indicating bullish momentum.
"Dec 09, 2024",HBL,SELL,199,241.8,48118.2,567018.3,924071.1,1516787.3,-1830.8,-3.67%,20-Day SMA crossed below 50-Day SMA indicating bearish momentum.
"Dec 10, 2024",CIT,SELL,22,2172.5,47795.0,614813.3,875693.1,1508752.4,-583.0,-1.21%,20-Day SMA crossed below 50-Day SMA indicating bearish momentum.
"Dec 10, 2024",KBL,SELL,219,215.2,47128.8,661942.1,825761.1,1508752.4,-2803.2,-5.61%,20-Day SMA crossed below 50-Day SMA indicating bearish momentum.
"Dec 11, 2024",BPCL,SELL,105,417.0,43785.0,705727.1,776201.1,1527559.8,-5775.0,-11.65%,20-Day SMA crossed below 50-Day SMA indicating bearish momentum.
"Dec 12, 2024",ICFC,SELL,68,717.9,48817.2,754544.3,726533.9,1515902.7,-850.0,-1.71%,20-Day SMA crossed below 50-Day SMA indicating bearish momentum.
"Dec 12, 2024",SBI,SELL,109,458.0,49922.0,804466.3,676960.7,1515902.7,348.8,0.70%,20-Day SMA crossed below 50-Day SMA indicating bearish momentum.
"Dec 16, 2024",JFL,BUY,62,801.0,49662.0,754804.3,726622.7,1492616.1,0.0,0.00%,Price dropped 12% below SMA; dip buying opportunity detected.
"Dec 17, 2024",AHPC,SELL,164,254.0,41656.0,796460.3,680538.7,1500629.9,-4428.0,-9.61%,20-Day SMA crossed below 50-Day SMA indicating bearish momentum.
"Dec 17, 2024",CHCL,SELL,74,563.5,41699.0,838159.3,635990.7,1500629.9,-2849.0,-6.40%,20-Day SMA crossed below 50-Day SMA indicating bearish momentum.
"Dec 17, 2024",GBBL,SELL,72,428.0,30816.0,868975.3,603230.7,1500629.9,-1944.0,-5.93%,20-Day SMA crossed below 50-Day SMA indicating bearish momentum.
"Dec 17, 2024",MBL,SELL,196,238.2,46687.2,915662.5,553407.5,1500629.9,-3136.0,-6.29%,20-Day SMA crossed below 50-Day SMA indicating bearish momentum.
"Dec 19, 2024",GFCL,SELL,52,787.1,40929.2,956591.7,505047.5,1490320.9,-7430.8,-15.37%,Stop-loss activated after 15% downside protection threshold.
"Dec 22, 2024",CORBL,SELL,27,1518.0,40986.0,997577.7,455597.0,1482743.7,-8464.5,-17.12%,Stop-loss activated after 15% downside protection threshold.
"Dec 23, 2024",CFCL,SELL,99,613.0,60687.0,1058264.7,405800.0,1496263.9,10890.0,21.87%,20-Day SMA crossed below 50-Day SMA indicating bearish momentum.
"Dec 23, 2024",GMFIL,SELL,87,584.0,50808.0,1109072.7,356323.1,1496263.9,1331.1,2.69%,20-Day SMA crossed below 50-Day SMA indicating bearish momentum.
"Dec 24, 2024",ALICL,SELL,52,707.2,36774.4,1145847.1,316361.1,1492490.2,-3187.6,-7.98%,20-Day SMA crossed below 50-Day SMA indicating bearish momentum.
"Dec 24, 2024",PROFL,SELL,98,650.3,63729.4,1209576.5,266381.1,1492490.2,13749.4,27.51%,20-Day SMA crossed below 50-Day SMA indicating bearish momentum.
"Dec 26, 2024",CORBL,BUY,35,1399.5,48982.5,1160594.0,315363.6,1486012.3,0.0,0.00%,Price dropped 12% below SMA; dip buying opportunity detected.
"Dec 29, 2024",EDBL,SELL,81,563.0,45603.0,1206197.0,268383.6,1467899.5,-1377.0,-2.93%,20-Day SMA crossed below 50-Day SMA indicating bearish momentum.
"Dec 29, 2024",NHPC,SELL,142,214.0,30388.0,1236585.0,235169.8,1467899.5,-2825.8,-8.51%,20-Day SMA crossed below 50-Day SMA indicating bearish momentum.
"Dec 31, 2024",CFCL,BUY,92,540.0,49680.0,1186905.0,284849.8,1457898.2,0.0,0.00%,Price dropped 12% below SMA; dip buying opportunity detected.
"Dec 31, 2024",GMFIL,BUY,101,495.0,49995.0,1136910.0,334844.8,1457898.2,0.0,0.00%,Price dropped 12% below SMA; dip buying opportunity detected.
"Jan 05, 2025",JBBL,SELL,137,369.0,50553.0,1187463.0,285127.5,1475103.1,835.7,1.68%,20-Day SMA crossed below 50-Day SMA indicating bearish momentum.
"Jan 07, 2025",EDBL,BUY,82,603.0,49446.0,1138017.0,334573.5,1485547.0,0.0,0.00%,Strong upward trend confirmed (5-day return: 10.44%).
"Jan 07, 2025",JFL,SELL,62,714.0,44268.0,1182285.0,284911.5,1485547.0,-5394.0,-10.86%,20-Day SMA crossed below 50-Day SMA indicating bearish momentum.
"Jan 12, 2025",JFL,BUY,71,695.0,49345.0,1132940.0,334256.5,1478256.4,0.0,0.00%,Price dropped 12% below SMA; dip buying opportunity detected.
"Jan 16, 2025",JFL,SELL,71,560.0,39760.0,1172700.0,284911.5,1466418.1,-9585.0,-19.42%,Stop-loss activated after 15% downside protection threshold.
"Jan 20, 2025",JFL,BUY,91,547.0,49777.0,1122923.0,334688.5,1464753.6,0.0,0.00%,Price dropped 12% below SMA; dip buying opportunity detected.
"Jan 22, 2025",NABBC,SELL,36,1122.1,40395.6,1163318.6,297572.5,1463582.7,3279.6,8.84%,20-Day SMA crossed below 50-Day SMA indicating bearish momentum.
"Jan 26, 2025",CORBL,SELL,35,2124.5,74357.5,1237676.1,248590.0,1459444.6,25375.0,51.80%,Take Profit Triggered: +51.80% gain achieved.
"Jan 26, 2025",JFL,SELL,91,423.9,38574.9,1276251.0,198813.0,1459444.6,-11202.1,-22.50%,Stop-loss activated after 15% downside protection threshold.
"Feb 02, 2025",CORBL,BUY,19,2627.0,49913.0,1226338.0,248726.0,1476371.0,0.0,0.00%,Strong upward trend confirmed (5-day return: 49.45%).
"Feb 02, 2025",JFL,BUY,98,510.0,49980.0,1176358.0,298706.0,1476371.0,0.0,0.00%,Price dropped 12% below SMA; dip buying opportunity detected.
"Feb 02, 2025",NABBC,BUY,39,1253.5,48886.5,1127471.5,347592.5,1476371.0,0.0,0.00%,Strong upward trend confirmed (5-day return: 11.71%).
"Feb 04, 2025",ALICL,BUY,64,773.9,49529.6,1077941.9,397122.1,1473099.0,0.0,0.00%,20-Day SMA crossed above 50-Day SMA indicating bullish momentum.
"Feb 06, 2025",CORBL,SELL,19,2004.1,38077.9,1116019.8,347209.1,1480163.7,-11835.1,-23.71%,Stop-loss activated after 15% downside protection threshold.
"Feb 06, 2025",EBL,BUY,81,610.0,49410.0,1066609.8,396619.1,1480163.7,0.0,0.00%,20-Day SMA crossed above 50-Day SMA indicating bullish momentum.
"Feb 12, 2025",AHPC,BUY,190,263.0,49970.0,1016639.8,446589.1,1497287.5,0.0,0.00%,20-Day SMA crossed above 50-Day SMA indicating bullish momentum.
"Feb 16, 2025",PROFL,BUY,78,637.8,49748.4,966891.4,496337.5,1502753.3,0.0,0.00%,Strong upward trend confirmed (5-day return: 11.11%).
"Feb 18, 2025",BPCL,BUY,117,426.0,49842.0,917049.4,546179.5,1500383.1,0.0,0.00%,20-Day SMA crossed above 50-Day SMA indicating bullish momentum.
"Feb 18, 2025",NMB,BUY,197,253.4,49919.8,867129.6,596099.3,1500383.1,0.0,0.00%,20-Day SMA crossed above 50-Day SMA indicating bullish momentum.
"Feb 20, 2025",NHPC,BUY,230,217.0,49910.0,817219.6,646009.3,1504807.9,0.0,0.00%,20-Day SMA crossed above 50-Day SMA indicating bullish momentum.
"Mar 02, 2025",SANIMA,BUY,154,322.8,49711.2,767508.4,695720.5,1541808.8,0.0,0.00%,20-Day SMA crossed above 50-Day SMA indicating bullish momentum.
"Mar 03, 2025",CHCL,BUY,92,539.0,49588.0,717920.4,745308.5,1533600.6,0.0,0.00%,20-Day SMA crossed above 50-Day SMA indicating bullish momentum.
"Mar 03, 2025",GBBL,BUY,120,415.8,49896.0,668024.4,795204.5,1533600.6,0.0,0.00%,20-Day SMA crossed above 50-Day SMA indicating bullish momentum.
"Mar 03, 2025",HBL,BUY,201,248.0,49848.0,618176.4,845052.5,1533600.6,0.0,0.00%,20-Day SMA crossed above 50-Day SMA indicating bullish momentum.
"Mar 03, 2025",ICFC,BUY,73,678.0,49494.0,568682.4,894546.5,1533600.6,0.0,0.00%,20-Day SMA crossed above 50-Day SMA indicating bullish momentum.
"Mar 03, 2025",MBL,BUY,204,244.0,49776.0,518906.4,944322.5,1533600.6,0.0,0.00%,20-Day SMA crossed above 50-Day SMA indicating bullish momentum.
"Mar 04, 2025",CZBIL,BUY,223,223.8,49907.4,468999.0,994229.9,1522617.7,0.0,0.00%,20-Day SMA crossed above 50-Day SMA indicating bullish momentum.
"Mar 04, 2025",PCBL,BUY,175,267.0,46725.0,422274.0,1040954.9,1522617.7,0.0,0.00%,20-Day SMA crossed above 50-Day SMA indicating bullish momentum.
"Mar 05, 2025",GBIME,BUY,181,233.0,42173.0,380101.0,1083127.9,1507239.9,0.0,0.00%,20-Day SMA crossed above 50-Day SMA indicating bullish momentum.
"Mar 06, 2025",NABIL,BUY,76,498.1,37855.6,342245.4,1120983.5,1506487.1,0.0,0.00%,20-Day SMA crossed above 50-Day SMA indicating bullish momentum.
"Mar 09, 2025",KBL,BUY,161,211.4,34035.4,308210.0,1155018.9,1487089.8,0.0,0.00%,20-Day SMA crossed above 50-Day SMA indicating bullish momentum.
"Mar 11, 2025",JBBL,BUY,83,370.0,30710.0,277500.0,1185728.9,1472201.2,0.0,0.00%,20-Day SMA crossed above 50-Day SMA indicating bullish momentum.
"Mar 12, 2025",NABBC,SELL,39,1908.0,74412.0,351912.0,1136842.4,1475254.2,25525.5,52.21%,Take Profit Triggered: +52.21% gain achieved.
"Mar 17, 2025",ADBL,BUY,121,290.0,35090.0,316822.0,1171932.4,1458796.3,0.0,0.00%,20-Day SMA crossed above 50-Day SMA indicating bullish momentum.
"Mar 17, 2025",CIT,BUY,15,1981.0,29715.0,287107.0,1201647.4,1458796.3,0.0,0.00%,20-Day SMA crossed above 50-Day SMA indicating bullish momentum.
"Mar 19, 2025",ICFC,SELL,73,627.0,45771.0,332878.0,1152153.4,1441859.7,-3723.0,-7.52%,20-Day SMA crossed below 50-Day SMA indicating bearish momentum.
"Mar 19, 2025",LICN,SELL,41,998.0,40918.0,373796.0,1102461.4,1441859.7,-8774.0,-17.66%,Stop-loss activated after 15% downside protection threshold.
"Mar 19, 2025",PROFL,SELL,78,540.0,42120.0,415916.0,1052713.0,1441859.7,-7628.4,-15.33%,Stop-loss activated after 15% downside protection threshold.
"Mar 23, 2025",JBBL,SELL,83,340.17,28234.11,444150.11,1022003.0,1416118.44,-2475.89,-8.06%,20-Day SMA crossed below 50-Day SMA indicating bearish momentum.
"Mar 23, 2025",LICN,BUY,45,985.8,44361.0,399789.11,1066364.0,1416118.44,0.0,0.00%,Price dropped 12% below SMA; dip buying opportunity detected.
"Mar 25, 2025",CHCL,SELL,92,476.91,43875.72,443664.83,1016776.0,1409079.51,-5712.28,-11.52%,20-Day SMA crossed below 50-Day SMA indicating bearish momentum.
"Mar 25, 2025",NHPC,SELL,230,203.42,46786.6,490451.43,966866.0,1409079.51,-3123.4,-6.26%,20-Day SMA crossed below 50-Day SMA indicating bearish momentum.
"Mar 27, 2025",EDBL,SELL,82,646.0,52972.0,543423.43,917420.0,1435176.23,3526.0,7.13%,20-Day SMA crossed below 50-Day SMA indicating bearish momentum.
"Mar 27, 2025",LICN,SELL,45,1027.1,46219.5,589642.93,873059.0,1435176.23,1858.5,4.19%,20-Day SMA crossed below 50-Day SMA indicating bearish momentum.
"Mar 30, 2025",CFCL,SELL,92,567.43,52203.56,641846.49,823379.0,1444675.95,2523.56,5.08%,20-Day SMA crossed below 50-Day SMA indicating bearish momentum.
"Apr 01, 2025",ADBL,SELL,121,288.99,34967.79,676814.28,788289.0,1436873.23,-122.21,-0.35%,20-Day SMA crossed below 50-Day SMA indicating bearish momentum.
"Apr 01, 2025",AHPC,SELL,190,252.49,47973.1,724787.38,738319.0,1436873.23,-1996.9,-4.00%,20-Day SMA crossed below 50-Day SMA indicating bearish momentum.
"Apr 01, 2025",ALICL,SELL,64,758.99,48575.36,773362.74,688789.4,1436873.23,-954.24,-1.93%,20-Day SMA crossed below 50-Day SMA indicating bearish momentum.
"Apr 01, 2025",BPCL,SELL,117,398.66,46643.22,820005.96,638947.4,1436873.23,-3198.78,-6.42%,20-Day SMA crossed below 50-Day SMA indicating bearish momentum.
"Apr 01, 2025",GMFIL,SELL,101,510.2,51530.2,871536.16,588952.4,1436873.23,1535.2,3.07%,20-Day SMA crossed below 50-Day SMA indicating bearish momentum.
"Apr 02, 2025",MBL,SELL,204,227.84,46479.36,918015.52,539176.4,1440902.98,-3296.64,-6.62%,20-Day SMA crossed below 50-Day SMA indicating bearish momentum.
"Apr 02, 2025",NABIL,SELL,76,485.26,36879.76,954895.28,501320.8,1440902.98,-975.84,-2.58%,20-Day SMA crossed below 50-Day SMA indicating bearish momentum.
"Apr 03, 2025",CFCL,BUY,81,613.21,49670.01,905225.27,550990.81,1444034.61,0.0,0.00%,Strong upward trend confirmed (5-day return: 12.68%).
"Apr 03, 2025",CIT,SELL,15,1970.54,29558.1,934783.37,521275.81,1444034.61,-156.9,-0.53%,20-Day SMA crossed below 50-Day SMA indicating bearish momentum.
"Apr 07, 2025",CZBIL,SELL,223,213.17,47536.91,982320.28,471368.41,1437554.16,-2370.49,-4.75%,20-Day SMA crossed below 50-Day SMA indicating bearish momentum.
"Apr 07, 2025",EBL,SELL,81,605.24,49024.44,1031344.72,421958.41,1437554.16,-385.56,-0.78%,20-Day SMA crossed below 50-Day SMA indicating bearish momentum.
"Apr 07, 2025",GBIME,SELL,181,218.8,39602.8,1070947.52,379785.41,1437554.16,-2570.2,-6.09%,20-Day SMA crossed below 50-Day SMA indicating bearish momentum.
"Apr 08, 2025",GBBL,SELL,120,389.46,46735.2,1117682.72,329889.41,1437754.06,-3160.8,-6.33%,20-Day SMA crossed below 50-Day SMA indicating bearish momentum.
"Apr 10, 2025",SANIMA,SELL,154,298.72,46002.88,1163685.6,280178.21,1437151.2,-3708.32,-7.46%,20-Day SMA crossed below 50-Day SMA indicating bearish momentum.
"Apr 15, 2025",CORBL,BUY,25,1997.4,49935.0,1113750.6,330113.21,1436949.1,0.0,0.00%,Strong upward trend confirmed (5-day return: 12.95%).
"Apr 15, 2025",HBL,SELL,201,233.01,46835.01,1160585.61,280265.21,1436949.1,-3012.99,-6.04%,20-Day SMA crossed below 50-Day SMA indicating bearish momentum.
"Apr 17, 2025",KBL,SELL,161,211.03,33975.83,1194561.44,246229.81,1447906.27,-59.57,-0.18%,20-Day SMA crossed below 50-Day SMA indicating bearish momentum.
"Apr 17, 2025",PCBL,SELL,175,262.24,45892.0,1240453.44,199504.81,1447906.27,-833.0,-1.78%,20-Day SMA crossed below 50-Day SMA indicating bearish momentum.
"Apr 20, 2025",NMB,SELL,197,253.39,49917.83,1290371.27,149585.01,1449359.9,-1.97,-0.00%,20-Day SMA crossed below 50-Day SMA indicating bearish momentum.
"Apr 21, 2025",AHPC,BUY,181,275.14,49800.34,1240570.93,199385.35,1454315.96,0.0,0.00%,Strong upward trend confirmed (5-day return: 10.17%).
"Apr 27, 2025",BPCL,BUY,112,445.66,49913.92,1190657.01,249299.27,1438142.24,0.0,0.00%,20-Day SMA crossed above 50-Day SMA indicating bullish momentum.
"May 05, 2025",NHPC,BUY,224,222.59,49860.16,1140796.85,299159.43,1435583.67,0.0,0.00%,20-Day SMA crossed above 50-Day SMA indicating bullish momentum.
"May 06, 2025",EBL,BUY,81,614.4,49766.4,1091030.45,348925.83,1442011.21,0.0,0.00%,20-Day SMA crossed above 50-Day SMA indicating bullish momentum.
"May 08, 2025",ICFC,BUY,76,653.1,49635.6,1041394.85,398561.43,1457166.3,0.0,0.00%,Strong upward trend confirmed (5-day return: 12.29%).
"May 13, 2025",SANIMA,BUY,162,307.34,49789.08,991605.77,448350.51,1445174.25,0.0,0.00%,20-Day SMA crossed above 50-Day SMA indicating bullish momentum.
"May 18, 2025",CFCL,SELL,81,520.23,42138.63,1033744.4,398680.5,1422830.4,-7531.38,-15.16%,Stop-loss activated after 15% downside protection threshold.
"May 22, 2025",KBL,BUY,230,217.04,49919.2,983825.2,448599.7,1438586.93,0.0,0.00%,Strong upward trend confirmed (5-day return: 10.76%).
"May 25, 2025",GBIME,BUY,211,236.63,49928.93,933896.27,498528.63,1437448.46,0.0,0.00%,Strong upward trend confirmed (5-day return: 10.09%).
"May 26, 2025",CHCL,BUY,102,487.26,49700.52,884195.75,548229.15,1440691.77,0.0,0.00%,20-Day SMA crossed above 50-Day SMA indicating bullish momentum.
"Jun 02, 2025",ALICL,BUY,95,521.09,49503.55,834692.2,597732.7,1470177.63,0.0,0.00%,Price dropped 12% below SMA; dip buying opportunity detected.
"Jun 02, 2025",GBBL,BUY,125,397.24,49655.0,785037.2,647387.7,1470177.63,0.0,0.00%,20-Day SMA crossed above 50-Day SMA indicating bullish momentum.
"Jun 02, 2025",NABIL,BUY,99,500.78,49577.22,735459.98,696964.92,1470177.63,0.0,0.00%,20-Day SMA crossed above 50-Day SMA indicating bullish momentum.
"Jun 03, 2025",ADBL,BUY,171,291.42,49832.82,685627.16,746797.74,1459370.59,0.0,0.00%,20-Day SMA crossed above 50-Day SMA indicating bullish momentum.
"Jun 05, 2025",CZBIL,BUY,238,209.78,49927.64,635699.52,796725.38,1457377.11,0.0,0.00%,20-Day SMA crossed above 50-Day SMA indicating bullish momentum.
"Jun 05, 2025",NABBC,BUY,28,1728.53,48398.84,587300.68,845124.22,1457377.11,0.0,0.00%,Strong upward trend confirmed (5-day return: 12.02%).
"Jun 09, 2025",BPCL,SELL,112,701.49,78566.88,665867.56,795210.3,1469182.57,28652.96,57.40%,Take Profit Triggered: +57.40% gain achieved.
"Jun 15, 2025",BPCL,BUY,62,794.34,49249.08,616618.48,844459.38,1470374.52,0.0,0.00%,Strong upward trend confirmed (5-day return: 24.37%).
"Jun 15, 2025",NHPC,SELL,224,219.96,49271.04,665889.52,794599.22,1470374.52,-589.12,-1.18%,20-Day SMA crossed below 50-Day SMA indicating bearish momentum.
"Jun 16, 2025",MBL,BUY,229,218.26,49981.54,615907.98,844580.76,1474210.66,0.0,0.00%,20-Day SMA crossed above 50-Day SMA indicating bullish momentum.
"Jun 18, 2025",NMB,BUY,209,238.41,49827.69,566080.29,894408.45,1470590.55,0.0,0.00%,20-Day SMA crossed above 50-Day SMA indicating bullish momentum.
"Jun 19, 2025",GBBL,SELL,125,389.91,48738.75,614819.04,844753.45,1461722.26,-916.25,-1.85%,20-Day SMA crossed below 50-Day SMA indicating bearish momentum.
"Jun 23, 2025",NMB,SELL,209,235.25,49167.25,663986.29,794925.76,1450931.32,-660.44,-1.33%,20-Day SMA crossed below 50-Day SMA indicating bearish momentum.
"Jun 25, 2025",MBL,SELL,229,217.2,49738.8,713725.09,744944.22,1451127.8,-242.74,-0.49%,20-Day SMA crossed below 50-Day SMA indicating bearish momentum.
"Jun 29, 2025",ADBL,SELL,171,286.67,49020.57,762745.66,695111.4,1461992.04,-812.25,-1.63%,20-Day SMA crossed below 50-Day SMA indicating bearish momentum.
"Jul 03, 2025",ADBL,BUY,166,300.74,49922.84,712822.82,745034.24,1481105.74,0.0,0.00%,20-Day SMA crossed above 50-Day SMA indicating bullish momentum.
"Jul 06, 2025",GFCL,BUY,74,667.77,49414.98,663407.84,794449.22,1478703.2,0.0,0.00%,Strong upward trend confirmed (5-day return: 11.34%).
"Jul 06, 2025",NMB,BUY,197,253.27,49894.19,613513.65,844343.41,1478703.2,0.0,0.00%,20-Day SMA crossed above 50-Day SMA indicating bullish momentum.
"Jul 07, 2025",GMFIL,BUY,103,484.62,49915.86,563597.79,894259.27,1471668.39,0.0,0.00%,20-Day SMA crossed above 50-Day SMA indicating bullish momentum.
"Jul 07, 2025",MBL,BUY,221,225.79,49899.59,513698.2,944158.86,1471668.39,0.0,0.00%,20-Day SMA crossed above 50-Day SMA indicating bullish momentum.
"Jul 08, 2025",PCBL,BUY,194,257.22,49900.68,463797.52,994059.54,1477760.24,0.0,0.00%,20-Day SMA crossed above 50-Day SMA indicating bullish momentum.
"Jul 08, 2025",SBI,BUY,113,407.66,46065.58,417731.94,1040125.12,1477760.24,0.0,0.00%,20-Day SMA crossed above 50-Day SMA indicating bullish momentum.
"Jul 09, 2025",AHPC,SELL,181,287.12,51968.72,469700.66,990324.78,1486466.58,2168.38,4.35%,20-Day SMA crossed below 50-Day SMA indicating bearish momentum.
"Jul 13, 2025",GBBL,BUY,112,418.51,46873.12,422827.54,1037197.9,1517747.3,0.0,0.00%,20-Day SMA crossed above 50-Day SMA indicating bullish momentum.
"Jul 16, 2025",EDBL,BUY,65,649.42,42212.3,380615.24,1079410.2,1541660.7,0.0,0.00%,Strong upward trend confirmed (5-day return: 10.41%).
"Jul 16, 2025",HBL,BUY,160,237.3,37968.0,342647.24,1117378.2,1541660.7,0.0,0.00%,20-Day SMA crossed above 50-Day SMA indicating bullish momentum.
"Jul 16, 2025",PROFL,BUY,65,521.87,33921.55,308725.69,1151299.75,1541660.7,0.0,0.00%,20-Day SMA crossed above 50-Day SMA indicating bullish momentum.
"Jul 17, 2025",CIT,BUY,15,2000.87,30013.05,278712.64,1181312.8,1564054.69,0.0,0.00%,20-Day SMA crossed above 50-Day SMA indicating bullish momentum.
"Jul 17, 2025",JBBL,BUY,77,359.93,27714.61,250998.03,1209027.41,1564054.69,0.0,0.00%,20-Day SMA crossed above 50-Day SMA indicating bullish momentum.
"Jul 21, 2025",CFCL,BUY,45,554.49,24952.05,226045.98,1233979.46,1549098.79,0.0,0.00%,20-Day SMA crossed above 50-Day SMA indicating bullish momentum.
"Jul 22, 2025",LICN,BUY,23,978.97,22516.31,203529.67,1256495.77,1577201.67,0.0,0.00%,Strong upward trend confirmed (5-day return: 10.93%).
"Jul 24, 2025",AHPC,BUY,62,323.5,20057.0,183472.67,1276552.77,1580620.77,0.0,0.00%,20-Day SMA crossed above 50-Day SMA indicating bullish momentum.
"Jul 27, 2025",CORBL,SELL,25,2007.81,50195.25,233667.92,1226617.77,1559382.26,260.25,0.52%,20-Day SMA crossed below 50-Day SMA indicating bearish momentum.
"Jul 28, 2025",NHPC,BUY,103,225.04,23179.12,210488.8,1249796.89,1570557.45,0.0,0.00%,20-Day SMA crossed above 50-Day SMA indicating bullish momentum.
"Aug 13, 2025",NABBC,SELL,28,1586.99,44435.72,254924.52,1201398.05,1475916.52,-3963.12,-8.19%,20-Day SMA crossed below 50-Day SMA indicating bearish momentum.
"Aug 14, 2025",CHCL,SELL,102,523.31,53377.62,308302.14,1151697.53,1470741.86,3677.1,7.40%,20-Day SMA crossed below 50-Day SMA indicating bearish momentum.
"Aug 21, 2025",ALICL,SELL,95,488.57,46414.15,354716.29,1102193.98,1461931.01,-3089.4,-6.24%,20-Day SMA crossed below 50-Day SMA indicating bearish momentum.
"Aug 21, 2025",LICN,SELL,23,863.46,19859.58,374575.87,1079677.67,1461931.01,-2656.73,-11.80%,20-Day SMA crossed below 50-Day SMA indicating bearish momentum.
"Aug 21, 2025",NHPC,SELL,103,209.02,21529.06,396104.93,1056498.55,1461931.01,-1650.06,-7.12%,20-Day SMA crossed below 50-Day SMA indicating bearish momentum.
"Aug 24, 2025",HBL,SELL,160,210.03,33604.8,429709.73,1018530.55,1454299.03,-4363.2,-11.49%,20-Day SMA crossed below 50-Day SMA indicating bearish momentum.
"Aug 24, 2025",NABBC,BUY,32,1336.65,42772.8,386936.93,1061303.35,1454299.03,0.0,0.00%,Price dropped 12% below SMA; dip buying opportunity detected.
"Aug 24, 2025",SBI,SELL,113,382.98,43276.74,430213.67,1015237.77,1454299.03,-2788.84,-6.05%,20-Day SMA crossed below 50-Day SMA indicating bearish momentum.
"Aug 25, 2025",KBL,SELL,230,201.39,46319.7,476533.37,965318.57,1441954.33,-3599.5,-7.21%,20-Day SMA crossed below 50-Day SMA indicating bearish momentum.
"Aug 26, 2025",BPCL,SELL,62,835.7,51813.4,528346.77,916069.49,1446043.75,2564.32,5.21%,20-Day SMA crossed below 50-Day SMA indicating bearish momentum.
"Aug 26, 2025",CFCL,SELL,45,505.31,22738.95,551085.72,891117.44,1446043.75,-2213.1,-8.87%,20-Day SMA crossed below 50-Day SMA indicating bearish momentum.
"Aug 26, 2025",GMFIL,SELL,103,480.42,49483.26,600568.98,841201.58,1446043.75,-432.6,-0.87%,20-Day SMA crossed below 50-Day SMA indicating bearish momentum.
"Aug 26, 2025",JFL,SELL,98,464.64,45534.72,646103.7,791221.58,1446043.75,-4445.28,-8.89%,20-Day SMA crossed below 50-Day SMA indicating bearish momentum.
"Aug 26, 2025",PCBL,SELL,194,256.23,49708.62,695812.32,741320.9,1446043.75,-192.06,-0.38%,20-Day SMA crossed below 50-Day SMA indicating bearish momentum.
"Aug 27, 2025",CZBIL,SELL,238,211.08,50237.04,746049.36,691393.26,1458657.64,309.4,0.62%,20-Day SMA crossed below 50-Day SMA indicating bearish momentum.
"Aug 27, 2025",GFCL,SELL,74,639.3,47308.2,793357.56,641978.28,1458657.64,-2106.78,-4.26%,20-Day SMA crossed below 50-Day SMA indicating bearish momentum.
"Aug 27, 2025",PROFL,SELL,65,500.72,32546.8,825904.36,608056.73,1458657.64,-1374.75,-4.05%,20-Day SMA crossed below 50-Day SMA indicating bearish momentum.
"Aug 28, 2025",CIT,SELL,15,1925.61,28884.15,854788.51,578043.68,1450444.11,-1128.9,-3.76%,20-Day SMA crossed below 50-Day SMA indicating bearish momentum.
"Aug 28, 2025",NABBC,SELL,32,800.77,25624.64,880413.15,535270.88,1450444.11,-17148.16,-40.09%,Stop-loss activated after 15% downside protection threshold.
"Aug 28, 2025",NMB,SELL,197,250.61,49370.17,929783.32,485376.69,1450444.11,-524.02,-1.05%,20-Day SMA crossed below 50-Day SMA indicating bearish momentum.
"Aug 31, 2025",JBBL,SELL,77,331.43,25520.11,955303.43,457662.08,1445336.92,-2194.5,-7.92%,20-Day SMA crossed below 50-Day SMA indicating bearish momentum.
"Sep 01, 2025",AHPC,SELL,62,288.67,17897.54,973200.97,437605.08,1450272.86,-2159.46,-10.77%,20-Day SMA crossed below 50-Day SMA indicating bearish momentum.
"Sep 01, 2025",NABBC,BUY,66,752.61,49672.26,923528.71,487277.34,1450272.86,0.0,0.00%,Price dropped 12% below SMA; dip buying opportunity detected.
"Sep 03, 2025",GBIME,SELL,211,249.89,52726.79,976255.5,437348.41,1444908.81,2797.86,5.60%,20-Day SMA crossed below 50-Day SMA indicating bearish momentum.
"Sep 04, 2025",EDBL,SELL,65,621.27,40382.55,1016638.05,395136.11,1443060.13,-1829.75,-4.33%,20-Day SMA crossed below 50-Day SMA indicating bearish momentum.
"Sep 04, 2025",GBBL,SELL,112,429.4,48092.8,1064730.85,348262.99,1443060.13,1219.68,2.60%,20-Day SMA crossed below 50-Day SMA indicating bearish momentum.
"Sep 04, 2025",NABIL,SELL,99,517.58,51240.42,1115971.27,298685.77,1443060.13,1663.2,3.35%,20-Day SMA crossed below 50-Day SMA indicating bearish momentum.
"Sep 18, 2025",GFCL,BUY,90,550.0,49500.0,1066471.27,348185.77,1418865.57,0.0,0.00%,Price dropped 12% below SMA; dip buying opportunity detected.
"Sep 18, 2025",JFL,BUY,124,402.7,49934.8,1016536.47,398120.57,1418865.57,0.0,0.00%,Price dropped 12% below SMA; dip buying opportunity detected.
"Sep 18, 2025",MBL,SELL,221,225.0,49725.0,1066261.47,348220.98,1418865.57,-174.59,-0.35%,20-Day SMA crossed below 50-Day SMA indicating bearish momentum.
"Sep 18, 2025",NHPC,BUY,279,178.6,49829.4,1016432.07,398050.38,1418865.57,0.0,0.00%,Price dropped 12% below SMA; dip buying opportunity detected.
"Sep 23, 2025",CORBL,BUY,23,2114.0,48622.0,967810.07,446672.38,1458212.77,0.0,0.00%,Strong upward trend confirmed (5-day return: 14.95%).
"Sep 23, 2025",SANIMA,SELL,162,343.0,55566.0,1023376.07,396883.3,1458212.77,5776.92,11.60%,20-Day SMA crossed below 50-Day SMA indicating bearish momentum.
"Sep 24, 2025",ADBL,SELL,166,316.0,52456.0,1075832.07,346960.46,1452683.97,2533.16,5.07%,20-Day SMA crossed below 50-Day SMA indicating bearish momentum.
"Sep 24, 2025",ICFC,SELL,76,658.5,50046.0,1125878.07,297324.86,1452683.97,410.4,0.83%,20-Day SMA crossed below 50-Day SMA indicating bearish momentum.
"Sep 28, 2025",AHPC,BUY,169,295.6,49956.4,1075921.67,347281.26,1448699.07,0.0,0.00%,Strong upward trend confirmed (5-day return: 10.30%).
"Oct 12, 2025",BPCL,BUY,78,635.0,49530.0,1026391.67,396811.26,1428663.27,0.0,0.00%,Price dropped 12% below SMA; dip buying opportunity detected.
"Oct 12, 2025",EBL,SELL,81,652.0,52812.0,1079203.67,347044.86,1428663.27,3045.6,6.12%,20-Day SMA crossed below 50-Day SMA indicating bearish momentum.
"Oct 14, 2025",CORBL,SELL,23,1794.0,41262.0,1120465.67,298422.86,1427820.87,-7360.0,-15.14%,Stop-loss activated after 15% downside protection threshold.
"Nov 02, 2025",ALICL,BUY,100,499.0,49900.0,1070565.67,348322.86,1450158.77,0.0,0.00%,Strong upward trend confirmed (5-day return: 11.63%).
"Nov 02, 2025",GMFIL,BUY,103,481.5,49594.5,1020971.17,397917.36,1450158.77,0.0,0.00%,Strong upward trend confirmed (5-day return: 13.59%).
"Nov 02, 2025",PROFL,BUY,101,494.0,49894.0,971077.17,447811.36,1450158.77,0.0,0.00%,Strong upward trend confirmed (5-day return: 13.56%).
"Nov 03, 2025",EDBL,BUY,74,667.0,49358.0,921719.17,497169.36,1447633.37,0.0,0.00%,Strong upward trend confirmed (5-day return: 18.70%).
"Nov 12, 2025",SBI,BUY,127,391.0,49657.0,872062.17,546826.36,1416573.17,0.0,0.00%,20-Day SMA crossed above 50-Day SMA indicating bullish momentum.
"Nov 19, 2025",LICN,BUY,59,846.0,49914.0,822148.17,596740.36,1420138.57,0.0,0.00%,20-Day SMA crossed above 50-Day SMA indicating bullish momentum.
"Nov 27, 2025",PCBL,BUY,194,257.0,49858.0,772290.17,646598.36,1444259.37,0.0,0.00%,20-Day SMA crossed above 50-Day SMA indicating bullish momentum.
"Nov 30, 2025",PROFL,SELL,101,460.0,46460.0,818750.17,596704.36,1438952.77,-3434.0,-6.88%,20-Day SMA crossed below 50-Day SMA indicating bearish momentum.
"Dec 01, 2025",ALICL,SELL,100,479.5,47950.0,866700.17,546804.36,1443020.17,-1950.0,-3.91%,20-Day SMA crossed below 50-Day SMA indicating bearish momentum.
"Dec 08, 2025",NMB,BUY,201,248.1,49868.1,816832.07,596672.46,1438812.57,0.0,0.00%,20-Day SMA crossed above 50-Day SMA indicating bullish momentum.
"Dec 10, 2025",CHCL,BUY,101,492.2,49712.2,767119.87,646384.66,1435360.77,0.0,0.00%,20-Day SMA crossed above 50-Day SMA indicating bullish momentum.
"Dec 11, 2025",ALICL,BUY,107,464.5,49701.5,717418.37,696086.16,1434924.57,0.0,0.00%,20-Day SMA crossed above 50-Day SMA indicating bullish momentum.
"Dec 11, 2025",JBBL,BUY,158,316.0,49928.0,667490.37,746014.16,1434924.57,0.0,0.00%,20-Day SMA crossed above 50-Day SMA indicating bullish momentum.
"Dec 15, 2025",MBL,BUY,229,218.0,49922.0,617568.37,795936.16,1438850.47,0.0,0.00%,20-Day SMA crossed above 50-Day SMA indicating bullish momentum.
"Dec 17, 2025",CIT,BUY,27,1850.0,49950.0,567618.37,845886.16,1460242.17,0.0,0.00%,20-Day SMA crossed above 50-Day SMA indicating bullish momentum.
"Dec 17, 2025",ICFC,BUY,78,633.0,49374.0,518244.37,895260.16,1460242.17,0.0,0.00%,20-Day SMA crossed above 50-Day SMA indicating bullish momentum.
"Dec 17, 2025",NABBC,SELL,66,1218.0,80388.0,598632.37,845587.9,1460242.17,30715.74,61.84%,Take Profit Triggered: +61.84% gain achieved.
"Dec 21, 2025",CFCL,BUY,106,470.0,49820.0,548812.37,895407.9,1442679.57,0.0,0.00%,20-Day SMA crossed above 50-Day SMA indicating bullish momentum.
"Dec 21, 2025",EBL,BUY,76,652.0,49552.0,499260.37,944959.9,1442679.57,0.0,0.00%,20-Day SMA crossed above 50-Day SMA indicating bullish momentum.
"Dec 21, 2025",NABBC,BUY,43,1150.1,49454.3,449806.07,994414.2,1442679.57,0.0,0.00%,Strong upward trend confirmed (5-day return: 11.12%).
"Dec 22, 2025",EDBL,SELL,74,560.0,41440.0,491246.07,945056.2,1437938.97,-7918.0,-16.04%,Stop-loss activated after 15% downside protection threshold.
"Dec 22, 2025",SANIMA,BUY,158,309.0,48822.0,442424.07,993878.2,1437938.97,0.0,0.00%,20-Day SMA crossed above 50-Day SMA indicating bullish momentum.
"Dec 29, 2025",ALICL,SELL,107,464.5,49701.5,492125.57,944176.7,1452649.17,0.0,0.00%,20-Day SMA crossed below 50-Day SMA indicating bearish momentum.
"Dec 31, 2025",CIT,SELL,27,1844.0,49788.0,541913.57,894226.7,1460581.37,-162.0,-0.32%,20-Day SMA crossed below 50-Day SMA indicating bearish momentum.
"Dec 31, 2025",ICFC,SELL,78,635.0,49530.0,591443.57,844852.7,1460581.37,156.0,0.32%,20-Day SMA crossed below 50-Day SMA indicating bearish momentum.
GRAND TOTAL,ALL,SUMMARY,177910,,65118208.03,,,,1136296.27,1.78%,"Total Realized P/L: NPR 1,136,296.27"
