published_date,open,high,low,close,per_change,traded_quantity,traded_amount,status
2010-09-16,117,122,116,120,nan,5280,0,0
2010-09-19,120,120,116,118,-1.67,2648,0,0
2010-09-20,118,119,116,118,0,2346,0,0
2010-09-21,118,118,115,116,-1.69,7160,0,0
2010-09-23,116,120,117,120,3.45,8417,0,0
2010-09-26,120,122,117,121,0.83,9541,0,0
2010-09-27,121,122,116,119,-1.65,10433,0,0
2010-09-28,119,120,119,119,0,2682,0,0
2010-09-29,119,120,117,119,0,2561,0,0
2010-09-30,119,120,117,119,0,1912,0,0
2010-10-03,119,121,117,119,0,8420,0,0
2010-10-04,119,123,119,123,3.36,13295,0,0
2010-10-05,123,130,121,130,5.69,7513,0,0
2010-10-06,130,130,124,126,-3.08,6423,0,0
2010-10-07,126,134,126,132,4.76,9889,0,0
2010-10-10,132,136,132,135,2.27,2830,0,0
2010-10-11,135,135,129,130,-3.7,4120,0,0
2010-10-12,130,133,129,133,2.31,881,0,0
2010-10-13,133,135,133,134,0.75,890,0,0
2010-10-21,134,134,131,134,0,590,0,0
2010-10-24,134,135,130,134,0,2628,0,0
2010-10-25,134,137,132,136,1.49,3285,0,0
2010-10-26,136,138,134,135,-0.74,3381,0,0
2010-10-27,135,135,132,135,0,9094,0,0
2010-10-28,135,148,135,145,7.41,21662,0,0
2010-10-31,145,149,138,145,0,8172,0,0
2010-11-01,145,147,141,146,0.69,16240,0,0
2010-11-02,146,147,142,145,-0.68,6760,0,0
2010-11-03,145,151,146,149,2.76,9278,0,0
2010-11-04,149,154,147,153,2.68,5401,0,0
2010-11-09,153,159,148,159,3.92,5893,0,0
2010-11-10,159,167,151,161,1.26,7474,0,0
2010-11-11,161,169,160,166,3.11,6535,0,0
2010-11-14,166,172,162,163,-1.81,3445,0,0
2010-11-15,163,162,158,160,-1.84,3983,0,0
2010-11-16,160,164,159,162,1.25,2641,0,0
2010-11-18,162,165,160,161,-0.62,3731,0,0
2010-11-21,161,164,160,162,0.62,14538,0,0
2010-11-22,162,165,158,162,0,7358,0,0
2010-11-23,162,166,160,163,0.62,10742,0,0
2010-11-24,163,166,161,165,1.23,4943,0,0
2010-11-25,165,171,160,171,3.64,11689,0,0
2010-11-28,171,168,160,160,-6.43,4635,0,0
2010-11-29,160,163,155,156,-2.5,2778,0,0
2010-11-30,156,160,153,155,-0.64,5139,0,0
2010-12-01,155,157,148,152,-1.94,4971,0,0
2010-12-02,152,157,144,144,-5.26,2779,0,0
2010-12-05,144,144,138,138,-4.17,9343,0,0
2010-12-06,138,145,138,145,5.07,1098,0,0
2010-12-07,145,143,131,138,-4.83,4186,0,0
2010-12-08,138,136,133,135,-2.17,3925,0,0
2010-12-09,135,139,133,137,1.48,5690,0,0
2010-12-12,137,138,132,137,0,11296,0,0
2010-12-13,137,137,134,137,0,7755,0,0
2010-12-14,137,139,137,137,0,6063,0,0
2010-12-15,137,137,133,134,-2.19,3341,0,0
2010-12-16,134,136,132,136,1.49,3645,0,0
2010-12-19,136,136,131,136,0,6516,0,0
2010-12-20,136,138,134,134,-1.47,8991,0,0
2010-12-22,134,136,133,134,0,731,0,0
2010-12-23,134,137,134,135,0.75,3227,0,0
2010-12-26,135,140,135,140,3.7,2626,0,0
2010-12-27,140,142,138,140,0,978,0,0
2010-12-28,140,142,139,142,1.43,3520,0,0
2010-12-29,142,144,142,143,0.7,1534,0,0
2011-01-02,143,145,134,136,-4.9,10768,0,0
2011-01-03,136,140,135,137,0.74,4292,0,0
2011-01-03,137,131,124,131,-4.38,4755,0,0
2011-01-04,131,139,133,139,6.11,5048,0,0
2011-01-05,139,140,132,132,-5.04,5588,0,0
2011-01-06,132,140,132,140,6.06,590,0,0
2011-01-09,140,140,136,139,-0.71,1532,0,0
2011-01-10,139,142,137,141,1.44,7614,0,0
2011-01-11,141,142,136,142,0.71,3488,0,0
2011-01-12,142,141,139,141,-0.7,3193,0,0
2011-01-13,141,140,138,138,-2.13,3867,0,0
2011-01-16,138,140,134,136,-1.45,4369,0,0
2011-01-17,136,136,132,135,-0.74,7990,0,0
2011-01-18,135,137,132,135,0,11563,0,0
2011-01-19,135,137,133,135,0,4558,0,0
2011-01-20,135,135,133,135,0,3307,0,0
2011-01-23,135,137,134,137,1.48,1635,0,0
2011-01-24,137,143,137,143,4.38,3781,0,0
2011-01-31,143,143,143,143,0,148,0,0
2011-02-01,143,143,138,141,-1.4,9665,0,0
2011-02-02,141,143,135,137,-2.84,2411,0,0
2011-02-03,137,140,137,140,2.19,4730,0,0
2011-02-06,140,147,138,139,-0.71,3810,0,0
2011-02-07,139,142,139,141,1.44,5215,0,0
2011-02-08,141,144,141,143,1.42,3470,0,0
2011-02-09,143,145,140,145,1.4,2377,0,0
2011-02-10,145,146,142,142,-2.07,1568,0,0
2011-02-13,142,142,137,138,-2.82,2561,0,0
2011-02-14,138,141,135,138,0,5028,0,0
2011-02-15,138,139,138,138,0,1835,0,0
2011-02-16,138,141,136,139,0.72,2565,0,0
2011-02-17,139,140,136,139,0,1957,0,0
2011-02-20,139,139,138,139,0,3920,0,0
2011-02-21,139,139,135,135,-2.88,2290,0,0
2011-02-22,135,137,133,133,-1.48,1587,0,0
2011-02-23,133,136,132,135,1.5,2680,0,0
2011-02-24,135,136,134,136,0.74,611,0,0
2011-02-27,136,136,134,135,-0.74,2220,0,0
2011-02-28,135,134,128,132,-2.22,1492,0,0
2011-03-03,132,136,133,136,3.03,376,0,0
2011-03-07,136,137,130,137,0.74,4630,0,0
2011-03-09,137,137,135,135,-1.46,1910,0,0
2011-03-10,135,139,134,134,-0.74,2252,0,0
2011-03-13,134,137,135,136,1.49,2767,0,0
2011-03-14,136,137,133,135,-0.74,3970,0,0
2011-03-15,135,135,128,130,-3.7,5050,0,0
2011-03-16,130,132,128,130,0,3052,0,0
2011-03-17,130,133,126,132,1.54,4051,0,0
2011-03-20,132,134,131,133,0.76,1507,198979,0
2011-03-24,135,136,129,133,0,3116,415035,0
2011-03-25,133,135,132,135,1.5,2560,342820,0
2011-03-27,135,135,134,134,-0.74,2110,284040,0
2011-03-28,134,134,130,130,-2.99,1288,169336,0
2011-03-29,130,129,127,127,-2.31,1390,178760,0
2011-03-30,127,129,125,129,1.57,1261,161332,0
2011-03-31,129,134,127,132,2.33,1475,191490,0
2011-04-04,132,132,126,131,-0.76,2927,378740,0
2011-04-05,131,130,126,128,-2.29,1828,236055,0
2011-04-06,128,131,125,131,2.34,5221,672814,0
2011-04-07,131,130,126,128,-2.29,825,105890,0
2011-04-10,128,128,126,128,0,1531,194797,0
2011-04-11,128,129,126,128,0,3030,388690,0
2011-04-13,128,127,127,127,-0.78,60,7620,0
2011-04-17,127,127,125,125,-1.57,1650,207460,0
2011-04-18,125,126,121,122,-2.4,2651,329486,0
2011-04-19,122,128,120,126,3.28,866,107182,0
2011-04-20,126,128,125,126,0,3022,381832,0
2011-04-21,126,128,123,124,-1.59,2040,255070,0
2011-04-25,124,124,122,122,-1.61,3265,403300,0
2011-04-26,122,122,122,122,0,70,8540,0
2011-04-27,122,125,119,121,-0.82,3367,406887,0
2011-04-28,121,125,122,124,2.48,2299,283012,0
2011-05-02,124,123,119,123,-0.81,2030,245810,0
2011-05-03,123,127,123,127,3.25,1120,140240,0
2011-05-04,127,127,124,126,-0.79,2484,312736,0
2011-05-05,126,126,124,125,-0.79,931,116584,0
2011-05-08,125,131,121,124,-0.8,4485,563061,0
2011-05-09,124,124,122,124,0,840,102720,0
2011-05-10,124,126,124,125,0.81,1013,126395,0
2011-05-11,125,129,126,129,3.2,400,50780,0
2011-05-12,129,131,127,130,0.78,741,95643,0
2011-05-15,130,132,130,131,0.77,3412,448352,0
2011-05-16,131,138,130,138,5.34,3382,445266,0
2011-05-18,138,136,128,133,-3.62,1703,223392,0
2011-05-19,133,135,127,131,-1.5,2307,304895,0
2011-05-22,131,131,128,131,0,1918,248828,0
2011-05-23,131,133,128,130,-0.76,4281,560579,0
2011-05-24,130,132,128,132,1.54,2801,362950,0
2011-05-25,132,130,128,128,-3.03,690,89350,0
2011-05-26,128,129,128,129,0.78,590,76010,0
2011-05-30,129,132,128,130,0.78,1283,167103,0
2011-05-31,130,132,126,132,1.54,1623,209534,0
2011-06-01,132,131,128,128,-3.03,1013,130927,0
2011-06-02,128,130,128,129,0.78,3753,483975,0
2011-06-05,129,129,126,126,-2.33,930,118940,0
2011-06-06,126,127,122,122,-3.17,816,101444,0
2011-06-07,122,122,118,118,-3.28,2242,268962,0
2011-06-08,118,118,116,118,0,270,31540,0
2011-06-09,118,120,114,120,1.69,1656,190891,0
2011-06-12,120,122,118,120,0,1031,123239,0
2011-06-13,120,121,117,117,-2.5,1601,189667,0
2011-06-14,117,117,115,117,0,640,74480,0
2011-06-15,117,121,115,121,3.42,1069,125961,0
2011-06-16,121,124,121,124,2.48,541,66591,0
2011-06-19,124,130,126,130,4.84,523,66758,0
2011-06-20,124,130,126,130,0,523,66758,0
2011-06-21,134,139,136,136,4.62,632,86886,0
2011-06-23,136,147,138,147,8.09,661,94663,0
2011-06-26,147,151,147,147,0,670,100360,0
2011-06-29,147,140,140,140,-4.76,220,30800,0
2011-07-04,140,138,126,126,-10,2659,348714,0
2011-07-05,126,126,120,126,0,1253,153713,0
2011-07-06,126,127,124,125,-0.79,1475,184107,0
2011-07-07,125,128,124,125,0,953,119940,0
2011-07-10,125,127,125,125,0,1940,244210,0
2011-07-11,125,127,122,127,1.6,2172,267740,0
2011-07-12,127,127,124,127,0,4396,549060,0
2011-07-13,127,133,129,131,3.15,1322,173152,0
2011-07-14,131,133,130,130,-0.76,911,118613,0
2011-07-18,130,132,132,132,1.54,60,7920,0
2011-07-19,132,134,128,132,0,1450,192560,0
2011-07-20,132,134,132,132,0,2761,364712,0
2011-07-21,132,132,129,132,0,1540,201150,0
2011-07-24,132,132,127,130,-1.52,3830,491580,0
2011-07-25,130,129,126,129,-0.77,1130,145160,0
2011-07-26,129,127,125,127,-1.55,400,50240,0
2011-07-27,127,132,125,132,3.94,1932,249358,0
2011-07-28,132,132,128,128,-3.03,1146,149697,0
2011-07-31,128,129,122,125,-2.34,2491,312693,0
2011-08-01,125,126,123,126,0.8,1030,128640,0
2011-08-02,126,126,125,125,-0.79,2112,264385,0
2011-08-03,125,126,123,123,-1.6,1425,177475,0
2011-08-04,123,126,124,126,2.44,110,13740,0
2011-08-07,126,126,123,125,-0.79,685,85519,0
2011-08-08,125,127,124,125,0,2076,259460,0
2011-08-09,125,126,123,123,-1.6,3006,371852,0
2011-08-10,123,125,123,125,1.63,1838,228763,0
2011-08-11,125,125,121,123,-1.6,1547,190621,0
2011-08-15,123,129,121,127,3.25,2387,300965,0
2011-08-16,127,127,125,126,-0.79,827,104729,0
2011-08-17,126,130,126,130,3.17,2452,313314,0
2011-08-18,130,128,127,128,-1.54,772,98506,0
2011-08-22,128,127,127,127,-0.78,1000,127000,0
2011-08-23,127,127,124,127,0,6027,757268,0
2011-08-24,127,127,125,126,-0.79,1351,169857,0
2011-08-25,126,126,122,126,0,1662,205859,0
2011-08-28,126,127,126,126,0,281,35507,0
2011-08-29,126,126,123,124,-1.59,435,54250,0
2011-08-30,124,124,122,122,-1.61,490,60280,0
2011-09-01,122,126,123,125,2.46,1452,180419,0
2011-09-04,125,125,120,125,0,1402,171368,0
2011-09-05,125,123,118,120,-4,2152,259129,0
2011-09-06,120,121,118,121,0.83,3800,457550,0
2011-09-07,121,122,119,120,-0.83,3400,411001,0
2011-09-08,120,121,119,121,0.83,1120,134020,0
2011-09-12,121,121,119,119,-1.65,1934,231304,0
2011-09-13,119,118,114,118,-0.84,1498,174718,0
2011-09-14,118,119,116,117,-0.85,1880,221098,0
2011-09-15,117,120,118,120,2.56,845,101020,0
2011-09-18,120,120,115,116,-3.33,992,116181,0
2011-09-19,116,118,116,117,0.86,403,47168,0
2011-09-20,117,120,118,118,0.85,571,68039,0
2011-09-21,118,117,117,117,-0.85,683,79911,0
2011-09-22,117,120,116,118,0.85,1230,145130,0
2011-09-25,118,120,116,120,1.69,2124,249661,0
2011-09-26,120,120,115,120,0,1155,136110,0
2011-09-27,120,119,118,118,-1.67,1650,195440,0
2011-09-29,118,119,117,118,0,1062,125124,0
2011-10-02,118,117,115,117,-0.85,320,37210,0
2011-10-10,117,120,116,120,2.56,781,92063,0
2011-10-12,120,118,115,118,-1.67,974,113308,0
2011-10-13,118,119,116,118,0,3345,391615,0
2011-10-16,118,119,116,117,-0.85,1400,164296,0
2011-10-17,117,117,115,117,0,1261,147132,0
2011-10-18,117,117,115,116,-0.85,991,115077,0
2011-10-19,116,117,117,117,0.86,820,95940,0
2011-10-20,117,118,114,116,-0.85,956,111213,0
2011-10-23,116,117,115,115,-0.86,1908,221180,0
2011-10-24,115,118,115,116,0.87,1190,138420,0
2011-10-25,116,119,114,119,2.59,1244,146192,0
2011-10-30,119,121,120,120,0.84,9320,1127600,0
2011-10-31,120,119,116,119,-0.83,1262,148740,0
2011-11-02,119,129,121,129,8.4,110,13870,0
2011-11-03,129,135,131,133,3.1,5625,739865,0
2011-11-06,133,131,120,120,-9.77,3883,468994,0
2011-11-08,120,120,117,119,-0.83,2100,247629,0
2011-11-09,119,120,118,118,-0.84,1182,139809,0
2011-11-10,118,119,118,119,0.85,3122,368686,0
2011-11-13,119,120,118,120,0.84,1164,139094,0
2011-11-14,120,122,114,122,1.67,2691,314662,0
2011-11-15,122,121,118,119,-2.46,1157,138490,0
2011-11-16,119,120,118,120,0.84,1400,166860,0
2011-11-17,120,120,118,118,-1.67,734,86866,0
2011-11-20,118,118,115,118,0,2545,297845,0
2011-11-21,118,118,117,118,0,1461,172188,0
2011-11-22,118,118,117,117,-0.85,1141,133767,0
2011-11-23,117,118,117,117,0,410,48010,0
2011-11-24,117,119,114,117,0,1499,175671,0
2011-11-27,117,119,116,119,1.71,2513,295234,0
2011-11-28,119,118,117,118,-0.84,61,7168,0
2011-11-29,160,163,155,156,32.2,2778,445990,0
2011-11-29,160,163,155,156,0,2778,445990,0
2011-11-29,160,163,155,156,0,2778,445990,0
2011-12-05,125,123,121,121,-22.44,20,2440,0
2011-12-06,121,119,119,119,-1.65,30,3570,0
2011-12-07,119,117,114,114,-4.2,5809,668048,0
2011-12-08,114,117,114,117,2.63,3872,445802,0
2011-12-11,117,115,113,115,-1.71,1249,142286,0
2011-12-12,115,115,114,115,0,1087,123949,0
2011-12-13,115,115,113,114,-0.87,2102,238809,0
2011-12-14,114,116,113,114,0,1225,139440,0
2011-12-15,114,115,113,114,0,2866,327977,0
2011-12-18,114,115,112,114,0,651,73614,0
2011-12-19,114,116,113,113,-0.88,1228,141948,0
2011-12-20,113,115,113,113,0,1011,114544,0
2011-12-21,113,116,113,116,2.65,1397,159698,0
2011-12-22,116,116,114,116,0,210,24120,0
2011-12-26,116,114,112,113,-2.59,1702,191866,0
2011-12-27,113,114,113,114,0.88,1405,159578,0
2011-12-28,114,113,113,113,-0.88,250,28250,0
2011-12-29,113,116,112,115,1.77,1699,193297,0
2012-01-01,115,115,113,114,-0.87,1111,125973,0
2012-01-02,114,118,115,118,3.51,551,64227,0
2012-01-03,118,116,114,115,-2.54,490,56130,0
2012-01-04,115,115,113,114,-0.87,3220,369040,0
2012-01-05,114,114,112,113,-0.88,775,87595,0
2012-01-08,113,115,113,114,0.88,3240,369120,0
2012-01-09,114,113,111,111,-2.63,1710,190718,0
2012-01-10,113,114,112,112,0.9,549,62007,0
2012-01-11,112,112,111,112,0,2477,277012,0
2012-01-12,112,112,110,112,0,3102,344864,0
2012-01-16,112,112,111,111,-0.89,1049,116985,0
2012-01-17,111,114,110,113,1.8,866,96445,0
2012-01-18,113,118,114,118,4.42,2190,253740,0
2012-01-19,118,117,115,117,-0.85,411,47745,0
2012-01-22,117,118,115,117,0,4484,522708,0
2012-01-23,117,115,111,112,-4.27,1650,187270,0
2012-01-25,112,114,111,114,1.79,1170,130710,0
2012-01-26,114,114,110,112,-1.75,1060,118750,0
2012-01-29,112,114,111,112,0,4200,473960,0
2012-01-31,112,114,110,110,-1.79,2291,254352,0
2012-02-01,110,113,110,111,0.91,1833,203887,0
2012-02-02,111,113,111,111,0,3946,442100,0
2012-02-05,111,111,109,110,-0.9,1611,176945,0
2012-02-06,110,111,110,111,0.91,992,109391,0
2012-02-07,111,110,107,110,-0.9,2091,227290,0
2012-02-08,110,110,109,110,0,386,42300,0
2012-02-09,110,110,109,109,-0.91,920,100990,0
2012-02-12,109,109,108,109,0,1309,142115,0
2012-02-13,109,111,107,108,-0.92,1992,216906,0
2012-02-14,108,110,107,109,0.93,1961,211790,0
2012-02-15,109,111,110,111,1.83,276,30410,0
2012-02-16,111,109,107,108,-2.7,550,59100,0
2012-02-21,108,109,108,109,0.93,631,68289,0
2012-02-23,109,109,107,109,0,1230,132700,0
2012-02-26,109,109,105,107,-1.83,2747,293109,0
2012-02-27,107,109,107,108,0.93,1285,139322,0
2012-02-28,108,110,107,109,0.93,2204,238530,0
2012-02-29,109,109,108,108,-0.92,1030,111630,0
2012-03-01,108,109,107,108,0,2300,249002,0
2012-03-04,108,109,104,109,0.93,1451,155189,0
2012-03-05,109,109,107,107,-1.83,460,49660,0
2012-03-06,107,107,105,105,-1.87,2124,225526,0
2012-03-11,105,106,105,106,0.95,754,79584,0
2012-03-12,106,107,102,106,0,1022,106572,0
2012-03-13,106,106,104,104,-1.89,1321,137985,0
2012-03-14,104,105,103,103,-0.96,793,82513,0
2012-03-15,103,103,101,103,0,842,85504,0
2012-03-18,103,103,101,103,0,1003,102758,0
2012-03-19,103,105,102,102,-0.97,311,32483,0
2012-03-20,102,103,101,101,-0.98,4107,416910,0
2012-03-21,101,106,101,104,2.97,1257,129261,0
2012-03-25,104,106,102,106,1.92,920,95370,0
2012-03-26,106,107,103,107,0.94,2082,221133,0
2012-03-27,107,105,102,103,-3.74,270,27830,0
2012-03-28,103,106,104,106,2.91,1615,169040,0
2012-03-29,106,108,105,105,-0.94,1395,148120,0
2012-04-01,105,106,105,106,0.95,1762,185480,0
2012-04-02,106,106,104,105,-0.94,1275,133865,0
2012-04-03,105,106,106,106,0.95,680,72080,0
2012-04-04,106,106,105,105,-0.94,3550,376180,0
2012-04-05,105,106,105,106,0.95,680,71490,0
2012-04-08,106,106,105,106,0,1051,111356,0
2012-04-09,106,107,105,106,0,921,97896,0
2012-04-10,106,106,104,106,0,1313,138808,0
2012-04-11,106,110,107,107,0.94,2180,233710,0
2012-04-12,107,114,108,114,6.54,683,75303,0
2012-04-15,114,124,116,123,7.89,2514,301404,0
2012-04-16,123,135,125,135,9.76,833,109229,0
2012-04-17,135,133,130,130,-3.7,1789,235440,0
2012-04-18,130,128,120,124,-4.62,3301,408208,0
2012-04-19,124,128,120,122,-1.61,4668,576322,0
2012-04-22,122,124,122,123,0.82,1560,192010,0
2012-04-24,123,129,125,129,4.88,100,12700,0
2012-04-25,129,135,135,135,4.65,70,9450,0
2012-04-26,135,148,137,148,9.63,8831,1274199,0
2012-04-29,148,159,141,150,1.35,8923,1328959,0
2012-04-30,150,153,135,140,-6.67,5694,813164,0
2012-05-02,140,140,128,128,-8.57,980,129220,0
2012-05-03,128,132,130,132,3.12,241,31510,0
2012-05-07,132,134,134,134,1.52,183,24522,0
2012-05-08,134,142,136,142,5.97,2332,321736,0
2012-05-09,142,148,133,142,0,7062,996321,0
2012-05-10,142,142,129,139,-2.11,11243,1556324,0
2012-05-13,139,137,130,132,-5.04,3133,415883,0
2012-05-14,132,130,121,125,-5.3,5092,635763,0
2012-05-15,125,137,127,137,9.6,696,92212,0
2012-05-16,137,139,139,139,1.46,150,20850,0
2012-05-17,139,147,141,141,1.44,6469,933133,0
2012-05-20,141,142,134,139,-1.42,6548,909268,0
2012-05-21,139,145,138,139,0,3222,451680,0
2012-05-22,139,143,133,143,2.88,8963,1252988,0
2012-05-23,143,141,133,133,-6.99,905,123926,0
2012-05-24,133,143,133,143,7.52,7754,1084486,0
2012-05-27,143,153,140,148,3.5,6836,998739,0
2012-05-29,148,146,134,134,-9.46,3959,531126,0
2012-05-30,134,132,121,121,-9.7,4480,557981,0
2012-05-31,121,128,119,128,5.79,1231,151903,0
2012-06-03,128,140,125,140,9.38,1647,216171,0
2012-06-04,140,141,130,133,-5,3705,505703,0
2012-06-05,133,135,131,133,0,2968,396926,0
2012-06-06,133,131,125,126,-5.26,1331,169046,0
2012-06-07,126,134,122,131,3.97,2120,272620,0
2012-06-10,131,140,133,138,5.34,8139,1121181,0
2012-06-11,138,142,136,140,1.45,4583,639992,0
2012-06-12,140,142,139,140,0,4983,700086,0
2012-06-13,140,146,138,141,0.71,8518,1212358,0
2012-06-14,141,139,133,136,-3.55,1912,261330,0
2012-06-17,136,136,128,134,-1.47,2426,319452,0
2012-06-18,134,133,130,133,-0.75,2589,339342,0
2012-06-19,133,133,131,132,-0.75,1549,205401,0
2012-06-20,132,136,132,134,1.52,1361,181782,0
2012-06-21,134,137,135,136,1.49,1170,159205,0
2012-06-25,136,140,133,140,2.94,1760,240479,0
2012-06-26,140,138,134,136,-2.86,2036,276849,0
2012-06-27,136,140,132,140,2.94,2422,335010,0
2012-06-28,140,142,139,140,0,2876,405460,0
2012-07-01,140,142,140,142,1.43,3643,511666,0
2012-07-02,142,145,140,141,-0.7,3256,461850,0
2012-07-03,141,141,140,141,0,880,123560,0
2012-07-04,141,146,140,146,3.55,3868,552017,0
2012-07-05,146,145,142,145,-0.68,3056,440599,0
2012-07-08,145,148,143,144,-0.69,2338,339189,0
2012-07-09,144,150,144,148,2.78,3893,580402,0
2012-07-10,148,153,148,150,1.35,3747,562915,0
2012-07-11,150,152,148,152,1.33,3631,547862,0
2012-07-12,152,156,149,151,-0.66,3977,603820,0
2012-07-15,151,156,151,156,3.31,1722,264957,0
2012-07-16,156,162,150,162,3.85,12898,2056829,0
2012-07-17,162,175,161,171,5.56,12061,2022192,0
2012-07-18,171,186,170,186,8.77,8985,1579465,0
2012-07-19,186,198,176,198,6.45,21519,3981231,0
2012-07-22,198,200,187,192,-3.03,19689,3862081,0
2012-07-23,192,198,189,190,-1.04,13375,2595472,0
2012-07-24,190,190,181,190,0,7364,1373111,0
2012-07-25,190,187,181,184,-3.16,10548,1941772,0
2012-07-26,184,181,175,177,-3.8,4910,865984,0
2012-07-29,177,174,161,166,-6.21,4932,816039,0
2012-07-30,166,172,163,171,3.01,7450,1264553,0
2012-07-31,171,182,168,176,2.92,4757,830988,0
2012-08-01,176,182,174,180,2.27,6479,1164471,0
2012-08-05,180,184,178,181,0.56,4178,756789,0
2012-08-06,181,183,180,181,0,5741,1041584,0
2012-08-07,181,184,174,176,-2.76,4255,766179,0
2012-08-08,176,179,170,179,1.7,6744,1193276,0
2012-08-12,179,179,167,171,-4.47,3111,526901,0
2012-08-13,171,168,160,168,-1.75,3464,565610,0
2012-08-14,168,168,165,166,-1.19,1990,331980,0
2012-08-15,166,166,161,163,-1.81,4533,745798,0
2012-08-16,163,176,166,170,4.29,5649,963562,0
2012-08-19,170,175,170,173,1.76,5601,963445,0
2012-08-21,173,175,164,166,-4.05,5218,872531,0
2012-08-22,166,167,161,165,-0.6,4219,694872,0
2012-08-23,165,167,162,165,0,3162,518253,0
2012-08-26,165,174,165,173,4.85,10162,1747933,0
2012-08-27,173,177,174,175,1.16,3340,585390,0
2012-08-28,175,180,173,177,1.14,7405,1315960,0
2012-08-29,177,176,173,176,-0.56,6758,1185158,0
2012-08-30,176,173,170,171,-2.84,1905,327625,0
2012-09-02,171,172,170,171,0,2866,489510,0
2012-09-03,171,175,171,171,0,4178,719780,0
2012-09-04,171,170,168,170,-0.58,5642,957458,0
2012-09-05,170,172,170,170,0,2370,403420,0
2012-09-06,170,171,170,170,0,7102,1207410,0
2012-09-09,170,172,170,171,0.59,5013,856792,0
2012-09-10,171,172,166,172,0.58,5097,870547,0
2012-09-11,172,172,170,172,0,1662,284433,0
2012-09-12,172,172,171,171,-0.58,3222,552452,0
2012-09-13,171,173,171,173,1.17,2968,512518,0
2012-09-16,173,175,172,175,1.16,3274,568210,0
2012-09-17,175,177,173,177,1.14,3239,566717,0
2012-09-18,177,183,175,180,1.69,2338,418066,0
2012-09-19,180,182,177,182,1.11,10568,1907189,0
2012-09-20,182,181,179,180,-1.1,8013,1444364,0
2012-09-23,180,182,177,180,0,7991,1441392,0
2012-09-24,180,180,177,177,-1.67,160,28680,0
2012-09-25,177,176,172,175,-1.13,4295,744936,0
2012-09-26,175,177,172,177,1.14,6587,1160788,0
2012-09-30,174,175,173,175,-1.13,5747,1003775,0
2012-10-01,175,176,173,175,0,4962,869140,0
2012-10-01,175,176,173,175,0,4962,869140,0
2012-10-02,175,176,175,175,0,2888,505550,0
2012-10-03,175,176,172,176,0.57,2684,468831,0
2012-10-04,176,177,175,175,-0.57,2620,458704,0
2012-10-07,175,178,175,175,0,3211,567262,0
2012-10-08,175,176,175,175,0,3157,552856,0
2012-10-09,175,176,175,175,0,5229,917062,0
2012-10-10,175,181,175,176,0.57,3367,596925,0
2012-10-11,176,177,175,175,-0.57,7164,1258070,0
2012-10-14,175,178,175,177,1.14,3698,652719,0
2012-10-15,177,177,175,176,-0.56,2449,432540,0
2012-10-17,176,178,178,178,1.14,517,92026,0
2012-10-18,178,179,176,178,0,1405,248955,0
2012-10-30,178,183,176,183,2.81,1294,231559,0
2012-10-31,183,189,180,182,-0.55,2858,530873,0
2012-11-01,182,182,180,182,0,2402,435712,0
2012-11-04,182,190,179,186,2.2,3923,724571,0
2012-11-05,186,191,180,188,1.08,2610,490577,0
2012-11-06,188,190,187,188,0,3708,702020,0
2012-11-07,188,199,184,195,3.72,4246,817138,0
2012-11-08,195,201,194,194,-0.51,3508,694262,0
2012-11-11,194,200,191,194,0,2797,546479,0
2012-11-12,194,196,192,196,1.03,3161,614689,0
2012-11-18,196,209,195,202,3.06,4897,994614,0
2012-11-20,202,210,199,204,0.99,3585,733012,0
2012-11-21,204,208,200,205,0.49,7505,1525135,0
2012-11-22,205,206,200,205,0,12951,2639478,0
2012-11-25,205,216,206,211,2.93,7730,1616875,0
2012-11-26,211,209,203,208,-1.42,6583,1360314,0
2012-11-27,208,209,203,203,-2.4,3234,669924,0
2012-11-28,203,211,200,208,2.46,5510,1140060,0
2012-11-29,208,208,206,207,-0.48,2261,468543,0
2012-12-02,207,207,200,201,-2.9,4800,979797,0
2012-12-03,201,206,200,203,1,4633,940840,0
2012-12-04,203,210,203,204,0.49,3519,724455,0
2012-12-05,204,212,205,208,1.96,5953,1242677,0
2012-12-06,208,208,206,206,-0.96,1830,378272,0
2012-12-09,206,205,200,204,-0.97,5198,1049273,0
2012-12-10,204,202,200,201,-1.47,4919,990072,0
2012-12-11,201,205,201,205,1.99,3414,692828,0
2012-12-12,205,205,201,203,-0.98,4574,930981,0
2012-12-13,203,208,204,208,2.46,3290,677622,0
2012-12-16,208,224,207,215,3.37,5244,1122454,0
2012-12-17,215,220,215,218,1.4,3328,722115,0
2012-12-18,218,216,203,215,-1.38,5273,1109014,0
2012-12-19,215,218,211,216,0.47,8116,1754927,0
2012-12-20,216,218,209,209,-3.24,5727,1225914,0
2012-12-23,209,217,205,213,1.91,7171,1521313,0
2012-12-24,213,230,213,228,7.04,3500,761899,0
2012-12-26,228,240,228,238,4.39,6219,1457520,0
2012-12-27,238,255,231,250,5.04,4877,1180004,0
2012-12-31,250,249,233,240,-4,14630,3535419,0
2013-01-01,240,241,233,238,-0.83,7961,1886847,0
2013-01-02,238,242,233,242,1.68,5628,1338716,0
2013-01-03,242,250,235,246,1.65,10342,2525509,0
2013-01-06,246,245,238,241,-2.03,6384,1537292,0
2013-01-07,241,241,237,241,0,6744,1618316,0
2013-01-08,241,244,234,239,-0.83,7156,1703991,0
2013-01-09,239,240,233,238,-0.42,3658,859760,0
2013-01-10,238,243,234,243,2.1,3936,926659,0
2013-01-13,243,241,235,240,-1.23,5314,1270879,0
2013-01-15,240,264,240,264,10,14770,3792351,0
2013-01-16,264,287,252,270,2.27,19323,5252055,0
2013-01-17,270,271,250,254,-5.93,5818,1487094,0
2013-01-20,254,251,242,247,-2.76,2655,650337,0
2013-01-21,247,255,244,251,1.62,6088,1518158,0
2013-01-22,251,265,250,261,3.98,7109,1844536,0
2013-01-23,261,262,257,260,-0.38,4532,1179857,0
2013-01-24,260,260,252,252,-3.08,4722,1213666,0
2013-01-27,252,253,241,250,-0.79,3268,814458,0
2013-01-28,250,249,242,243,-2.8,6464,1584602,0
2013-01-30,243,243,240,242,-0.41,5603,1349446,0
2013-01-31,242,246,233,236,-2.48,2997,708013,0
2013-02-03,236,248,236,241,2.12,4519,1095421,0
2013-02-04,241,242,236,242,0.41,2909,699241,0
2013-02-05,242,243,240,242,0,2382,576632,0
2013-02-06,242,242,236,238,-1.65,2204,527551,0
2013-02-07,238,240,237,240,0.84,2011,478839,0
2013-02-10,240,244,238,244,1.67,4273,1022327,0
2013-02-12,244,255,244,250,2.46,1951,482759,0
2013-02-13,250,255,242,245,-2,1862,459360,0
2013-02-14,245,253,245,251,2.45,4871,1220880,0
2013-02-17,251,276,256,276,9.96,450,121050,0
2013-02-19,276,281,257,260,-5.8,6905,1818761,0
2013-02-20,260,255,250,250,-3.85,5135,1287536,0
2013-02-21,250,255,244,250,0,3237,806090,0
2013-02-24,250,251,244,250,0,2131,528781,0
2013-02-25,250,255,246,255,2,2352,588900,0
2013-02-26,255,260,245,250,-1.96,2202,550690,0
2013-02-27,250,250,245,250,0,3682,910972,0
2013-02-28,250,252,249,250,0,9283,2327783,0
2013-03-03,250,255,248,250,0,7283,1830465,0
2013-03-04,250,255,250,250,0,2021,509122,0
2013-03-05,250,254,249,252,0.8,1333,336037,0
2013-03-06,252,257,250,256,1.59,5661,1440343,0
2013-03-07,256,266,252,260,1.56,8671,2265826,0
2013-03-11,260,263,257,260,0,5405,1405374,0
2013-03-13,260,275,259,270,3.85,5687,1493131,0
2013-03-14,270,275,262,265,-1.85,9300,2477564,0
2013-03-17,265,265,255,260,-1.89,5629,1451955,0
2013-03-18,260,257,252,256,-1.54,4336,1106916,0
2013-03-19,256,261,255,260,1.56,5473,1413615,0
2013-03-20,260,256,252,253,-2.69,1903,483472,0
2013-03-21,253,252,245,250,-1.19,3174,793134,0
2013-03-24,250,247,242,245,-2,2999,731283,0
2013-03-25,245,250,241,248,1.22,3862,946034,0
2013-03-27,248,249,245,247,-0.4,2307,569636,0
2013-03-28,247,248,243,246,-0.4,3297,812378,0
2013-03-31,246,246,238,240,-2.44,7670,1846622,0
2013-04-01,240,245,235,242,0.83,6103,1444771,0
2013-04-02,242,246,241,246,1.65,5576,1356730,0
2013-04-03,246,250,245,245,-0.41,3462,857395,0
2013-04-04,245,245,242,244,-0.41,1588,387606,0
2013-04-07,244,246,244,246,0.82,2378,582346,0
2013-04-08,246,248,244,244,-0.81,1805,442849,0
2013-04-09,244,247,243,245,0.41,2150,527330,0
2013-04-11,245,247,245,245,0,2923,717670,0
2013-04-15,245,245,240,241,-1.63,1467,354299,0
2013-04-16,241,244,240,241,0,2711,651780,0
2013-04-17,241,246,238,243,0.83,2336,563436,0
2013-04-18,243,243,240,240,-1.23,2324,559820,0
2013-04-21,240,238,235,235,-2.08,3138,742406,0
2013-04-22,235,235,227,235,0,3428,791277,0
2013-04-23,235,239,235,238,1.28,2531,599433,0
2013-04-25,238,234,225,230,-3.36,1360,311840,0
2013-04-28,230,229,226,226,-1.74,1623,367960,0
2013-04-29,226,232,226,227,0.44,2263,512829,0
2013-04-30,227,230,225,230,1.32,3425,775719,0
2013-05-02,230,230,218,221,-3.91,2410,535462,0
2013-05-05,221,227,211,211,-4.52,2917,632915,0
2013-05-06,211,207,201,203,-3.79,2272,463908,0
2013-05-07,203,218,203,215,5.91,1989,419838,0
2013-05-08,215,217,212,215,0,1152,245944,0
2013-05-09,215,212,207,210,-2.33,480,100140,0
2013-05-12,210,220,210,216,2.86,2755,597834,0
2013-05-13,216,221,217,221,2.31,1666,364355,0
2013-05-14,221,223,219,222,0.45,2285,505106,0
2013-05-15,222,234,220,234,5.41,1507,342258,0
2013-05-16,234,232,230,232,-0.85,862,198720,0
2013-05-19,232,228,222,222,-4.31,1205,270695,0
2013-05-20,222,226,218,223,0.45,1461,321313,0
2013-05-21,223,239,225,235,5.38,8468,1943122,0
2013-05-22,235,239,230,232,-1.28,2936,684321,0
2013-05-23,232,228,218,218,-6.03,2170,478160,0
2013-05-26,218,224,217,221,1.38,2433,534693,0
2013-05-27,221,228,220,225,1.81,1307,291896,0
2013-05-28,225,231,222,225,0,1841,415405,0
2013-05-30,225,228,224,226,0.44,3965,895230,0
2013-06-02,226,230,222,223,-1.33,2959,663898,0
2013-06-03,223,225,222,225,0.9,2001,449855,0
2013-06-04,225,230,224,225,0,5887,1333015,0
2013-06-05,225,226,223,225,0,3773,848790,0
2013-06-06,225,229,220,221,-1.78,5457,1210170,0
2013-06-09,221,223,218,220,-0.45,1275,280850,0
2013-06-10,220,221,214,215,-2.27,1674,364055,0
2013-06-11,215,217,213,213,-0.93,4959,1064592,0
2013-06-12,213,215,209,213,0,938,199288,0
2013-06-13,213,210,205,206,-3.29,2734,567220,0
2013-06-16,206,214,205,205,-0.49,3116,644132,0
2013-06-17,205,206,201,206,0.49,3177,648719,0
2013-06-18,206,205,202,203,-1.46,3775,767682,0
2013-06-19,203,204,200,204,0.49,2193,443437,0
2013-06-20,204,204,200,202,-0.98,2914,586023,0
2013-06-23,202,205,200,202,0,3944,793113,0
2013-06-24,202,204,200,204,0.99,2863,578614,0
2013-06-25,204,212,201,212,3.92,1591,325869,0
2013-06-26,212,214,209,210,-0.94,2267,476574,0
2013-06-27,210,209,202,204,-2.86,2462,506206,0
2013-06-30,204,204,200,204,0,4074,826362,0
2013-07-01,204,204,201,204,0,8440,1715347,0
2013-07-02,204,214,202,214,4.9,6663,1386542,0
2013-07-03,214,223,214,217,1.4,8503,1846323,0
2013-07-04,217,218,212,216,-0.46,2654,570056,0
2013-07-07,216,213,208,212,-1.85,1944,409642,0
2013-07-08,212,213,210,213,0.47,1314,278717,0
2013-07-09,213,216,212,216,1.41,4180,896995,0
2013-07-10,216,217,215,215,-0.46,906,195796,0
2013-07-11,215,217,210,211,-1.86,1952,412900,0
2013-07-14,211,213,211,213,0.95,849,180152,0
2013-07-15,213,216,211,212,-0.47,520,110330,0
2013-07-16,212,213,208,212,0,1405,295776,0
2013-07-17,212,218,209,218,2.83,833,176111,0
2013-07-18,218,218,211,215,-1.38,3565,760658,0
2013-07-21,215,222,211,220,2.33,1576,344059,0
2013-07-22,220,219,213,219,-0.45,3960,857015,0
2013-07-23,219,220,215,220,0.46,2380,522130,0
2013-07-24,219,220,216,220,0,3875,845100,0
2013-07-25,220,221,217,220,0,6133,1346153,0
2013-07-28,220,220,217,219,-0.45,2271,495460,0
2013-07-29,219,222,218,220,0.46,6445,1417338,0
2013-07-30,220,226,213,222,0.91,4366,967312,0
2013-07-31,222,239,220,227,2.25,5674,1319038,0
2013-08-01,227,234,228,233,2.64,3874,894640,0
2013-08-04,233,239,230,235,0.86,6786,1565735,0
2013-08-05,235,244,230,244,3.83,16970,3996457,0
2013-08-06,244,244,232,240,-1.64,8059,1929139,0
2013-08-07,240,255,239,250,4.17,14766,3668196,0
2013-08-08,250,256,247,256,2.4,10429,2645586,0
2013-08-11,256,260,246,258,0.78,6243,1601607,0
2013-08-12,258,258,254,258,0,5404,1382829,0
2013-08-13,258,260,255,255,-1.16,12121,3107958,0
2013-08-14,255,275,255,265,3.92,22278,5876172,0
2013-08-15,265,275,262,274,3.4,17518,4682661,0
2013-08-18,274,293,271,289,5.47,8762,2496818,0
2013-08-19,289,299,284,295,2.08,13094,3825734,0
2013-08-20,295,295,285,290,-1.69,14268,4129463,0
2013-08-25,290,290,271,275,-5.17,9229,2559665,0
2013-08-26,275,280,265,265,-3.64,10512,2853463,0
2013-08-27,265,273,266,269,1.51,5993,1615807,0
2013-08-29,269,275,261,270,0.37,10781,2920690,0
2013-09-01,270,278,266,273,1.11,10315,2795826,0
2013-09-02,273,273,269,273,0,4607,1247979,0
2013-09-03,273,273,265,270,-1.1,9705,2619325,0
2013-09-04,270,274,265,268,-0.74,5881,1581356,0
2013-09-05,268,270,263,270,0.75,4619,1240671,0
2013-09-08,270,270,266,268,-0.74,1430,383452,0
2013-09-09,268,268,260,265,-1.12,3761,990215,0
2013-09-10,265,263,256,260,-1.89,3506,912022,0
2013-09-11,260,260,255,256,-1.54,3560,913664,0
2013-09-12,256,259,255,256,0,2297,589964,0
2013-09-15,256,255,247,251,-1.95,1705,425223,0
2013-09-16,251,249,240,243,-3.19,3105,759329,0
2013-09-17,243,250,239,249,2.47,4190,1030774,0
2013-09-19,249,253,242,251,0.8,7230,1794525,0
2013-09-22,251,250,243,248,-1.2,3598,891274,0
2013-09-23,248,256,240,256,3.23,4366,1093319,0
2013-09-24,256,260,249,255,-0.39,3569,904154,0
2013-09-25,255,260,250,252,-1.18,2342,595174,0
2013-09-26,252,255,248,250,-0.79,2947,739707,0
2013-09-29,250,254,248,250,0,5593,1397377,0
2013-09-30,250,255,251,253,1.2,4048,1020083,0
2013-10-01,253,258,250,257,1.58,6780,1726362,0
2013-10-02,257,265,255,265,3.11,4507,1174185,0
2013-10-03,265,268,255,261,-1.51,5989,1565000,0
2013-10-06,261,271,260,268,2.68,6298,1679891,0
2013-10-07,268,272,265,268,0,6554,1752440,0
2013-10-09,272,280,268,274,2.24,10880,2986516,0
2013-10-10,274,287,274,287,4.74,9084,2543741,0
2013-10-17,287,293,280,281,-2.09,3422,971556,0
2013-10-20,281,292,272,288,2.49,12323,3530867,0
2013-10-21,288,286,281,281,-2.43,5261,1493206,0
2013-10-22,281,284,276,280,-0.36,2882,804126,0
2013-10-23,280,279,275,279,-0.36,6589,1823788,0
2013-10-24,279,277,266,271,-2.87,8658,2361256,0
2013-10-27,271,270,265,270,-0.37,6644,1773173,0
2013-10-28,270,269,260,266,-1.48,7712,2055026,0
2013-10-29,266,270,266,268,0.75,5113,1372281,0
2013-10-30,268,271,263,270,0.75,3999,1074211,0
2013-10-31,270,275,270,271,0.37,4946,1349234,0
2013-11-06,271,270,266,270,-0.37,3065,819162,0
2013-11-07,270,272,265,270,0,2913,783807,0
2013-11-11,265,271,263,270,0,2943,786371,0
2013-11-12,270,288,270,282,4.44,2751,770058,0
2013-11-13,282,290,281,285,1.06,13696,3908379,0
2013-11-14,285,290,280,290,1.75,7095,2016131,0
2013-11-21,290,306,295,306,5.52,1316,401056,0
2013-11-24,306,336,315,324,5.88,21647,7102843,0
2013-11-25,324,326,305,314,-3.09,13105,4072777,0
2013-11-26,314,329,308,321,2.23,28272,9106933,0
2013-11-27,321,342,321,340,5.92,36076,12017076,0
2013-11-28,340,342,334,342,0.59,21680,7342274,0
2013-12-01,342,376,341,376,9.94,23763,8678552,0
2013-12-02,376,412,360,405,7.71,20977,8333188,0
2013-12-03,405,404,389,400,-1.23,19402,7700605,0
2013-12-04,400,425,392,402,0.5,12389,5056887,0
2013-12-05,402,428,385,400,-0.5,21081,8531937,0
2013-12-08,400,401,390,395,-1.25,16688,6607316,0
2013-12-09,395,405,383,396,0.25,26882,10709798,0
2013-12-10,396,405,391,400,1.01,28690,11496761,0
2013-12-11,400,412,393,410,2.5,18473,7444488,0
2013-12-12,409,420,404,406,-0.98,17759,7270362,0
2013-12-15,406,446,405,446,9.85,20003,8387373,0
2013-12-16,446,490,444,490,9.87,20965,9876974,0
2013-12-18,490,518,485,485,-1.02,29053,14533077,0
2013-12-19,485,500,475,493,1.65,39462,19287968,0
2013-12-22,490,490,464,480,-2.64,19387,9322438,0
2013-12-23,472,475,456,469,-2.29,33400,15494694,0
2013-12-24,469,484,451,469,0,29712,13932330,0
2013-12-26,469,499,460,471,0.43,15787,7496050,0
2013-12-29,471,475,450,465,-1.27,22999,10658221,0
2013-12-31,465,468,455,460,-1.08,25659,11833095,0
2014-01-01,460,455,432,439,-4.57,15862,6954305,0
2014-01-02,439,462,416,462,5.24,28467,12539546,0
2014-01-05,462,475,441,468,1.3,65735,30288296,0
2014-01-06,468,474,452,470,0.43,25538,11891111,0
2014-01-07,470,473,460,473,0.64,22161,10397910,0
2014-01-08,473,497,470,491,3.81,38768,18856016,0
2014-01-09,491,490,471,484,-1.43,20109,9707296,0
2014-01-12,484,497,482,486,0.41,24734,12126000,0
2014-01-13,486,494,480,494,1.65,19617,9539420,0
2014-01-14,494,501,489,501,1.42,32504,16167668,0
2014-01-16,501,499,481,490,-2.2,19341,9507699,0
2014-01-19,490,495,473,495,1.02,29053,14135093,0
2014-01-20,495,519,490,500,1.01,81646,41133904,0
2014-01-21,500,499,485,488,-2.4,11260,5548725,0
2014-01-22,488,487,472,478,-2.05,13817,6560366,0
2014-01-23,478,484,469,480,0.42,13779,6598289,0
2014-01-26,480,522,480,503,4.79,40298,20371358,0
2014-01-27,503,504,486,490,-2.58,9937,4893569,0
2014-01-28,490,500,476,499,1.84,26031,12812248,0
2014-01-29,499,508,495,503,0.8,29804,14948839,0
2014-02-02,503,500,485,490,-2.58,8622,4222674,0
2014-02-03,490,499,475,499,1.84,16945,8159916,0
2014-02-04,499,499,481,499,0,14068,6914480,0
2014-02-06,492,501,490,497,-0.4,18213,9039773,0
2014-02-09,497,501,488,500,0.6,31751,15848924,0
2014-02-10,500,550,515,520,4,52878,28379588,0
2014-02-11,520,521,510,518,-0.38,29068,14978823,0
2014-02-12,518,515,500,515,-0.58,10260,5225358,0
2014-02-13,515,518,504,509,-1.17,14908,7588708,0
2014-02-16,509,507,490,500,-1.77,12363,6140653,0
2014-02-17,500,503,490,497,-0.6,10000,4985741,0
2014-02-18,497,502,490,500,0.6,14557,7274455,0
2014-02-20,500,510,493,506,1.2,12477,6285058,0
2014-02-23,506,520,502,510,0.79,16883,8625372,0
2014-02-24,510,521,506,510,0,10633,5455405,0
2014-02-25,510,510,492,510,0,8159,4056577,0
2014-02-26,510,510,490,507,-0.59,11856,5953703,0
2014-03-03,507,500,482,500,-1.38,11330,5588614,0
2014-03-04,500,494,475,490,-2,12645,6121482,0
2014-03-05,490,495,485,491,0.2,13670,6701152,0
2014-03-06,491,492,480,485,-1.22,8096,3949166,0
2014-03-09,485,485,476,477,-1.65,12131,5814888,0
2014-03-10,477,480,467,480,0.63,11578,5457255,0
2014-03-11,480,473,466,466,-2.92,5775,2712645,0
2014-03-12,466,468,456,468,0.43,5270,2410519,0
2014-03-13,468,471,458,470,0.43,6624,3091316,0
2014-03-13,468,471,458,470,0,6624,3091316,0
2014-03-17,470,465,456,460,-2.13,5748,2645091,0
2014-03-18,460,457,443,455,-1.09,9587,4307964,0
2014-03-19,455,480,446,480,5.49,10946,5102732,0
2014-03-20,480,478,466,466,-2.92,8516,4008312,0
2014-03-23,466,483,458,483,3.65,8169,3790999,0
2014-03-24,483,510,475,507,4.97,21201,10555473,0
2014-03-25,507,500,475,490,-3.35,29739,14409354,0
2014-03-26,490,528,490,528,7.76,60736,30711330,0
2014-03-27,528,538,490,499,-5.49,20209,10155615,0
2014-03-31,499,492,480,490,-1.8,5218,2532600,0
2014-04-01,490,494,487,494,0.82,3932,1927934,0
2014-04-02,494,494,485,489,-1.01,11115,5450211,0
2014-04-03,489,490,480,484,-1.02,3927,1909320,0
2014-04-06,484,490,480,481,-0.62,8848,4280413,0
2014-04-07,481,483,473,480,-0.21,5197,2489076,0
2014-04-09,480,479,474,479,-0.21,5534,2641891,0
2014-04-10,479,483,480,480,0.21,3389,1629028,0
2014-04-13,480,485,475,485,1.04,5766,2760663,0
2014-04-15,485,480,475,477,-1.65,8445,4038532,0
2014-04-16,477,478,472,478,0.21,5706,2710690,0
2014-04-17,478,479,472,476,-0.42,11560,5492372,0
2014-04-20,476,476,465,470,-1.26,7619,3569533,0
2014-04-21,470,471,462,467,-0.64,4512,2098816,0
2014-04-22,467,484,464,484,3.64,3658,1716191,0
2014-04-23,484,484,475,480,-0.83,6040,2896503,0
2014-04-27,480,495,479,486,1.25,19082,9251327,0
2014-04-28,486,485,477,482,-0.82,17521,8447946,0
2014-04-29,482,485,465,465,-3.53,17504,8328232,0
2014-04-30,465,490,460,484,4.09,38545,18407064,0
2014-05-04,484,485,485,485,0.21,146,70810,0
2014-05-06,485,480,458,480,-1.03,5111,2390588,0
2014-05-07,480,485,465,465,-3.12,3621,1723446,0
2014-05-08,465,465,451,462,-0.65,3062,1411016,0
2014-05-11,462,462,446,451,-2.38,2232,1005475,0
2014-05-12,451,453,442,447,-0.89,6393,2858303,0
2014-05-13,447,460,440,452,1.12,3367,1527250,0
2014-05-15,452,453,446,450,-0.44,1498,672591,0
2014-05-15,452,453,446,450,0,1498,672591,0
2014-05-18,450,449,433,438,-2.67,2406,1062455,0
2014-05-19,438,445,435,441,0.68,3738,1648612,0
2014-05-20,441,442,436,440,-0.23,1380,604137,0
2014-05-21,440,442,436,439,-0.23,1436,630316,0
2014-05-22,439,445,437,441,0.46,3420,1506284,0
2014-05-25,441,451,440,440,-0.23,1964,874085,0
2014-05-26,440,448,436,439,-0.23,2068,916313,0
2014-05-27,439,443,438,442,0.68,2651,1168679,0
2014-05-28,442,459,441,455,2.94,3465,1555696,0
2014-06-01,455,454,442,449,-1.32,3419,1534885,0
2014-06-02,449,460,441,460,2.45,5675,2559270,0
2014-06-03,460,483,455,465,1.09,3237,1497446,0
2014-06-04,465,456,450,450,-3.23,4933,2231099,0
2014-06-05,450,455,441,451,0.22,1460,655013,0
2014-06-08,451,452,442,445,-1.33,4810,2137728,0
2014-06-09,445,447,442,442,-0.67,3135,1390085,0
2014-06-10,442,460,440,451,2.04,6762,3048601,0
2014-06-11,451,472,442,459,1.77,7845,3618724,0
2014-06-12,459,468,450,456,-0.65,5318,2449340,0
2014-06-15,456,498,456,498,9.21,21646,10384789,0
2014-06-16,498,511,485,504,1.2,17798,8894533,0
2014-06-17,504,511,485,504,0,13316,6679205,0
2014-06-17,504,511,485,504,0,13316,6679205,0
2014-06-18,504,506,498,500,-0.79,5595,2815179,0
2014-06-19,500,500,495,497,-0.6,4887,2433073,0
2014-06-23,497,499,490,492,-1.01,2822,1392972,0
2014-06-24,492,493,473,486,-1.22,4915,2379604,0
2014-06-25,486,495,481,490,0.82,5342,2611158,0
2014-06-26,490,495,486,490,0,2294,1124885,0
2014-06-29,490,535,494,535,9.18,6659,3352126,0
2014-06-30,535,539,510,535,0,17816,9248469,0
2014-07-01,535,536,515,530,-0.93,16496,8688752,0
2014-07-02,530,532,520,526,-0.75,8711,4581490,0
2014-07-03,526,540,511,540,2.66,10454,5471823,0
2014-07-06,540,550,535,550,1.85,10936,5934234,0
2014-07-07,550,571,540,571,3.82,23528,12913417,0
2014-07-08,571,628,575,628,9.98,75326,47099144,0
2014-07-09,628,690,630,660,5.1,64933,43299472,0
2014-07-10,660,690,645,677,2.58,53832,35530680,0
2014-07-13,677,739,677,698,3.1,41709,29179672,0
2014-07-14,698,725,687,690,-1.15,41992,29488396,0
2014-07-15,690,693,680,690,0,13822,9495058,0
2014-07-16,690,756,682,756,9.57,15232,10654212,0
2014-07-17,756,742,700,729,-3.57,20796,14870226,0
2014-07-20,729,770,715,726,-0.41,17347,12664584,0
2014-07-21,726,740,700,740,1.93,23797,17135328,0
2014-07-22,740,729,700,715,-3.38,26067,18395942,0
2014-07-23,715,711,698,710,-0.7,19797,13946533,0
2014-07-24,710,709,694,703,-0.99,18897,13278013,0
2014-07-27,703,700,690,699,-0.57,19175,13359885,0
2014-07-28,699,696,686,695,-0.57,11965,8266627,0
2014-07-30,695,700,670,680,-2.16,18615,12729507,0
2014-07-31,680,685,666,671,-1.32,17974,12129488,0
2014-08-03,671,662,650,659,-1.79,14283,9369036,0
2014-08-04,659,656,641,650,-1.37,16927,10936168,0
2014-08-05,650,670,648,657,1.08,19507,12914583,0
2014-08-06,657,660,649,650,-1.07,19442,12733444,0
2014-08-07,650,668,635,655,0.77,27587,17792836,0
2014-08-12,655,649,630,645,-1.53,7449,4790514,0
2014-08-13,645,660,633,660,2.33,13102,8449188,0
2014-08-14,660,670,647,657,-0.45,15244,10054548,0
2014-08-18,657,644,595,612,-6.85,37244,22612552,0
2014-08-19,612,620,596,610,-0.33,17808,10869120,0
2014-08-20,610,610,588,605,-0.82,19673,11856208,0
2014-08-21,605,609,580,600,-0.83,12597,7501131,0
2014-08-24,600,607,586,600,0,12176,7224524,0
2014-08-25,600,588,548,559,-6.83,13049,7367250,0
2014-08-26,559,590,527,532,-4.83,13423,7398733,0
2014-08-27,532,585,540,559,5.08,13712,7637563,0
2014-08-28,559,581,555,555,-0.72,9333,5290522,0
2014-08-31,555,555,529,544,-1.98,7186,3881419,0
2014-09-01,544,540,524,540,-0.74,8096,4263430,0
2014-09-03,540,550,531,534,-1.11,6177,3338441,0
2014-09-04,534,528,514,516,-3.37,13269,6900500,0
2014-09-07,516,513,477,477,-7.56,8707,4224592,0
2014-09-09,477,514,480,510,6.92,6261,3123354,0
2014-09-10,510,550,502,515,0.98,17200,9003879,0
2014-09-11,515,515,494,510,-0.97,5116,2564786,0
2014-09-14,510,507,495,501,-1.76,11790,5894531,0
2014-09-15,501,500,490,495,-1.2,4559,2263865,0
2014-09-16,495,500,493,500,1.01,5664,2813054,0
2014-09-17,500,501,491,491,-1.8,2141,1059526,0
2014-09-18,491,500,485,500,1.83,4308,2113234,0
2014-09-21,500,491,472,473,-5.4,4876,2330048,0
2014-09-22,473,478,450,463,-2.11,4694,2150250,0
2014-09-23,463,509,472,509,9.94,1603,812465,0
2014-09-24,509,555,509,533,4.72,27922,14918155,0
2014-09-28,533,535,520,533,0,5441,2872819,0
2014-09-29,533,549,526,549,3,2590,1383477,0
2014-09-30,549,545,522,522,-4.92,4135,2203088,0
2014-10-08,522,520,507,520,-0.38,1950,1004294,0
2014-10-09,520,520,514,515,-0.96,4332,2232742,0
2014-10-12,515,519,494,499,-3.11,3534,1775044,0
2014-10-13,499,501,490,496,-0.6,6363,3163546,0
2014-10-14,496,505,496,500,0.81,2216,1115048,0
2014-10-15,500,510,500,508,1.6,3468,1751854,0
2014-10-16,508,515,500,512,0.79,2026,1036190,0
2014-10-19,512,524,495,524,2.34,2531,1283847,0
2014-10-20,524,515,504,512,-2.29,1855,943601,0
2014-10-21,512,517,506,506,-1.17,1623,825062,0
2014-10-22,506,514,495,505,-0.2,2166,1085421,0
2014-10-26,505,501,495,501,-0.79,318,158551,0
2014-10-27,501,508,500,508,1.4,826,414552,0
2014-10-28,508,507,496,503,-0.98,3103,1559251,0
2014-10-30,503,502,496,496,-1.39,3239,1615458,0
2014-11-02,496,488,484,487,-1.81,3479,1691461,0
2014-11-03,487,490,476,478,-1.85,2984,1438935,0
2014-11-04,478,480,461,480,0.42,4283,2036039,0
2014-11-05,480,493,477,490,2.08,3198,1561916,0
2014-11-06,490,490,481,486,-0.82,4774,2310227,0
2014-11-09,486,482,470,470,-3.29,4361,2066075,0
2014-11-10,470,471,459,469,-0.21,7137,3301463,0
2014-11-11,469,470,443,470,0.21,2460,1127792,0
2014-11-12,470,477,462,470,0,3095,1456430,0
2014-11-13,470,479,455,463,-1.49,5215,2419866,0
2014-11-16,463,463,455,455,-1.73,2659,1216890,0
2014-11-17,455,453,430,430,-5.49,5025,2222843,0
2014-11-18,430,449,415,448,4.19,5593,2436446,0
2014-11-19,448,466,440,457,2.01,1602,725958,0
2014-11-20,457,460,449,457,0,3097,1415268,0
2014-11-23,457,485,457,480,5.03,5920,2802147,0
2014-11-24,480,475,461,465,-3.12,1129,527558,0
2014-11-25,465,465,457,457,-1.72,71,32695,0
2014-11-30,457,457,441,445,-2.63,1452,645427,0
2014-12-01,445,448,439,443,-0.45,1733,765978,0
2014-12-02,443,453,435,453,2.26,1108,490210,0
2014-12-03,453,467,447,455,0.44,2153,981696,0
2014-12-04,455,469,460,464,1.98,2277,1053864,0
2014-12-07,464,458,448,452,-2.59,1718,778573,0
2014-12-08,452,450,443,448,-0.88,1290,576619,0
2014-12-09,448,450,442,446,-0.45,2366,1055494,0
2014-12-10,446,470,446,470,5.38,567,258977,0
2014-12-11,470,479,457,469,-0.21,4644,2144460,0
2014-12-14,469,493,474,490,4.48,3724,1791711,0
2014-12-15,490,505,481,497,1.43,4393,2164203,0
2014-12-16,497,494,470,492,-1.01,5232,2561451,0
2014-12-17,492,488,479,485,-1.42,3200,1541419,0
2014-12-18,485,480,465,480,-1.03,2212,1042527,0
2014-12-21,480,475,461,464,-3.33,3044,1412599,0
2014-12-22,464,473,452,473,1.94,4523,2091099,0
2014-12-23,473,470,447,467,-1.27,2357,1085223,0
2014-12-24,467,470,458,470,0.64,3183,1469000,0
2014-12-28,470,484,470,484,2.98,3257,1544943,0
2014-12-28,470,484,470,484,0,3257,1544943,0
2014-12-29,484,484,466,475,-1.86,2105,1003216,0
2014-12-31,475,490,464,476,0.21,2969,1398316,0
2015-01-01,476,485,470,479,0.63,2695,1283385,0
2015-01-04,479,481,474,478,-0.21,1201,572959,0
2015-01-05,478,487,471,487,1.88,1739,828237,0
2015-01-06,487,480,466,475,-2.46,3920,1855816,0
2015-01-07,475,476,467,476,0.21,3541,1665797,0
2015-01-08,476,480,472,473,-0.63,2511,1192029,0
2015-01-11,473,484,465,484,2.33,3451,1634939,0
2015-01-12,484,479,468,473,-2.27,3521,1662570,0
2015-01-13,473,475,466,475,0.42,1012,478410,0
2015-01-14,475,489,467,484,1.89,11042,5227331,0
2015-01-18,484,485,473,475,-1.86,5160,2457433,0
2015-01-19,475,499,480,487,2.53,7796,3815845,0
2015-01-20,487,489,474,478,-1.85,10113,4855761,0
2015-01-22,478,477,470,473,-1.05,1265,600389,0
2015-01-25,473,483,466,475,0.42,2889,1376546,0
2015-01-26,475,484,470,481,1.26,5767,2756099,0
2015-01-27,481,510,478,503,4.57,13660,6777883,0
2015-01-28,503,513,498,509,1.19,15503,7844801,0
2015-01-29,509,512,495,500,-1.77,10005,5006801,0
2015-02-01,500,496,491,493,-1.4,4653,2293868,0
2015-02-02,493,494,485,487,-1.22,3667,1790141,0
2015-02-03,487,490,472,483,-0.82,2126,1022403,0
2015-02-04,483,485,475,480,-0.62,1946,934257,0
2015-02-05,480,489,471,473,-1.46,2868,1359038,0
2015-02-08,473,476,471,475,0.42,2025,961031,0
2015-02-09,475,484,470,479,0.84,6337,3022364,0
2015-02-10,479,475,463,475,-0.84,3543,1667238,0
2015-02-11,475,480,470,476,0.21,3776,1793976,0
2015-02-12,476,485,475,482,1.26,5980,2867563,0
2015-02-15,482,482,476,477,-1.04,1086,518101,0
2015-02-16,477,479,472,479,0.42,4307,2045393,0
2015-02-16,477,479,472,479,0,4307,2045393,0
2015-02-18,479,479,472,474,-1.04,2807,1332903,0
2015-02-22,474,472,464,464,-2.11,3088,1442825,0
2015-02-23,464,465,456,464,0,3374,1556568,0
2015-02-24,464,465,460,465,0.22,3018,1399450,0
2015-02-25,465,471,459,470,1.08,2152,1006176,0
2015-02-26,470,475,460,475,1.06,2405,1117678,0
2015-03-01,475,480,470,480,1.05,1184,563346,0
2015-03-02,480,495,475,480,0,1111,538538,0
2015-03-03,480,484,471,483,0.62,1590,760544,0
2015-03-04,483,492,476,478,-1.04,2209,1070845,0
2015-03-09,478,504,485,497,3.97,8858,4363621,0
2015-03-10,497,490,472,481,-3.22,1061,516270,0
2015-03-11,481,485,477,477,-0.83,1618,776848,0
2015-03-12,477,490,470,475,-0.42,1710,821008,0
2015-03-15,475,480,471,475,0,2644,1253119,0
2015-03-16,475,475,467,471,-0.84,1607,754534,0
2015-03-17,471,473,467,471,0,731,343263,0
2015-03-18,471,472,466,472,0.21,1901,893189,0
2015-03-19,472,480,470,480,1.69,1882,889894,0
2015-03-22,480,476,464,467,-2.71,6630,3104974,0
2015-03-23,467,470,463,469,0.43,4993,2323706,0
2015-03-24,469,469,464,467,-0.43,1251,582689,0
2015-03-25,467,470,459,470,0.64,797,369900,0
2015-03-26,470,476,463,476,1.28,966,450516,0
2015-03-29,476,470,469,469,-1.47,531,249540,0
2015-03-30,469,469,451,459,-2.13,3598,1648978,0
2015-03-31,459,465,458,461,0.44,1282,591842,0
2015-04-01,461,464,454,464,0.65,2590,1193443,0
2015-04-02,464,465,455,465,0.22,3444,1570932,0
2015-04-05,465,471,452,455,-2.15,1330,609170,0
2015-04-06,455,460,446,450,-1.1,3678,1651428,0
2015-04-07,450,451,446,450,0,2372,1064202,0
2015-04-08,450,464,449,458,1.78,2164,977352,0
2015-04-09,458,471,451,471,2.84,7084,3217233,0
2015-04-12,471,482,468,479,1.7,4345,2055726,0
2015-04-13,479,472,461,472,-1.46,4158,1942976,0
2015-04-15,472,475,455,474,0.42,13284,6136508,0
2015-04-16,474,468,455,468,-1.27,8979,4145565,0
2015-04-19,437,437,429,436,-6.84,820,355050,0
2015-04-20,436,439,434,436,0,1363,594229,0
2015-04-21,436,439,431,439,0.69,1312,569615,0
2015-04-22,439,440,435,440,0.23,619,269707,0
2015-04-23,440,434,430,432,-1.82,1563,674415,0
2015-05-24,432,424,392,392,-9.26,90,36080,0
2015-05-25,392,385,360,365,-6.89,844,307401,0
2015-05-26,365,397,370,397,8.77,1215,466395,0
2015-05-27,397,390,376,376,-5.29,230,87810,0
2015-05-28,376,393,380,390,3.72,2330,901410,0
2015-05-31,390,402,392,397,1.79,1141,455848,0
2015-06-01,397,404,390,400,0.76,2353,937623,0
2015-06-02,400,402,400,400,0,181,72480,0
2015-06-03,400,432,402,432,8,1581,662618,0
2015-06-04,432,440,420,420,-2.78,2566,1100750,0
2015-06-07,420,435,425,430,2.38,5611,2408058,0
2015-06-08,430,438,425,430,0,1959,842943,0
2015-06-08,430,438,425,430,0,1959,842943,0
2015-06-08,430,438,425,430,0,1959,842943,0
2015-06-09,430,463,438,448,4.19,3888,1753306,0
2015-06-10,448,440,432,438,-2.23,880,381800,0
2015-06-11,438,432,422,425,-2.97,2209,941044,0
2015-06-14,425,420,413,413,-2.82,2431,1013256,0
2015-06-15,413,427,407,421,1.94,1505,629122,0
2015-06-16,421,426,418,426,1.19,1298,544264,0
2015-06-17,426,426,418,423,-0.7,1700,720030,0
2015-06-18,423,422,412,416,-1.65,873,362996,0
2015-06-21,416,416,413,415,-0.24,1001,415603,0
2015-06-22,415,420,410,415,0,1380,571866,0
2015-06-23,415,423,415,420,1.2,7897,3292563,0
2015-06-24,420,425,414,414,-1.43,1269,529878,0
2015-06-25,414,420,417,419,1.21,833,348643,0
2015-06-28,419,420,415,420,0.24,2180,910700,0
2015-06-29,420,420,406,420,0,8930,3669790,0
2015-06-30,420,415,406,415,-1.19,6613,2708936,0
2015-07-01,415,410,408,410,-1.2,572,233930,0
2015-07-02,410,408,403,405,-1.22,4059,1643141,0
2015-07-05,405,419,408,417,2.96,1564,646616,0
2015-07-06,417,417,403,404,-3.12,330,134060,0
2015-07-07,404,410,404,405,0.25,6448,2614217,0
2015-07-08,405,409,406,408,0.74,2073,843825,0
2015-07-09,408,416,410,410,0.49,401,165640,0
2015-07-12,410,412,405,411,0.24,5083,2078989,0
2015-07-13,411,410,409,409,-0.49,1242,508699,0
2015-07-14,409,414,406,410,0.24,3414,1399073,0
2015-07-15,410,418,408,415,1.22,2601,1075295,0
2015-07-16,415,432,416,432,4.1,391,163902,0
2015-07-22,432,442,421,440,1.85,7356,3155266,0
2015-07-23,440,465,435,465,5.68,7731,3451191,0
2015-07-26,465,511,474,511,9.89,140,70600,0
2015-07-27,511,521,476,498,-2.54,8007,3888936,0
2015-07-28,498,489,480,480,-3.61,682,328922,0
2015-07-29,480,471,467,467,-2.71,120,56320,0
2015-07-30,467,465,450,450,-3.64,3973,1815435,0
2015-08-02,450,449,445,446,-0.89,558,249171,0
2015-08-03,446,458,440,457,2.47,3667,1649736,0
2015-08-04,457,460,439,441,-3.5,7651,3383326,0
2015-08-05,441,459,437,452,2.49,6625,2937510,0
2015-08-06,452,465,455,463,2.43,8242,3792897,0
2015-08-09,463,469,450,469,1.3,9306,4284284,0
2015-08-10,469,488,470,479,2.13,8260,3946984,0
2015-08-11,479,470,452,455,-5.01,2244,1040914,0
2015-08-12,455,450,436,445,-2.2,4305,1912728,0
2015-08-13,445,459,438,444,-0.22,8463,3815927,0
2015-08-16,444,456,441,441,-0.68,15570,7003978,0
2015-08-17,441,485,449,485,9.98,14033,6783465,0
2015-08-18,485,518,494,518,6.8,17564,8882141,0
2015-08-18,485,518,494,518,0,17564,8882141,0
2015-08-19,518,528,510,528,1.93,4816,2481868,0
2015-08-20,528,548,525,525,-0.57,5070,2747398,0
2015-08-23,525,516,505,506,-3.62,8354,4266993,0
2015-08-24,506,509,505,506,0,2386,1208981,0
2015-08-25,506,515,496,515,1.78,3076,1540334,0
2015-08-26,515,506,505,505,-1.94,1300,656700,0
2015-08-27,505,505,500,500,-0.99,1382,691410,0
2015-08-31,500,503,496,500,0,3126,1560900,0
2015-09-01,500,500,493,495,-1,6425,3195841,0
2015-09-02,495,486,486,486,-1.82,1000,486000,0
2015-09-03,486,478,465,465,-4.32,760,360690,0
2015-09-06,465,485,474,480,3.23,1710,823782,0
2015-09-07,480,497,475,497,3.54,2252,1091608,0
2015-09-08,497,496,488,488,-1.81,651,322088,0
2015-09-09,488,480,480,480,-1.64,41,19680,0
2015-09-10,480,489,472,479,-0.21,7097,3424204,0
2015-09-13,479,500,480,500,4.38,9190,4422736,0
2015-09-14,500,511,492,500,0,4489,2263296,0
2015-09-15,500,505,486,495,-1,1356,672126,0
2015-09-16,495,490,486,487,-1.62,1186,578936,0
2015-09-17,487,488,475,480,-1.44,5292,2541780,0
2015-09-22,480,471,456,456,-5,9991,4642437,0
2015-09-23,456,474,460,465,1.97,9252,4268830,0
2015-09-24,465,461,456,460,-1.08,956,439860,0
2015-09-28,460,454,446,450,-2.17,1581,713289,0
2015-09-29,450,459,450,450,0,2289,1030140,0
2015-09-30,450,468,442,450,0,4851,2200320,0
2015-10-01,450,460,444,459,2,5128,2310969,0
2015-10-04,459,455,443,451,-1.74,2200,991200,0
2015-10-05,451,460,442,445,-1.33,2871,1282625,0
2015-10-06,445,445,435,440,-1.12,5822,2551250,0
2015-10-07,440,450,440,450,2.27,511,226240,0
2015-10-08,450,495,443,495,10,15581,7496975,0
2015-10-11,495,544,504,530,7.07,93601,49644308,0
2015-10-14,530,540,493,494,-6.79,9865,4967086,0
2015-10-15,494,499,476,499,1.01,6688,3270296,0
2015-10-18,499,495,487,495,-0.8,8306,4064550,0
2015-10-19,495,500,489,500,1.01,2033,998600,0
2015-10-25,500,490,480,481,-3.8,2481,1194861,0
2015-10-27,481,472,465,472,-1.87,3737,1751510,0
2015-10-28,472,472,455,466,-1.27,2955,1368611,0
2015-10-29,466,475,466,470,0.86,1970,922200,0
2015-11-01,470,469,450,456,-2.98,4509,2063283,0
2015-11-02,456,470,450,461,1.1,3088,1434022,0
2015-11-03,461,457,455,457,-0.87,81,36915,0
2015-11-04,457,470,449,466,1.97,1462,681376,0
2015-11-05,466,463,460,460,-1.29,878,404480,0
2015-11-08,460,462,451,462,0.43,607,276552,0
2015-11-09,462,483,469,483,4.55,4949,2351788,0
2015-11-10,483,485,474,477,-1.24,8443,4023172,0
2015-11-15,477,475,470,475,-0.42,1170,553870,0
2015-11-16,475,471,467,471,-0.84,250,116950,0
2015-11-18,471,475,467,470,-0.21,1230,576640,0
2015-11-19,470,475,460,465,-1.06,1940,912850,0
2015-11-22,465,460,451,452,-2.8,2625,1190408,0
2015-11-23,452,452,449,452,0,4235,1907885,0
2015-11-24,452,461,451,455,0.66,1170,531661,0
2015-11-25,455,461,448,450,-1.1,6331,2852031,0
2015-11-26,450,450,435,447,-0.67,2656,1172867,0
2015-11-29,447,442,420,420,-6.04,9273,3936822,0
2015-11-30,420,450,424,431,2.62,4935,2134577,0
2015-12-01,431,454,439,454,5.34,5943,2658366,0
2015-12-02,454,451,445,451,-0.66,3272,1468984,0
2015-12-03,451,459,450,450,-0.22,3472,1572584,0
2015-12-06,450,468,459,465,3.33,2902,1335158,0
2015-12-07,465,456,454,455,-2.15,860,391040,0
2015-12-08,455,455,447,451,-0.88,2091,946978,0
2015-12-09,451,469,460,469,3.99,1612,743343,0
2015-12-10,469,469,450,465,-0.85,934,429220,0
2015-12-13,465,465,456,456,-1.94,1652,755440,0
2015-12-14,456,453,450,450,-1.32,2818,1270993,0
2015-12-15,450,446,440,445,-1.11,3918,1732598,0
2015-12-16,445,453,448,450,1.12,7554,3401659,0
2015-12-17,450,468,451,465,3.33,1388,637154,0
2015-12-20,465,483,462,481,3.44,16618,7859498,0
2015-12-21,481,529,481,529,9.98,47347,24243546,0
2015-12-22,529,559,510,512,-3.21,21836,11421371,0
2015-12-23,512,510,496,496,-3.12,6162,3098292,0
2015-12-24,496,510,490,510,2.82,11469,5764821,0
2015-12-27,510,505,499,502,-1.57,12349,6175634,0
2015-12-28,502,504,497,499,-0.6,2290,1144350,0
2015-12-29,499,508,496,500,0.2,7138,3572922,0
2015-12-31,500,513,500,508,1.6,5772,2944277,0
2016-01-03,508,518,499,518,1.97,8407,4251883,0
2016-01-04,518,528,502,506,-2.32,6760,3441749,0
2016-01-05,506,515,500,505,-0.2,4135,2078994,0
2016-01-06,505,507,495,500,-0.99,4686,2343512,0
2016-01-07,500,520,505,515,3,7371,3793858,0
2016-01-10,515,520,506,518,0.58,5622,2894903,0
2016-01-11,518,529,511,525,1.35,11440,5985031,0
2016-01-12,525,526,521,521,-0.76,4907,2569746,0
2016-01-12,525,526,521,521,0,4907,2569746,0
2016-01-13,521,531,517,529,1.54,2677,1399719,0
2016-01-14,529,545,524,545,3.02,22823,12096491,0
2016-01-17,545,591,541,575,5.5,69927,39014552,0
2016-01-18,575,608,561,580,0.87,19463,11291000,0
2016-01-19,580,576,547,568,-2.07,15212,8613242,0
2016-01-20,568,615,579,593,4.4,53666,31675100,0
2016-01-21,593,600,577,583,-1.69,23814,13960635,0
2016-01-24,583,599,589,599,2.74,34629,20527496,0
2016-01-25,599,615,594,595,-0.67,7231,4345564,0
2016-01-26,595,601,593,595,0,16386,9752865,0
2016-01-27,595,590,580,585,-1.68,4958,2893376,0
2016-01-28,585,585,576,582,-0.51,6324,3664624,0
2016-01-31,582,590,571,574,-1.37,5068,2918430,0
2016-02-01,574,588,572,584,1.74,12969,7545537,0
2016-02-02,584,595,580,580,-0.68,7156,4168977,0
2016-02-03,580,580,572,574,-1.03,4671,2684609,0
2016-02-04,574,589,573,589,2.61,11203,6492736,0
2016-02-07,589,604,585,595,1.02,12440,7361320,0
2016-02-08,595,594,584,590,-0.84,10270,6059581,0
2016-02-11,590,590,580,580,-1.69,4680,2730671,0
2016-02-14,580,579,561,570,-1.72,7802,4436076,0
2016-02-15,570,590,555,590,3.51,10726,6061864,0
2016-02-16,590,600,571,576,-2.37,4767,2799893,0
2016-02-17,576,590,560,590,2.43,14601,8528821,0
2016-02-18,590,596,588,588,-0.34,20751,12270075,0
2016-02-21,588,598,585,590,0.34,21553,12728549,0
2016-02-22,590,595,585,590,0,6229,3688123,0
2016-02-23,590,609,585,605,2.54,16364,9764387,0
2016-02-24,605,603,590,595,-1.65,4249,2518299,0
2016-02-25,595,605,581,585,-1.68,5816,3430324,0
2016-02-28,585,595,587,590,0.85,10168,6007273,0
2016-02-29,590,590,586,589,-0.17,4735,2780790,0
2016-03-01,589,590,583,585,-0.68,4675,2730512,0
2016-03-02,585,609,580,599,2.39,3609,2136405,0
2016-03-03,599,620,590,617,3.01,31519,19177236,0
2016-03-06,617,635,610,630,2.11,22567,14134927,0
2016-03-10,630,693,640,693,10,69293,46707060,0
2016-03-13,693,734,700,707,2.02,133833,95856392,0
2016-03-14,707,715,665,672,-4.95,31398,21493116,0
2016-03-15,672,674,655,665,-1.04,14526,9613635,0
2016-03-16,665,679,655,674,1.35,9375,6249373,0
2016-03-17,674,672,665,665,-1.34,14604,9756375,0
2016-03-20,665,671,656,660,-0.75,16552,10983700,0
2016-03-21,660,666,648,648,-1.82,24495,16078607,0
2016-03-23,648,664,648,653,0.77,8568,5600722,0
2016-03-24,653,678,651,655,0.31,11367,7485528,0
2016-03-27,655,673,650,673,2.75,25338,16658204,0
2016-03-28,673,685,658,671,-0.3,16225,10830318,0
2016-03-29,671,673,657,669,-0.3,7922,5281524,0
2016-03-30,669,680,661,665,-0.6,8799,5864634,0
2016-03-31,665,663,655,658,-1.05,7572,4988530,0
2016-04-03,658,690,652,670,1.82,15676,10478399,0
2016-04-04,670,680,670,680,1.49,12643,8525338,0
2016-04-05,680,685,670,684,0.59,22777,15508820,0
2016-04-06,684,689,677,680,-0.58,17535,11952975,0
2016-04-10,680,685,670,671,-1.32,35135,23737440,0
2016-04-11,583,584,572,576,-14.16,2445,1409412,0
2016-04-12,576,565,560,560,-2.78,1071,603510,0
2016-04-14,560,591,560,591,5.54,3092,1771336,0
2016-04-17,591,602,582,595,0.68,7426,4379665,0
2016-04-18,595,612,570,612,2.86,12148,7248505,0
2016-04-19,612,605,590,599,-2.12,2370,1416095,0
2016-04-20,599,607,596,605,1,12246,7361983,0
2016-04-21,605,630,595,630,4.13,26726,16235359,0
2016-04-24,630,649,622,640,1.59,11906,7541497,0
2016-04-25,640,663,641,655,2.34,11479,7493199,0
2016-04-26,655,651,638,638,-2.6,6470,4155678,0
2016-04-27,638,655,632,647,1.41,10197,6611583,0
2016-04-28,647,651,638,638,-1.39,7618,4933592,0
2016-05-02,638,645,627,640,0.31,18127,11467485,0
2016-05-03,640,644,635,640,0,7259,4633403,0
2016-05-04,640,639,629,632,-1.25,5406,3414300,0
2016-05-05,632,632,610,632,0,6608,4139075,0
2016-05-08,632,644,617,634,0.32,5668,3564553,0
2016-05-09,634,663,640,649,2.37,20133,13029520,0
2016-05-10,649,659,637,642,-1.08,3444,2241677,0
2016-05-11,642,655,640,655,2.02,11538,7490374,0
2016-05-12,655,673,655,673,2.75,26491,17477536,0
2016-05-15,673,667,654,666,-1.04,4754,3149707,0
2016-05-16,666,663,653,663,-0.45,4406,2896216,0
2016-05-17,663,680,662,680,2.56,16189,10889112,0
2016-05-18,680,693,680,683,0.44,7927,5423667,0
2016-05-19,683,694,675,684,0.15,14300,9713996,0
2016-05-22,684,686,670,680,-0.58,2404,1636156,0
2016-05-23,680,690,677,685,0.74,14290,9764487,0
2016-05-24,685,695,685,690,0.73,7665,5286530,0
2016-05-25,690,692,671,682,-1.16,13438,9073302,0
2016-05-26,682,689,657,679,-0.44,5751,3902538,0
2016-05-29,679,679,660,679,0,10097,6749106,0
2016-05-30,679,679,665,666,-1.91,6432,4287041,0
2016-05-31,666,667,653,659,-1.05,7732,5098912,0
2016-06-01,659,665,648,656,-0.46,10461,6845190,0
2016-06-02,656,682,656,668,1.83,14888,9934706,0
2016-06-05,668,674,650,668,0,8658,5735256,0
2016-06-06,668,670,647,670,0.3,4113,2726752,0
2016-06-07,670,680,661,677,1.04,9201,6186237,0
2016-06-08,677,689,676,677,0,11892,8086110,0
2016-06-09,677,694,677,677,0,7948,5422602,0
2016-06-12,677,689,668,675,-0.3,4476,3027832,0
2016-06-13,675,710,680,700,3.7,40671,28383420,0
2016-06-14,700,725,710,721,3,35182,25298420,0
2016-06-15,721,723,712,720,-0.14,11057,7937373,0
2016-06-16,720,722,697,713,-0.97,14568,10267030,0
2016-06-19,713,714,693,705,-1.12,18341,12933260,0
2016-06-20,705,710,697,700,-0.71,10740,7545962,0
2016-06-21,700,720,700,703,0.43,9949,7022531,0
2016-06-22,703,728,706,720,2.42,11454,8181899,0
2016-06-23,720,720,696,702,-2.5,6052,4275171,0
2016-06-26,702,712,703,710,1.14,7223,5121182,0
2016-06-27,710,739,713,739,4.08,22093,15966204,0
2016-06-28,739,735,721,735,-0.54,12542,9154895,0
2016-06-29,735,732,724,727,-1.09,10899,7932804,0
2016-06-30,727,729,716,722,-0.69,19936,14451845,0
2016-07-03,722,720,713,719,-0.42,11526,8282487,0
2016-07-04,719,730,710,730,1.53,5677,4087850,0
2016-07-05,730,750,713,745,2.05,20430,14750377,0
2016-07-06,745,775,743,761,2.15,24816,18965190,0
2016-07-10,761,765,740,761,0,4691,3548440,0
2016-07-11,761,789,761,777,2.1,27375,21279724,0
2016-07-12,777,784,720,766,-1.42,8705,6641752,0
2016-07-13,766,768,740,760,-0.78,10620,8007271,0
2016-07-14,760,775,755,768,1.05,11763,8998421,0
2016-07-17,768,844,765,844,9.9,46553,38156848,0
2016-07-18,844,865,814,833,-1.3,28713,24282672,0
2016-07-19,833,899,830,888,6.6,53355,46055240,0
2016-07-20,888,976,900,976,9.91,73449,70610320,0
2016-07-21,976,1010,954,984,0.82,43680,42840236,0
2016-07-25,984,1065,985,1065,8.23,63729,64132380,0
2016-07-26,1065,1113,1045,1082,1.6,37909,40983128,0
2016-07-27,1082,1099,1035,1081,-0.09,40667,43100184,0
2016-07-28,1081,1069,1029,1060,-1.94,33191,34914372,0
2016-08-01,1038,1050,995,1030,-2.83,33867,34223096,0
2016-08-02,1030,1015,1000,1000,-2.91,58079,58488032,0
2016-08-04,1002,995,955,970,-3,30904,30373426,0
2016-08-07,970,1006,970,972,0.21,25130,25039876,0
2016-08-08,972,965,901,905,-6.89,16460,15371467,0
2016-08-09,905,995,923,995,9.94,3567,3473347,0
2016-08-10,995,1020,936,1010,1.51,53909,53784988,0
2016-08-11,1010,1020,992,1020,0.99,33089,33098280,0
2016-08-14,1020,1001,955,968,-5.1,20556,20035728,0
2016-08-15,968,1006,946,970,0.21,27993,27328436,0
2016-08-16,970,1001,970,985,1.55,30158,29962680,0
2016-08-17,985,1010,972,1000,1.52,16569,16601481,0
2016-08-21,1000,1013,985,995,-0.5,8813,8816939,0
2016-08-22,995,1000,962,964,-3.12,6697,6511253,0
2016-08-23,964,983,948,970,0.62,12823,12308227,0
2016-08-24,970,984,951,970,0,7338,7059284,0
2016-08-28,970,980,958,965,-0.52,5090,4924410,0
2016-08-29,965,995,965,983,1.87,14088,13758972,0
2016-08-30,983,1002,983,999,1.63,16862,16755667,0
2016-08-31,999,1005,985,999,0,19708,19578396,0
2016-09-01,999,1010,990,998,-0.1,15887,15973715,0
2016-09-03,998,1029,989,1020,2.2,13611,13681335,0
2016-09-04,998,1029,989,1020,0,13611,13681335,0
2016-09-05,1020,1056,1020,1043,2.25,34803,36427616,0
2016-09-06,1043,1055,1011,1028,-1.44,25608,26702176,0
2016-09-07,1028,1065,1011,1065,3.6,62511,65481612,0
2016-09-08,1065,1058,1040,1054,-1.03,15717,16504253,0
2016-09-11,1054,1075,1042,1050,-0.38,29449,30976284,0
2016-09-12,1050,1060,1048,1050,0,29095,30665684,0
2016-09-14,1050,1059,1046,1050,0,11695,12301220,0
2016-09-18,1050,1052,1035,1050,0,11307,11817951,0
2016-09-20,1050,1071,1040,1044,-0.57,42584,44752148,0
2016-09-21,1044,1045,1020,1025,-1.82,24012,24686690,0
2016-09-22,1025,1032,997,1019,-0.59,31362,31848766,0
2016-09-25,1019,1020,990,995,-2.36,114461,114824128,0
2016-09-26,697,690,659,675,-32.16,10691,7175950,0
2016-09-27,675,684,672,672,-0.44,4456,3015421,0
2016-09-28,672,677,670,672,0,1414,952154,0
2016-09-29,672,670,660,670,-0.3,3261,2179255,0
2016-10-02,670,684,670,680,1.49,4644,3147376,0
2016-10-03,680,690,670,672,-1.18,2351,1602075,0
2016-10-04,672,680,667,668,-0.6,7550,5062162,0
2016-10-05,668,680,667,680,1.8,1002,674106,0
2016-10-06,680,690,670,683,0.44,2238,1518931,0
2016-10-16,683,703,679,683,0,1795,1231305,0
2016-10-17,683,683,660,669,-2.05,3931,2631477,0
2016-10-18,669,675,661,670,0.15,1206,804747,0
2016-10-19,670,670,660,665,-0.75,3950,2620054,0
2016-10-20,665,677,661,669,0.6,2944,1967195,0
2016-10-23,669,665,655,655,-2.09,6226,4100594,0
2016-10-24,655,661,649,653,-0.31,7673,5004546,0
2016-10-25,653,650,640,645,-1.23,3856,2481779,0
2016-10-26,645,650,640,642,-0.47,4364,2809908,0
2016-10-27,642,645,630,638,-0.62,2964,1899283,0
2016-11-03,638,650,626,645,1.1,906,577224,0
2016-11-07,645,646,615,625,-3.1,1784,1127016,0
2016-11-08,625,630,605,610,-2.4,5340,3293823,0
2016-11-09,610,613,594,600,-1.64,5406,3247293,0
2016-11-10,600,607,596,600,0,4874,2927348,0
2016-11-13,600,610,598,600,0,7038,4235385,0
2016-11-14,600,609,595,600,0,6752,4045871,0
2016-11-15,600,612,590,596,-0.67,7995,4812885,0
2016-11-16,596,600,588,595,-0.17,4803,2861582,0
2016-11-17,595,595,580,580,-2.52,5087,2979229,0
2016-11-20,580,571,530,556,-4.14,6046,3314277,0
2016-11-21,556,565,541,555,-0.18,6653,3669875,0
2016-11-22,555,560,538,550,-0.9,6174,3389711,0
2016-11-23,550,540,520,525,-4.55,9827,5206229,0
2016-11-24,525,540,523,527,0.38,10536,5553951,0
2016-11-27,527,528,500,502,-4.74,14556,7400232,0
2016-11-28,502,535,480,525,4.58,20030,9903603,0
2016-11-29,525,560,505,555,5.71,6827,3685039,0
2016-11-30,555,589,550,576,3.78,17082,9590594,0
2016-12-01,576,590,556,575,-0.17,12639,7301002,0
2016-12-04,575,571,558,558,-2.96,3739,2095270,0
2016-12-05,558,558,530,545,-2.33,3418,1858251,0
2016-12-06,545,555,540,550,0.92,3030,1658237,0
2016-12-07,550,553,543,550,0,1850,1014612,0
2016-12-08,550,550,540,540,-1.82,4444,2408365,0
2016-12-11,540,541,529,530,-1.85,3290,1755127,0
2016-12-12,530,530,515,525,-0.94,1484,775586,0
2016-12-14,525,535,525,530,0.95,5246,2776288,0
2016-12-15,530,542,530,542,2.26,4365,2336919,0
2016-12-18,542,540,525,540,-0.37,6847,3651601,0
2016-12-19,540,535,520,520,-3.7,6963,3662720,0
2016-12-20,520,530,505,520,0,9974,5158258,0
2016-12-21,520,525,500,511,-1.73,6654,3429880,0
2016-12-22,511,513,506,513,0.39,8026,4103396,0
2016-12-26,513,510,497,497,-3.12,7763,3894717,0
2016-12-27,497,506,483,495,-0.4,10568,5233623,0
2016-12-28,495,505,495,498,0.61,5725,2863189,0
2016-12-29,498,526,502,526,5.62,19494,10089179,0
2017-01-01,526,555,535,545,3.61,18373,10076866,0
2017-01-02,545,560,545,545,0,19457,10709727,0
2017-01-03,545,550,530,530,-2.75,8202,4415197,0
2017-01-04,530,535,510,530,0,6130,3225775,0
2017-01-05,530,533,520,528,-0.38,8287,4378949,0
2017-01-08,528,529,520,524,-0.76,5593,2926079,0
2017-01-09,524,540,521,540,3.05,5545,2947042,0
2017-01-10,540,550,540,540,0,4148,2249676,0
2017-01-11,540,550,540,540,0,8359,4558612,0
2017-01-12,540,546,531,542,0.37,5428,2925146,0
2017-01-15,542,542,530,534,-1.48,2339,1253888,0
2017-01-16,534,536,527,527,-1.31,2058,1091490,0
2017-01-17,527,529,523,523,-0.76,3270,1719022,0
2017-01-18,523,530,520,520,-0.57,3386,1783070,0
2017-01-19,520,529,521,528,1.54,1913,1002025,0
2017-01-22,528,531,526,526,-0.38,2773,1466139,0
2017-01-23,526,524,520,520,-1.14,2679,1395359,0
2017-01-24,520,530,500,508,-2.31,7839,4008784,0
2017-01-25,508,505,480,490,-3.54,25727,12653108,0
2017-01-26,490,490,455,460,-6.12,33136,15482268,0
2017-01-30,460,465,442,442,-3.91,12799,5774559,0
2017-01-31,442,464,435,458,3.62,11409,5152834,0
2017-02-01,458,485,465,483,5.46,9886,4711204,0
2017-02-02,483,500,480,483,0,15620,7632898,0
2017-02-05,483,492,470,470,-2.69,3121,1489850,0
2017-02-06,470,468,455,455,-3.19,5122,2362049,0
2017-02-07,455,463,451,455,0,4245,1938381,0
2017-02-08,455,460,448,450,-1.1,9700,4386164,0
2017-02-09,450,453,440,445,-1.11,12428,5537810,0
2017-02-12,445,453,416,429,-3.6,11551,4886512,0
2017-02-13,429,443,413,440,2.56,11039,4662838,0
2017-02-14,440,447,424,437,-0.68,13085,5708474,0
2017-02-15,437,456,442,453,3.66,12899,5819825,0
2017-02-16,453,460,450,453,0,16259,7356534,0
2017-02-19,453,452,441,445,-1.77,23260,10365716,0
2017-02-20,445,455,440,440,-1.12,17150,7643190,0
2017-02-21,440,465,437,439,-0.23,18863,8376472,0
2017-02-22,439,442,430,434,-1.14,22813,9908821,0
2017-02-23,434,442,427,440,1.38,14367,6260776,0
2017-02-26,440,445,430,434,-1.36,6391,2788327,0
2017-02-28,434,426,417,421,-3,16732,7032221,0
2017-03-01,421,430,421,430,2.14,5008,2135041,0
2017-03-02,430,435,425,435,1.16,5828,2521303,0
2017-03-05,435,448,432,443,1.84,12347,5458931,0
2017-03-06,443,456,446,449,1.35,9615,4316175,0
2017-03-07,449,443,439,439,-2.23,5596,2467237,0
2017-03-09,439,452,444,445,1.37,3547,1583560,0
2017-03-13,445,450,440,440,-1.12,5870,2600359,0
2017-03-14,440,450,440,441,0.23,9273,4113210,0
2017-03-15,441,449,443,448,1.59,3091,1376749,0
2017-03-16,448,452,441,445,-0.67,9046,4012644,0
2017-03-19,445,454,445,451,1.35,10196,4592620,0
2017-03-20,451,465,455,461,2.22,16216,7455757,0
2017-03-21,461,484,460,484,4.99,26819,12587312,0
2017-03-22,484,515,485,492,1.65,45578,22838968,0
2017-03-23,492,514,493,511,3.86,42052,21317008,0
2017-03-26,511,562,512,562,9.98,86224,47708756,0
2017-03-28,562,606,573,595,5.87,63335,37423648,0
2017-03-29,595,615,550,565,-5.04,118955,68723664,0
2017-03-30,565,577,555,574,1.59,151987,86067072,0
2017-04-03,478,525,487,504,-12.2,86048,43752580,0
2017-04-04,504,508,480,495,-1.79,38622,19049502,0
2017-04-06,495,495,474,482,-2.63,42085,20121788,0
2017-04-09,482,485,470,472,-2.07,26361,12443931,0
2017-04-10,472,485,467,471,-0.21,24705,11622539,0
2017-04-11,471,494,470,489,3.82,29427,14275730,0
2017-04-12,489,500,480,480,-1.84,43976,21570036,0
2017-04-13,480,482,468,472,-1.67,25576,12157715,0
2017-04-16,472,481,457,460,-2.54,14433,6817342,0
2017-04-18,460,460,443,450,-2.17,26897,12146144,0
2017-04-19,450,469,453,463,2.89,15551,7173984,0
2017-04-20,463,483,463,465,0.43,32994,15564848,0
2017-04-23,465,511,472,472,1.51,45549,21857592,0
2017-04-24,472,474,466,469,-0.64,23133,10859181,0
2017-04-25,469,472,464,469,0,17195,8041381,0
2017-04-26,469,472,465,467,-0.43,9098,4257990,0
2017-04-27,467,475,463,466,-0.21,15743,7381184,0
2017-04-30,466,470,454,459,-1.5,18728,8571257,0
2017-05-02,459,468,445,461,0.44,22562,10244556,0
2017-05-03,461,478,457,461,0,13689,6359865,0
2017-05-04,461,478,454,460,-0.22,10579,4862372,0
2017-05-07,460,464,453,454,-1.3,5619,2567369,0
2017-05-08,454,465,446,460,1.32,16791,7593535,0
2017-05-09,460,461,452,457,-0.65,21081,9605186,0
2017-05-11,457,466,461,464,1.53,12423,5755865,0
2017-05-15,464,471,460,465,0.22,10542,4873562,0
2017-05-16,465,465,455,456,-1.94,7225,3308817,0
2017-05-17,456,460,454,455,-0.22,4811,2194661,0
2017-05-18,455,458,450,451,-0.88,6117,2771963,0
2017-05-21,451,460,444,450,-0.22,10460,4687103,0
2017-05-22,450,450,441,448,-0.44,3174,1418900,0
2017-05-23,448,455,443,450,0.45,6912,3118403,0
2017-05-24,450,456,448,455,1.11,11662,5282774,0
2017-05-28,455,455,445,450,-1.1,9086,4093677,0
2017-05-30,450,450,441,444,-1.33,7182,3193641,0
2017-05-31,444,455,439,450,1.35,8719,3870695,0
2017-06-01,450,459,444,446,-0.89,14518,6514331,0
2017-06-04,446,450,440,445,-0.22,10779,4796056,0
2017-06-05,445,450,443,443,-0.45,12176,5438368,0
2017-06-06,443,458,448,454,2.48,10899,4918322,0
2017-06-07,454,463,450,453,-0.22,14334,6502554,0
2017-06-08,453,452,444,449,-0.88,6842,3058885,0
2017-06-11,449,448,440,444,-1.11,7886,3493484,0
2017-06-12,444,446,434,445,0.23,9184,4039315,0
2017-06-13,445,444,435,435,-2.25,13963,6114368,0
2017-06-14,435,440,434,435,0,8869,3869751,0
2017-06-15,435,442,432,440,1.15,15064,6569564,0
2017-06-18,440,440,428,431,-2.05,19261,8290076,0
2017-06-19,431,431,417,427,-0.93,21359,9040694,0
2017-06-20,427,429,415,423,-0.94,12740,5380466,0
2017-06-21,423,425,417,421,-0.47,6334,2673676,0
2017-06-22,421,429,420,421,0,16465,6949115,0
2017-06-25,421,426,419,423,0.48,10516,4451695,0
2017-06-27,423,425,420,422,-0.24,11352,4795475,0
2017-06-28,422,428,415,428,1.42,10162,4287790,0
2017-07-02,428,430,419,428,0,14946,6315356,0
2017-07-03,428,430,420,423,-1.17,7794,3311499,0
2017-07-04,423,426,419,420,-0.71,13712,5768673,0
2017-07-05,420,425,419,425,1.19,11348,4786382,0
2017-07-06,425,437,425,437,2.82,18660,7970364,0
2017-07-09,437,446,430,441,0.92,20091,8794058,0
2017-07-10,441,440,430,433,-1.81,12785,5585373,0
2017-07-11,433,440,430,435,0.46,9864,4318391,0
2017-07-12,435,440,432,432,-0.69,8794,3825056,0
2017-07-13,432,437,430,435,0.69,12875,5549593,0
2017-07-16,435,435,430,433,-0.46,4465,1927023,0
2017-07-17,433,448,433,448,3.46,16129,7096066,0
2017-07-18,448,472,449,472,5.36,27796,12739662,0
2017-07-19,472,470,460,460,-2.54,21239,9884869,0
2017-07-20,460,465,454,461,0.22,10954,5040009,0
2017-07-23,461,465,455,459,-0.43,16709,7668931,0
2017-07-24,459,460,454,455,-0.87,13393,6112032,0
2017-07-25,455,461,454,458,0.66,16138,7380111,0
2017-07-26,458,460,448,450,-1.75,22953,10401083,0
2017-07-27,450,460,450,460,2.22,11335,5133609,0
2017-07-30,460,461,445,451,-1.96,9537,4331121,0
2017-07-31,451,459,450,453,0.44,12315,5598249,0
2017-08-01,453,469,450,454,0.22,9280,4235329,0
2017-08-02,454,456,453,454,0,12168,5532203,0
2017-08-03,454,459,450,453,-0.22,14097,6379143,0
2017-08-06,453,456,450,454,0.22,18930,8598441,0
2017-08-07,454,463,452,453,-0.22,11926,5419900,0
2017-08-09,453,460,444,450,-0.66,17516,7934355,0
2017-08-10,450,454,443,450,0,21245,9497817,0
2017-08-13,450,449,440,445,-1.11,14415,6423464,0
2017-08-15,445,446,441,441,-0.9,15104,6699557,0
2017-08-16,441,448,442,444,0.68,11304,5021857,0
2017-08-17,444,449,438,443,-0.23,23326,10279553,0
2017-08-20,443,444,435,440,-0.68,16054,7075869,0
2017-08-21,440,442,432,438,-0.45,5674,2474784,0
2017-08-22,438,442,436,441,0.68,12396,5447828,0
2017-08-23,441,442,438,441,0,7718,3396666,0
2017-08-24,441,453,434,443,0.45,11438,5093781,0
2017-08-27,443,451,443,446,0.68,3889,1732805,0
2017-08-28,446,452,444,446,0,7897,3519687,0
2017-08-30,446,443,435,438,-1.79,14820,6508340,0
2017-08-31,438,438,432,437,-0.23,15528,6769346,0
2017-09-04,437,439,426,430,-1.6,33009,14133477,0
2017-09-06,430,440,425,438,1.86,11603,4994219,0
2017-09-07,438,438,426,428,-2.28,34082,14711435,0
2017-09-10,428,431,423,425,-0.7,37704,16076730,0
2017-09-11,425,430,420,424,-0.24,17950,7592940,0
2017-09-12,424,426,420,421,-0.71,27903,11782776,0
2017-09-13,421,423,418,420,-0.24,32249,13538906,0
2017-09-14,420,447,419,447,6.43,42524,18361184,0
2017-09-17,447,459,438,447,0,49764,22001356,0
2017-09-18,447,452,443,443,-0.89,33400,14877419,0
2017-09-20,443,443,435,439,-0.9,10450,4599400,0
2017-09-24,439,443,439,441,0.46,3718,1638796,0
2017-09-25,441,448,440,448,1.59,2882,1272835,0
2017-09-26,448,449,443,448,0,5132,2286875,0
2017-10-03,448,453,446,453,1.12,3164,1415634,0
2017-10-04,453,450,437,440,-2.87,6475,2854121,0
2017-10-08,440,432,420,432,-1.82,15759,6712529,0
2017-10-09,432,433,425,431,-0.23,17649,7561101,0
2017-10-10,431,438,423,427,-0.93,19003,8118044,0
2017-10-11,427,431,425,428,0.23,11993,5132940,0
2017-10-12,428,435,428,429,0.23,5474,2357856,0
2017-10-15,429,433,427,433,0.93,5553,2393186,0
2017-10-16,433,451,434,442,2.08,18696,8294486,0
2017-10-17,442,450,436,449,1.58,12124,5388922,0
2017-10-18,449,450,438,444,-1.11,12688,5628714,0
2017-10-22,444,458,436,450,1.35,11183,5051656,0
2017-10-23,450,455,445,449,-0.22,12644,5695162,0
2017-10-24,449,452,445,448,-0.22,9549,4278475,0
2017-10-25,448,451,444,449,0.22,17137,7675865,0
2017-10-29,449,447,440,442,-1.56,7203,3185825,0
2017-10-30,442,443,437,437,-1.13,13723,6029799,0
2017-10-31,437,440,433,437,0,8889,3866223,0
2017-11-01,437,437,429,434,-0.69,6291,2725033,0
2017-11-02,434,442,430,440,1.38,8331,3632384,0
2017-11-05,440,440,424,430,-2.27,16936,7255084,0
2017-11-06,430,430,420,429,-0.23,29796,12642926,0
2017-11-07,429,436,420,422,-1.63,26141,11088659,0
2017-11-08,422,422,414,416,-1.42,17305,7217966,0
2017-11-09,416,427,412,415,-0.24,9434,3918031,0
2017-11-12,415,425,415,423,1.93,9098,3815462,0
2017-11-13,423,428,420,428,1.18,14684,6245012,0
2017-11-14,428,434,424,432,0.93,14580,6256963,0
2017-11-15,432,432,426,428,-0.93,3596,1544399,0
2017-11-16,428,435,420,420,-1.87,13740,5797379,0
2017-11-19,420,422,412,420,0,13373,5575148,0
2017-11-20,420,422,418,421,0.24,4579,1923518,0
2017-11-21,421,425,421,423,0.48,4762,2015105,0
2017-11-22,423,429,421,425,0.47,5998,2539736,0
2017-11-23,425,430,425,425,0,7260,3103718,0
2017-11-26,425,441,425,432,1.65,10953,4710293,0
2017-11-27,432,435,430,430,-0.46,6918,2983035,0
2017-11-28,430,432,425,431,0.23,12551,5401048,0
2017-11-29,431,439,430,436,1.16,19013,8283527,0
2017-11-30,436,438,431,437,0.23,10518,4566994,0
2017-12-04,437,437,430,435,-0.46,10306,4465824,0
2017-12-05,435,442,430,431,-0.92,6588,2837524,0
2017-12-06,431,437,426,435,0.93,9725,4204614,0
2017-12-10,435,451,428,430,-1.15,11646,5072147,0
2017-12-11,430,433,424,431,0.23,12873,5506814,0
2017-12-12,431,431,426,427,-0.93,15642,6693617,0
2017-12-13,427,431,421,428,0.23,4262,1812383,0
2017-12-14,428,433,424,425,-0.7,5967,2540238,0
2017-12-17,425,430,423,423,-0.47,6121,2599496,0
2017-12-18,423,426,422,426,0.71,4333,1839010,0
2017-12-19,426,426,421,424,-0.47,8052,3410220,0
2017-12-20,424,426,419,422,-0.47,3192,1350383,0
2017-12-21,422,423,417,420,-0.47,7557,3178267,0
2017-12-24,420,428,420,421,0.24,7917,3341185,0
2017-12-26,421,426,411,420,-0.24,7244,3040975,0
2017-12-27,420,418,408,415,-1.19,11368,4701950,0
2017-12-28,415,417,400,410,-1.2,9917,4064962,0
2017-12-31,410,409,400,402,-1.95,27546,11089087,0
2018-01-01,402,414,405,414,2.99,6665,2726955,0
2018-01-02,414,430,416,425,2.66,55870,23639632,0
2018-01-03,425,428,419,422,-0.71,15373,6515991,0
2018-01-04,422,421,416,421,-0.24,5788,2425843,0
2018-01-07,421,429,416,423,0.48,18051,7598573,0
2018-01-08,423,430,420,425,0.47,8389,3558019,0
2018-01-09,425,427,422,425,0,7302,3105363,0
2018-01-10,425,427,421,425,0,7277,3089550,0
2018-01-14,425,427,417,420,-1.18,10523,4415231,0
2018-01-16,420,421,415,417,-0.71,4270,1778362,0
2018-01-17,417,417,409,413,-0.96,6401,2647102,0
2018-01-21,413,420,413,419,1.45,21733,9065805,0
2018-01-22,419,422,418,420,0.24,18056,7571323,0
2018-01-23,420,421,415,416,-0.95,15725,6564115,0
2018-01-24,416,420,412,419,0.72,14131,5896929,0
2018-01-25,419,420,417,420,0.24,13110,5476669,0
2018-01-28,420,423,415,415,-1.19,49337,20640168,0
2018-01-29,346,347,340,340,-18.07,8266,2828715,0
2018-01-31,340,344,340,344,1.18,4790,1636893,0
2018-02-01,344,345,343,344,0,6191,2133740,0
2018-02-04,344,350,342,350,1.74,8959,3116418,0
2018-02-05,350,350,342,342,-2.29,8109,2793340,0
2018-02-06,342,347,340,347,1.46,5214,1780333,0
2018-02-07,347,346,341,342,-1.44,5012,1715421,0
2018-02-08,342,345,336,342,0,3523,1208072,0
2018-02-11,342,343,341,342,0,1760,601865,0
2018-02-12,342,342,340,340,-0.58,3785,1289922,0
2018-02-14,340,342,335,340,0,4167,1408438,0
2018-02-15,340,350,341,350,2.94,7548,2607158,0
2018-02-18,355,359,348,350,0,11904,4191852,0
2018-02-20,350,351,340,340,-2.86,6728,2317045,-1
2018-02-21,341,341,339,340,0,2461,836966,0
2018-02-22,341,342,338,340,0,4099,1394160,0
2018-02-25,342,342,335,338,-0.59,3932,1323562,-1
2018-02-26,337,337,335,335,-0.89,4951,1661667,-1
2018-02-27,334,342,332,338,0.9,4409,1484882,1
2018-02-28,338,339,334,334,-1.18,13018,4369744,-1
2018-03-04,328,330,325,328,-1.8,16726,5461805,-1
2018-03-05,329,330,323,324,-1.22,16594,5384502,-1
2018-03-06,320,328,320,327,0.93,5748,1861617,1
2018-03-07,327,333,327,330,0.92,6817,2256339,1
2018-03-11,331,331,326,326,-1.21,6491,2131371,-1
2018-03-12,326,331,326,328,0.61,10231,3365920,1
2018-03-13,328,333,327,333,1.52,8561,2828509,1
2018-03-14,330,335,328,335,0.6,8410,2787208,1
2018-03-15,330,337,330,335,0,10440,3496620,0
2018-03-18,339,339,333,334,-0.3,5791,1934030,-1
2018-03-19,335,335,325,325,-2.69,5937,1939750,-1
2018-03-20,321,327,321,323,-0.62,2133,689613,-1
2018-03-21,317,321,314,316,-2.17,11081,3509629,-1
2018-03-22,319,320,310,316,0,6600,2077888,0
2018-03-26,310,313,299,300,-5.06,10390,3161312,-1
2018-03-27,306,326,283,316,5.33,16469,4927113,1
2018-03-28,316,317,307,311,-1.58,12154,3801930,-1
2018-03-29,311,320,311,318,2.25,8252,2610653,1
2018-04-01,320,320,308,313,-1.57,6979,2181409,-1
2018-04-02,314,318,310,314,0.32,6267,1957517,1
2018-04-03,310,318,310,315,0.32,3431,1080948,1
2018-04-04,316,326,315,325,3.17,12813,4139091,1
2018-04-05,330,335,321,331,1.85,22167,7296728,1
2018-04-08,333,348,331,340,2.72,17000,5765359,1
2018-04-09,341,346,334,335,-1.47,13810,4682890,-1
2018-04-10,330,337,325,334,-0.3,6099,2023472,-1
2018-04-11,332,335,328,335,0.3,5135,1702717,1
2018-04-12,336,340,332,337,0.6,9067,3064628,1
2018-04-15,335,340,326,340,0.89,7648,2538264,1
2018-04-16,340,341,335,338,-0.59,5765,1952451,-1
2018-04-17,340,343,336,337,-0.3,17345,5875128,-1
2018-04-18,340,354,337,345,2.37,17497,6018812,1
2018-04-19,351,353,347,351,1.74,24467,8591259,1
2018-04-22,352,370,352,369,5.13,36790,13381295,1
2018-04-23,376,382,360,360,-2.44,39505,14550792,-1
2018-04-24,355,365,345,359,-0.28,16417,5863413,-1
2018-04-25,360,360,351,352,-1.95,10118,3576536,-1
2018-04-26,353,354,345,348,-1.14,10047,3496945,-1
2018-04-29,342,348,337,344,-1.15,10608,3637412,-1
2018-05-02,340,342,338,341,-0.87,5447,1851294,-1
2018-05-03,343,352,343,346,1.47,9858,3429602,1
2018-05-06,346,346,343,343,-0.87,9671,3330659,-1
2018-05-07,340,345,339,343,0,6251,2139147,0
2018-05-08,343,343,340,343,0,5181,1766629,0
2018-05-09,345,347,344,344,0.29,6849,2366426,1
2018-05-10,340,346,337,343,-0.29,11575,3945761,-1
2018-05-14,339,344,338,341,-0.58,4201,1434612,-1
2018-05-15,341,342,337,339,-0.59,2916,987956,-1
2018-05-16,338,344,337,341,0.59,3039,1034751,1
2018-05-17,342,343,339,339,-0.59,6983,2384710,-1
2018-05-20,342,344,338,340,0.29,9261,3153251,1
2018-05-21,335,340,335,340,0,10925,3694072,0
2018-05-22,335,340,335,337,-0.88,6973,2356133,-1
2018-05-23,340,340,334,334,-0.89,8116,2724352,-1
2018-05-24,335,338,335,335,0.3,5963,2000585,1
2018-05-27,335,335,330,332,-0.9,6118,2031966,-1
2018-05-28,330,347,328,340,2.41,5764,1932420,1
2018-05-29,340,342,334,337,-0.88,9698,3277168,-1
2018-05-30,337,340,335,340,0.89,11065,3743869,1
2018-05-31,340,340,337,339,-0.29,8381,2838507,-1
2018-06-03,335,336,326,330,-2.65,14980,4957981,-1
2018-06-04,326,331,324,329,-0.3,6154,2011614,-1
2018-06-06,332,340,332,336,2.13,3379,1135007,1
2018-06-07,336,336,325,327,-2.68,3481,1144588,-1
2018-06-10,327,327,314,317,-3.06,9920,3149847,-1
2018-06-11,317,326,316,323,1.89,5594,1785266,1
2018-06-12,319,323,317,320,-0.93,3235,1035928,-1
2018-06-13,320,322,316,318,-0.63,3924,1252218,-1
2018-06-14,319,324,319,321,0.94,3956,1273859,1
2018-06-17,320,320,314,320,-0.31,1083,342522,-1
2018-06-18,320,320,310,320,0,6878,2154552,0
2018-06-19,322,322,316,316,-1.25,3309,1049133,-1
2018-06-20,314,314,309,312,-1.27,5309,1648950,-1
2018-06-21,310,316,310,310,-0.64,9336,2916902,-1
2018-06-24,306,317,306,314,1.29,3045,952280,1
2018-06-25,316,316,311,313,-0.32,3561,1112513,-1
2018-06-26,311,313,307,311,-0.64,7623,2363209,-1
2018-06-27,310,312,308,311,0,1402,434695,0
2018-06-28,310,312,308,312,0.32,10595,3294320,1
2018-07-01,311,311,305,305,-2.24,5338,1635939,-1
2018-07-02,300,308,299,305,0,4610,1399846,0
2018-07-03,302,308,302,305,0,3991,1216907,0
2018-07-04,305,310,300,309,1.31,8901,2722256,1
2018-07-05,312,318,311,318,2.91,2638,831225,1
2018-07-08,317,321,316,316,-0.63,9349,2977036,-1
2018-07-09,316,316,308,310,-1.9,4364,1359099,-1
2018-07-10,311,314,310,313,0.97,47740,14801288,1
2018-07-11,315,317,310,312,-0.32,40507,12590795,-1
2018-07-12,313,315,310,310,-0.64,12730,3959540,-1
2018-07-15,309,314,309,311,0.32,2890,900469,1
2018-07-16,311,315,311,314,0.96,32979,10348996,1
2018-07-17,316,317,315,315,0.32,1983,625393,1
2018-07-18,315,317,313,317,0.63,3133,986121,1
2018-07-19,316,317,311,315,-0.63,6170,1941530,-1
2018-07-22,314,316,313,314,-0.32,8337,2621323,-1
2018-07-23,314,317,313,313,-0.32,3905,1228033,-1
2018-07-24,313,318,313,313,0,7297,2301641,0
2018-07-25,315,315,311,314,0.32,6281,1964546,1
2018-07-26,314,315,313,315,0.32,5608,1760548,1
2018-07-29,318,319,315,318,0.95,9058,2864572,1
2018-07-30,316,319,315,319,0.31,5984,1893378,1
2018-07-31,319,321,318,321,0.63,7541,2409044,1
2018-08-01,319,323,319,322,0.31,9526,3068018,1
2018-08-02,322,327,321,327,1.55,5188,1679864,1
2018-08-05,327,328,325,328,0.31,3712,1212817,1
2018-08-06,328,328,325,326,-0.61,9520,3097930,-1
2018-08-07,325,326,324,326,0,4342,1408593,0
2018-08-08,325,327,322,325,-0.31,1567,507941,-1
2018-08-09,322,325,319,325,0,5748,1845495,0
2018-08-12,322,322,313,320,-1.54,3439,1089860,-1
2018-08-13,315,319,315,317,-0.94,2778,880111,-1
2018-08-14,317,324,317,324,2.21,6036,1929291,1
2018-08-15,326,343,326,339,4.63,37824,12610377,1
2018-08-16,344,345,335,340,0.29,25581,8716335,1
2018-08-19,344,344,338,338,-0.59,21370,7262350,-1
2018-08-20,340,340,332,335,-0.89,14359,4793035,-1
2018-08-21,335,335,331,333,-0.6,8787,2926568,-1
2018-08-22,335,344,331,344,3.3,3613,1202035,1
2018-08-23,338,338,333,335,-2.62,7504,2509987,-1
2018-08-26,335,337,330,333,-0.6,3588,1191503,-1
2018-08-28,333,335,330,333,0,7354,2440995,0
2018-08-29,334,334,330,331,-0.6,6392,2115838,-1
2018-08-30,331,335,331,334,0.91,9985,3324675,1
2018-09-02,333,340,333,340,1.8,9661,3250843,1
2018-09-03,336,347,336,342,0.59,15425,5299787,1
2018-09-04,340,347,340,344,0.58,17187,5922672,1
2018-09-05,341,362,341,356,3.49,29704,10487643,1
2018-09-06,360,368,350,352,-1.12,33936,12121035,-1
2018-09-09,353,353,346,346,-1.7,7740,2699031,-1
2018-09-10,346,346,340,342,-1.16,4112,1413271,-1
2018-09-11,340,350,340,345,0.88,4778,1658010,1
2018-09-12,345,355,345,352,2.03,12667,4433730,1
2018-09-13,352,359,351,359,1.99,20006,7079797,1
2018-09-16,360,377,356,367,2.23,53133,19495816,1
2018-09-17,367,370,359,360,-1.91,21307,7702269,-1
2018-09-18,358,362,357,359,-0.28,9249,3326117,-1
2018-09-20,352,364,352,359,0,9880,3560226,0
2018-09-23,364,364,357,361,0.56,19281,6965783,1
2018-09-25,361,373,361,371,2.49,44925,16546069,1
2018-09-26,372,375,364,365,-1.62,18655,6883797,-1
2018-09-27,365,370,365,365,0,14911,5477305,0
2018-09-30,362,366,361,361,-1.1,11183,4056016,-1
2018-10-01,358,362,352,352,-2.49,21976,7847500,-1
2018-10-02,352,358,352,353,0.28,12983,4605484,1
2018-10-03,352,354,347,347,-1.7,28516,9964261,-1
2018-10-04,350,350,345,348,0.29,15025,5220906,1
2018-10-07,345,348,344,344,-1.15,10164,3510504,-1
2018-10-08,344,357,344,349,1.45,9581,3332671,1
2018-10-09,350,350,347,347,-0.57,9551,3329450,-1
2018-10-10,347,348,345,347,0,6502,2251599,0
2018-10-11,349,352,346,350,0.86,10534,3684791,1
2018-10-14,352,358,350,357,2,12769,4518296,1
2018-10-15,364,364,354,354,-0.84,11617,4142312,-1
2018-10-21,361,361,355,355,0.28,3483,1241372,1
2018-10-22,355,355,352,355,0,3196,1132136,0
2018-10-23,355,358,354,358,0.85,6474,2298042,1
2018-10-24,355,358,353,358,0,3065,1090911,0
2018-10-25,358,358,355,357,-0.28,5436,1935652,-1
2018-10-28,355,355,350,353,-1.12,11851,4169346,-1
2018-10-29,350,351,348,350,-0.85,8152,2848363,-1
2018-10-30,349,354,348,352,0.57,11760,4125176,1
2018-10-31,359,355,350,352,0,9391,3301581,0
2018-11-01,350,352,350,352,0,6758,2373718,0
2018-11-04,350,353,348,348,-1.14,15056,5270628,-1
2018-11-05,348,352,348,349,0.29,10438,3650891,1
2018-11-06,349,354,348,354,1.43,1030,364620,1
2018-11-11,354,356,352,352,-0.56,3083,1088481,-1
2018-11-12,349,352,347,348,-1.14,1885,656791,-1
2018-11-13,349,351,348,349,0.29,3940,1379311,1
2018-11-14,349,352,349,350,0.29,1763,617198,1
2018-11-15,350,351,348,349,-0.29,5701,1993336,-1
2018-11-18,347,347,343,345,-1.15,6006,2070045,-1
2018-11-19,347,347,344,346,0.29,5455,1882026,1
2018-11-20,349,349,342,347,0.29,2001,688135,1
2018-11-21,353,353,342,343,-1.15,6780,2333168,-1
2018-11-22,340,345,340,344,0.29,6445,2217675,1
2018-11-25,345,345,341,341,-0.87,8678,2973479,-1
2018-11-26,340,340,335,339,-0.59,5374,1819930,-1
2018-11-27,338,346,338,340,0.29,5914,2015501,1
2018-11-28,340,340,339,340,0,2677,909102,0
2018-11-29,337,340,336,338,-0.59,6964,2348674,-1
2018-12-02,335,336,329,333,-1.48,9756,3232404,-1
2018-12-03,332,335,329,330,-0.9,9202,3048582,-1
2018-12-04,326,335,326,334,1.21,2973,988616,1
2018-12-05,340,340,326,329,-1.5,21447,7063344,-1
2018-12-06,323,331,320,327,-0.61,8394,2724034,-1
2018-12-09,327,335,327,335,2.45,2982,982730,1
2018-12-10,334,340,330,335,0,5830,1958343,0
2018-12-11,335,339,333,336,0.3,3705,1242067,1
2018-12-12,341,341,337,337,0.3,990,335180,1
2018-12-13,337,345,335,338,0.3,5226,1774269,1
2018-12-16,344,344,341,344,1.78,18570,6353690,1
2018-12-17,341,355,340,355,3.2,5225,1824890,1
2018-12-18,355,355,343,344,-3.1,10127,3507399,-1
2018-12-19,344,345,342,343,-0.29,3717,1275257,-1
2018-12-20,347,351,346,349,1.75,14032,4890441,1
2018-12-23,355,362,352,357,2.29,16974,6027783,1
2018-12-24,361,362,352,357,0,14350,5113123,0
2018-12-25,352,353,351,353,-1.12,8383,2949174,-1
2018-12-26,353,362,352,362,2.55,22157,7935447,1
2018-12-27,362,365,358,359,-0.83,36773,13261233,-1
2018-12-30,359,359,351,351,-2.23,11317,3996299,-1
2018-12-31,350,352,347,349,-0.57,14754,5143638,-1
2019-01-01,346,350,344,346,-0.86,22211,7679732,-1
2019-01-02,347,347,345,345,-0.29,7467,2579702,-1
2019-01-03,340,348,340,345,0,7294,2525136,0
2019-01-06,348,352,344,344,-0.29,9776,3397795,-1
2019-01-07,344,350,344,346,0.58,2680,927285,1
2019-01-08,347,349,347,349,0.87,8069,2806308,1
2019-01-09,349,351,348,348,-0.29,8599,3009488,-1
2019-01-10,354,354,348,350,0.57,4955,1731162,1
2019-01-13,357,357,346,349,-0.29,22250,7819638,-1
2019-01-14,350,351,348,350,0.29,20430,7119464,1
2019-01-15,348,350,348,350,0,7663,2680602,0
2019-01-16,350,351,348,350,0,9525,3331492,0
2019-01-17,347,350,345,345,-1.43,3486,1211240,-1
2019-01-20,345,345,341,345,0,3502,1200568,0
2019-01-21,345,346,340,342,-0.87,6616,2261498,-1
2019-01-22,338,343,337,343,0.29,5188,1766808,1
2019-01-23,343,344,342,343,0,2273,779371,0
2019-01-24,344,344,342,342,-0.29,16140,5534274,-1
2019-01-27,342,342,339,339,-0.88,4235,1440935,-1
2019-01-28,339,345,338,342,0.88,8647,2942284,1
2019-01-29,342,342,340,341,-0.29,2612,890323,-1
2019-01-30,340,341,339,339,-0.59,3892,1321885,-1
2019-01-31,342,342,339,339,0,5850,1987034,0
2019-02-03,337,340,337,338,-0.29,12977,4394242,-1
2019-02-04,338,340,335,339,0.3,13265,4473593,1
2019-02-05,340,340,338,338,-0.29,5648,1918507,-1
2019-02-06,352,352,335,335,-0.89,6099,2052857,-1
2019-02-07,330,337,330,334,-0.3,5500,1833345,-1
2019-02-10,335,335,330,332,-0.6,6098,2020161,-1
2019-02-11,328,335,328,332,0,6268,2083996,0
2019-02-12,330,333,330,332,0,5722,1891110,0
2019-02-13,330,332,329,329,-0.9,13830,4573349,-1
2019-02-14,331,331,327,330,0.3,13107,4305232,1
2019-02-17,330,336,328,330,0,18875,6240959,0
2019-02-18,328,330,325,329,-0.3,9327,3059976,-1
2019-02-19,324,333,324,333,1.22,3150,1037416,1
2019-02-20,333,333,329,329,-1.2,2685,885805,-1
2019-02-21,329,335,329,333,1.22,9054,3009340,1
2019-02-24,333,333,329,330,-0.9,6833,2254037,-1
2019-02-25,332,333,327,331,0.3,15959,5247484,1
2019-02-26,331,334,331,332,0.3,18064,5988178,1
2019-02-27,330,335,330,333,0.3,27442,9131780,1
2019-03-03,308,308,291,294,-6.41,14076,4152484,-1
2019-03-05,291,294,291,292,-0.68,5732,1676605,-1
2019-03-06,292,293,290,292,0,2085,607485,0
2019-03-07,292,294,290,294,0.68,8624,2525631,1
2019-03-10,294,294,292,294,0,2777,812277,0
2019-03-11,298,301,295,298,1.36,9999,2968677,1
2019-03-12,300,306,298,305,2.35,16058,4841461,1
2019-03-13,305,306,300,303,-0.66,14926,4535107,-1
2019-03-14,301,303,296,302,-0.33,6707,2011744,-1
2019-03-17,303,305,300,302,0,8247,2493508,0
2019-03-18,303,304,301,301,-0.33,10211,3081183,-1
2019-03-19,301,301,298,298,-1,3883,1161810,-1
2019-03-21,297,300,296,296,-0.67,3230,958182,-1
2019-03-24,299,299,293,293,-1.01,8327,2456898,-1
2019-03-25,294,298,292,294,0.34,8653,2542696,1
2019-03-26,298,298,293,294,0,10218,3004027,0
2019-03-27,296,299,293,294,0,4409,1297607,0
2019-03-28,298,298,292,294,0,9227,2717238,0
2019-03-31,296,296,293,295,0.34,11187,3297517,1
2019-04-01,295,297,292,297,0.68,12690,3727397,1
2019-04-02,299,304,299,302,1.68,15332,4614974,1
2019-04-03,301,307,301,305,0.99,15802,4801499,1
2019-04-04,305,305,301,304,-0.33,11579,3514973,-1
2019-04-07,301,309,298,309,1.64,11864,3608242,1
2019-04-08,311,320,310,316,2.27,21933,6888574,1
2019-04-09,311,318,311,311,-1.58,21533,6760574,-1
2019-04-10,312,314,310,312,0.32,8299,2589517,1
2019-04-11,313,319,313,315,0.96,22147,6995031,1
2019-04-15,313,318,313,318,0.95,11551,3644602,1
2019-04-16,313,327,313,326,2.52,17829,5743883,1
2019-04-17,332,338,326,338,3.68,24403,8139156,1
2019-04-18,341,350,336,350,3.55,49470,17024356,1
2019-04-21,350,350,343,348,-0.57,28028,9683001,-1
2019-04-22,353,353,336,342,-1.72,19348,6651134,-1
2019-04-23,346,346,340,346,1.17,17832,6131042,1
2019-04-24,342,354,341,354,2.31,68938,24151432,1
2019-04-25,354,389,354,388,9.6,145400,54368456,1
2019-04-28,395,410,389,395,1.8,111393,44012948,1
2019-04-29,395,395,383,389,-1.52,45136,17504758,-1
2019-04-30,389,391,382,390,0.26,27561,10693644,1
2019-05-02,383,387,381,385,-1.28,24698,9481016,-1
2019-05-05,385,385,376,379,-1.56,55477,21102432,-1
2019-05-06,377,388,374,388,2.37,40670,15477317,1
2019-05-07,390,390,384,389,0.26,39057,15128947,1
2019-05-08,388,390,384,388,-0.26,35169,13592595,-1
2019-05-09,394,396,386,388,0,94677,36879424,0
2019-05-12,387,390,384,390,0.52,17340,6710113,1
2019-05-13,390,391,384,386,-1.03,20540,7973653,-1
2019-05-14,388,421,388,416,7.77,194265,78698608,1
2019-05-15,417,447,416,438,5.29,133601,57604100,1
2019-05-16,445,445,421,421,-3.88,112016,48120932,-1
2019-05-19,425,430,416,422,0.24,67027,28287316,1
2019-05-20,430,432,416,418,-0.95,59854,25421000,-1
2019-05-21,421,422,413,418,0,42776,17914836,0
2019-05-22,420,426,418,424,1.44,92882,39158540,1
2019-05-23,427,438,426,431,1.65,97795,42269148,1
2019-05-26,432,434,423,425,-1.39,50429,21534332,-1
2019-05-27,419,426,419,422,-0.71,44153,18639138,-1
2019-05-28,428,428,420,421,-0.24,13321,5614326,-1
2019-05-29,422,426,420,424,0.71,54281,22860672,1
2019-05-30,437,451,426,428,0.94,94006,40819612,1
2019-06-02,433,433,420,422,-1.4,29715,12545548,-1
2019-06-03,430,430,414,414,-1.9,64123,26762824,-1
2019-06-04,415,420,414,416,0.48,48716,20235238,1
2019-06-06,418,418,413,413,-0.72,25497,10575644,-1
2019-06-10,413,416,411,412,-0.24,33018,13633201,-1
2019-06-11,412,417,412,416,0.97,62742,25967296,1
2019-06-12,413,415,411,415,-0.24,17469,7220128,-1
2019-06-13,412,415,411,411,-0.96,30086,12412971,-1
2019-06-16,411,411,404,404,-1.7,44708,18167620,-1
2019-06-17,404,406,402,403,-0.25,42955,17362298,-1
2019-06-18,403,405,401,402,-0.25,24044,9692672,-1
2019-06-19,402,404,400,404,0.5,23061,9290711,1
2019-06-20,409,409,403,406,0.5,11029,4473915,1
2019-06-23,405,407,403,405,-0.25,6869,2783450,-1
2019-06-24,403,413,403,411,1.48,37528,15355103,1
2019-06-25,413,417,411,416,1.22,25298,10492517,1
2019-06-26,418,418,412,413,-0.72,17369,7178981,-1
2019-06-27,413,413,410,413,0,18552,7645088,0
2019-06-30,413,413,406,407,-1.45,11120,4556249,-1
2019-07-01,408,408,404,405,-0.49,12593,5116376,-1
2019-07-02,404,413,404,410,1.23,21391,8710902,1
2019-07-03,408,415,407,414,0.98,24200,9954921,1
2019-07-04,415,415,410,411,-0.72,16330,6718284,-1
2019-07-07,408,410,407,408,-0.73,30964,12640382,-1
2019-07-08,410,410,405,406,-0.49,29244,11881049,-1
2019-07-09,402,407,401,405,-0.25,9165,3709286,-1
2019-07-10,405,407,402,407,0.49,26313,10659137,1
2019-07-11,407,410,405,405,-0.49,19978,8131280,-1
2019-07-14,411,411,405,406,0.25,10033,4077461,1
2019-07-15,406,408,405,406,0,9018,3661194,0
2019-07-16,426,426,406,409,0.74,8675,3551664,1
2019-07-17,408,418,408,417,1.96,29854,12373748,1
2019-07-18,413,423,413,418,0.24,20493,8606616,1
2019-07-21,414,417,411,414,-0.96,14478,5983850,-1
2019-07-22,414,419,414,416,0.48,19276,8027232,1
2019-07-23,418,435,418,435,4.57,105508,45122368,1
2019-07-24,435,435,428,433,-0.46,61735,26669384,-1
2019-07-25,433,434,427,430,-0.69,97104,41832808,-1
2019-07-28,423,429,422,425,-1.16,96129,40824304,-1
2019-07-29,425,430,425,427,0.47,35679,15252712,1
2019-07-30,426,431,426,429,0.47,31788,13636050,1
2019-07-31,422,433,422,431,0.47,42713,18385720,1
2019-08-01,436,436,429,430,-0.23,37084,15978023,-1
2019-08-04,429,438,424,437,1.63,68518,29635044,1
2019-08-05,433,437,431,433,-0.92,44680,19438244,-1
2019-08-06,441,442,430,432,-0.23,196356,85441368,-1
2019-08-07,426,439,426,435,0.69,56560,24597260,1
2019-08-08,435,435,429,431,-0.92,34679,14952091,-1
2019-08-11,430,431,428,430,-0.23,25832,11083039,-1
2019-08-12,433,433,429,431,0.23,20621,8874359,1
2019-08-13,431,437,428,428,-0.7,17896,7684296,-1
2019-08-14,426,430,425,429,0.23,13082,5611375,1
2019-08-15,427,433,425,430,0.23,36318,15617733,1
2019-08-18,430,433,429,430,0,36698,15791949,0
2019-08-19,431,434,429,431,0.23,38717,16664649,1
2019-08-20,431,432,427,427,-0.93,17383,7450235,-1
2019-08-21,425,430,425,429,0.47,20878,8931846,1
2019-08-22,429,430,425,428,-0.23,28290,12073166,-1
2019-08-25,423,427,423,427,-0.23,20297,8636520,-1
2019-08-26,430,430,425,425,-0.47,16088,6848352,-1
2019-08-27,425,429,424,426,0.24,14181,6053544,1
2019-08-28,424,427,424,425,-0.23,21023,8939417,-1
2019-08-29,427,427,423,426,0.24,11405,4854431,1
2019-09-01,428,428,421,421,-1.17,17893,7593805,-1
2019-09-02,424,424,414,417,-0.95,43531,18214196,-1
2019-09-03,415,426,412,424,1.68,36698,15343752,1
2019-09-04,425,429,420,426,0.47,22525,9586617,1
2019-09-05,425,427,425,425,-0.23,15371,6543883,-1
2019-09-08,427,427,421,422,-0.71,8733,3685227,-1
2019-09-09,425,425,416,418,-0.95,19723,8242341,-1
2019-09-10,416,419,416,418,0,21628,9039366,0
2019-09-11,417,420,416,418,0,22008,9201997,0
2019-09-12,418,420,416,416,-0.48,27640,11560120,-1
2019-09-15,415,418,413,413,-0.72,18691,7745284,-1
2019-09-16,413,414,408,408,-1.21,23477,9632318,-1
2019-09-17,410,418,410,418,2.45,22549,9341043,1
2019-09-18,420,423,419,423,1.2,28150,11843459,1
2019-09-19,425,425,419,419,-0.95,11420,4808885,-1
2019-09-22,413,415,412,414,-1.19,14749,6101767,-1
2019-09-23,413,415,412,414,0,17256,7132414,0
2019-09-24,411,412,410,412,-0.48,8687,3571384,-1
2019-09-25,407,412,407,412,0,11862,4876169,0
2019-09-26,412,412,409,410,-0.49,13312,5460769,-1
2019-09-29,410,418,407,418,1.95,23666,9660085,1
2019-09-30,412,415,411,415,-0.72,9318,3850246,-1
2019-10-01,412,418,412,417,0.48,11045,4591929,1
2019-10-02,417,417,411,411,-1.44,3711,1533696,-1
2019-10-03,415,418,415,416,1.22,3319,1382343,1
2019-10-10,413,415,412,415,-0.24,1419,588663,-1
2019-10-14,415,415,409,410,-1.2,15531,6379450,-1
2019-10-15,412,416,410,413,0.73,34190,14041612,1
2019-10-20,412,414,411,413,0,11108,4588978,0
2019-10-21,412,415,411,412,-0.24,13609,5614798,-1
2019-10-22,411,413,409,411,-0.24,7228,2965213,-1
2019-10-23,415,416,411,413,0.49,2992,1233519,1
2019-10-24,415,416,412,414,0.24,9027,3743021,1
2019-10-31,411,417,410,413,-0.24,4949,2045232,-1
2019-11-03,412,413,410,412,-0.24,4909,2018398,-1
2019-11-04,414,414,410,413,0.24,13907,5720752,1
2019-11-05,415,416,413,416,0.73,12478,5166249,1
2019-11-06,415,417,415,415,-0.24,16754,6966192,-1
2019-11-07,417,417,414,415,0,18305,7596806,0
2019-11-10,414,419,410,419,0.96,11958,4968204,1
2019-11-11,414,421,414,421,0.48,3581,1494243,1
2019-11-12,425,425,417,417,-0.95,12550,5243574,-1
2019-11-13,414,417,413,416,-0.24,23563,9781256,-1
2019-11-14,417,417,415,417,0.24,18775,7799457,1
2019-11-17,420,423,410,415,-0.48,11182,4636886,-1
2019-11-18,415,418,415,418,0.72,52113,21663468,1
2019-11-19,420,420,415,416,-0.48,21222,8812035,-1
2019-11-20,415,418,415,416,0,12638,5262075,0
2019-11-21,418,418,408,412,-0.96,9107,3750461,-1
2019-11-24,409,410,404,404,-1.94,14677,5970416,-1
2019-11-25,405,412,404,409,1.24,5669,2300207,1
2019-11-26,410,410,402,405,-0.98,11131,4527014,-1
2019-11-27,403,409,403,409,0.99,5247,2134304,1
2019-11-28,409,409,404,404,-1.22,5609,2273029,-1
2019-12-01,405,405,402,404,0,5892,2378496,0
2019-12-02,404,405,400,403,-0.25,17229,6915001,-1
2019-12-03,401,403,401,401,-0.5,6534,2626827,-1
2019-12-04,401,406,401,405,1,11388,4598818,1
2019-12-05,405,407,403,405,0,6589,2668532,0
2019-12-08,406,409,403,409,0.99,6252,2533350,1
2019-12-09,408,415,404,411,0.49,10680,4366673,1
2019-12-10,410,418,406,415,0.97,67690,27991688,1
2019-12-11,416,418,414,414,-0.24,13042,5425088,-1
2019-12-12,415,415,409,412,-0.48,21051,8651874,-1
2019-12-15,412,416,409,410,-0.49,14825,6113167,-1
2019-12-16,415,415,406,406,-0.98,9861,4023567,-1
2019-12-17,405,410,405,407,0.25,6407,2614923,1
2019-12-18,405,410,405,406,-0.25,9668,3924288,-1
2019-12-19,404,407,403,404,-0.49,5118,2069300,-1
2019-12-22,407,414,407,412,1.98,13018,5365096,1
2019-12-23,414,414,407,412,0,20783,8553060,0
2019-12-24,415,416,412,413,0.24,19873,8215515,1
2019-12-25,412,415,412,414,0.24,31149,12870441,1
2019-12-26,414,417,413,417,0.72,103337,42860820,1
2019-12-29,386,386,366,370,-11.27,20987,7732644,-1
2019-12-30,369,369,361,365,-1.35,8211,2990119,-1
2019-12-31,365,366,361,366,0.27,8569,3116675,1
2020-01-01,364,367,359,367,0.27,7109,2563497,1
2020-01-02,367,368,359,359,-2.18,6793,2451873,-1
2020-01-05,360,364,360,363,1.11,11390,4128436,1
2020-01-06,365,372,365,371,2.2,26892,9911798,1
2020-01-07,375,376,370,373,0.54,9507,3548794,1
2020-01-08,372,373,369,369,-1.07,10093,3736193,-1
2020-01-09,369,369,363,365,-1.08,11059,4034153,-1
2020-01-12,371,373,366,372,1.92,17268,6383867,1
2020-01-13,374,382,374,376,1.08,39441,14944718,1
2020-01-14,375,380,375,378,0.53,11083,4188931,1
2020-01-15,385,386,378,386,2.12,22021,8444325,1
2020-01-16,389,398,386,391,1.3,30689,12019646,1
2020-01-19,395,398,392,396,1.28,37203,14701779,1
2020-01-20,402,407,386,389,-1.77,50503,20032538,-1
2020-01-21,396,397,385,389,0,20945,8165334,0
2020-01-22,395,395,383,386,-0.77,13717,5283816,-1
2020-01-23,390,390,380,382,-1.04,11817,4525230,-1
2020-01-26,379,384,372,372,-2.62,18472,6973842,-1
2020-01-27,368,387,368,387,4.03,23768,8983346,1
2020-01-28,387,389,380,386,-0.26,14063,5426067,-1
2020-01-29,380,387,379,384,-0.52,8241,3167261,-1
2020-01-30,385,388,383,384,0,10082,3881197,0
2020-02-02,384,392,383,390,1.56,25714,9961174,1
2020-02-03,391,395,388,388,-0.51,22861,8942881,-1
2020-02-04,392,396,385,386,-0.52,32960,12843675,-1
2020-02-05,390,390,382,385,-0.26,12291,4724019,-1
2020-02-06,383,390,382,385,0,11711,4498341,0
2020-02-09,382,384,380,381,-1.04,11030,4203898,-1
2020-02-10,382,385,377,380,-0.26,14196,5392970,-1
2020-02-11,386,390,382,385,1.32,13972,5372893,1
2020-02-12,392,392,383,388,0.78,34048,13187956,1
2020-02-13,386,388,380,384,-1.03,20972,8056938,-1
2020-02-16,385,390,383,390,1.56,29836,11495363,1
2020-02-17,392,401,390,396,1.54,42746,16881808,1
2020-02-18,402,408,395,398,0.51,42822,17077244,1
2020-02-19,404,404,394,397,-0.25,17687,7020931,-1
2020-02-20,395,400,395,398,0.25,25763,10261284,1
2020-02-23,402,436,402,431,8.29,130275,54549672,1
2020-02-24,439,450,425,432,0.23,104982,45685688,1
2020-02-25,436,436,416,435,0.69,48731,20960026,1
2020-02-26,439,453,437,453,4.14,88846,39626512,1
2020-02-27,445,474,440,467,3.09,110009,50225104,1
2020-03-01,465,475,450,452,-3.21,86815,40061840,-1
2020-03-02,445,452,420,420,-7.08,52575,23091368,-1
2020-03-03,419,445,390,425,1.19,83824,35385792,1
2020-03-04,420,425,410,416,-2.12,59890,24900666,-1
2020-03-05,408,416,400,405,-2.64,51446,20980918,-1
2020-03-10,397,397,380,380,-6.17,44333,17141924,-1
2020-03-11,378,407,378,406,6.84,73399,29189228,1
2020-03-12,406,410,390,397,-2.22,66328,26206574,-1
2020-03-15,390,394,378,382,-3.78,67992,26126276,-1
2020-03-16,380,391,371,382,0,34352,13129517,0
2020-03-17,379,380,370,378,-1.05,45920,17239532,-1
2020-03-18,371,385,361,374,-1.06,54659,20168668,-1
2020-03-19,367,385,360,376,0.53,34900,12872297,1
2020-03-22,369,376,362,368,-2.13,5639,2049363,-1
2020-05-12,361,361,357,357,-2.99,470,168590,-1
2020-05-13,350,350,347,347,-2.8,240,83430,-1
2020-06-29,341,341,313,329,-5.19,12955,4203324,-1
2020-06-30,323,352,320,350,6.38,4499,1531567,1
2020-07-01,350,384,350,380,8.57,16073,6031916,1
2020-07-02,382,394,343,345,-9.21,13518,4961644,-1
2020-07-05,350,365,345,356,3.19,29844,10573328,1
2020-07-06,349,368,349,365,2.53,25485,9168079,1
2020-07-07,370,379,367,374,2.47,16559,6193253,1
2020-07-08,375,375,362,368,-1.6,15958,5884211,-1
2020-07-09,365,371,360,368,0,10849,3992157,0
2020-07-12,370,377,368,375,1.9,20839,7743924,1
2020-07-13,375,382,373,375,0,38001,14255102,0
2020-07-14,375,378,372,375,0,9391,3518686,0
2020-07-15,376,388,376,385,2.67,34899,13356317,1
2020-07-16,389,405,389,400,3.9,49834,19851056,1
2020-07-19,408,432,408,432,8,90,37840,1
2020-07-20,453,475,424,442,2.31,152858,68092920,1
2020-07-21,443,446,427,431,-2.49,70227,30578724,-1
2020-07-22,445,445,420,426,-1.16,55050,23499388,-1
2020-07-23,426,430,418,428,0.47,33121,14073464,1
2020-07-26,430,436,422,434,1.4,60056,26005338,1
2020-07-27,434,440,430,433,-0.23,52250,22780804,-1
2020-07-28,435,435,428,432,-0.23,30474,13174150,-1
2020-07-29,430,432,421,422,-2.31,61718,26266840,-1
2020-07-30,415,429,415,427,1.18,34944,14753134,1
2020-08-02,419,422,406,406,-4.92,64556,26822480,-1
2020-08-03,407,418,405,411,1.23,26260,10785469,1
2020-08-05,419,419,402,404,-1.7,37294,15120480,-1
2020-08-06,405,408,401,406,0.5,33954,13697184,1
2020-08-09,401,412,399,412,1.48,33276,13555825,1
2020-08-10,432,432,413,425,3.16,30437,12802718,1
2020-08-11,427,427,418,419,-1.41,26345,11098187,-1
2020-08-12,414,422,414,419,0,25454,10678938,0
2020-08-13,425,425,414,415,-0.95,27971,11636379,-1
2020-08-16,411,416,405,410,-1.2,34679,14255478,-1
2020-08-17,410,415,406,415,1.22,20840,8552541,1
2020-08-18,416,418,411,417,0.48,16446,6833721,1
2020-08-19,410,415,408,409,-1.92,25812,10604297,-1
2020-08-20,410,412,406,412,0.73,8351,3426715,1
2020-08-23,419,419,411,414,0.49,8109,3340366,1
2020-08-24,418,420,415,420,1.45,30112,12593335,1
2020-08-25,424,427,419,421,0.24,39774,16763494,1
2020-08-26,425,429,420,426,1.19,39150,16636041,1
2020-08-27,429,430,425,425,-0.23,30360,12934989,-1
2020-08-30,446,446,421,424,-0.24,20137,8538916,-1
2020-08-31,429,431,423,429,1.18,40437,17259504,1
2020-09-02,436,440,432,436,1.63,108553,47330139,1
2020-09-03,436,438,430,432,-0.92,54999,23870722,-1
2020-09-06,431,447,429,429,-0.69,51535,22416879,-1
2020-09-07,426,429,422,424,-1.17,30894,13097834,-1
2020-09-08,423,424,417,422,-0.47,18591,7821382,-1
2020-09-09,443,443,418,423,0.24,30486,12838279,1
2020-09-10,444,444,422,425,0.47,30653,13042745,1
2020-09-13,425,429,425,429,0.94,40426,17276363,1
2020-09-14,429,439,429,435,1.4,66323,28833016,1
2020-09-15,438,440,429,433,-0.46,36125,15643116,-1
2020-09-16,435,435,426,430,-0.69,35281,15146381,-1
2020-09-17,451,451,428,437,1.63,99827,43278327,1
2020-09-20,443,450,435,440,0.69,53218,23477474,1
2020-09-21,440,441,432,436,-0.91,54729,23939779,-1
2020-09-22,440,440,431,434,-0.46,93124,40512495,-1
2020-09-23,438,438,430,436,0.46,38716,16795793,1
2020-09-24,438,438,431,435,-0.23,43273,18838499,-1
2020-09-27,438,442,433,440,1.15,66164,29061694,1
2020-09-28,440,443,439,441,0.23,31645,13938606,1
2020-09-29,441,441,437,438,-0.68,45801,20123201,-1
2020-09-30,445,445,434,436,-0.46,37898,16510704,-1
2020-10-01,435,440,435,439,0.69,17254,7569999,1
2020-10-04,440,445,440,440,0.23,77867,34367444,1
2020-10-05,441,443,438,439,-0.23,40920,18011356,-1
2020-10-06,440,450,439,450,2.51,118829,52769434,1
2020-10-07,450,451,444,448,-0.44,55530,24840967,-1
2020-10-08,450,450,442,443,-1.12,37815,16826499,-1
2020-10-11,440,442,438,439,-0.9,27787,12222562,-1
2020-10-12,455,455,436,440,0.23,35458,15555436,1
2020-10-13,440,440,438,439,-0.23,18523,8135690,-1
2020-10-14,440,440,436,439,0,19883,8692172,0
2020-10-15,443,445,437,442,0.68,35904,15781376,1
2020-10-18,438,441,437,439,-0.68,28101,12337613,-1
2020-10-19,438,441,436,440,0.23,23791,10457528,1
2020-10-20,443,444,441,442,0.45,28155,12449165,1
2020-10-21,443,450,443,450,1.81,48986,21975287,1
2020-10-22,453,455,450,454,0.89,68836,31146580,1
2020-10-28,457,474,456,473,4.19,83397,38938338,1
2020-10-29,475,483,471,472,-0.21,114747,54794941,-1
2020-11-01,472,479,468,477,1.06,116363,55309956,1
2020-11-02,477,479,469,469,-1.68,52560,24876753,-1
2020-11-03,480,480,465,467,-0.43,53871,25160965,-1
2020-11-04,468,468,462,464,-0.64,33667,15636972,-1
2020-11-05,464,476,462,470,1.29,102758,48089830,1
2020-11-08,470,472,468,471,0.21,26833,12599399,1
2020-11-09,470,474,468,472,0.21,33751,15930716,1
2020-11-10,474,475,468,470,-0.42,80125,37687124,-1
2020-11-11,472,482,472,479,1.91,69277,33110205,1
2020-11-12,475,484,475,484,1.04,86382,41531034,1
2020-11-18,475,495,470,487,0.62,143816,69516294,1
2020-11-19,511,511,489,491,0.82,71429,35073486,1
2020-11-22,495,512,495,505,2.85,152315,77002047,1
2020-11-23,510,515,506,512,1.39,196565,100303247,1
2020-11-24,512,517,510,512,0,66020,33873311,0
2020-11-25,511,525,511,519,1.37,107865,55759638,1
2020-11-26,525,532,520,525,1.16,85540,44934889,1
2020-11-29,526,559,524,554,5.52,230701,125767798,1
2020-11-30,560,576,535,541,-2.35,169861,92632843,-1
2020-12-01,541,541,516,530,-2.03,151300,80158031,-1
2020-12-02,525,536,520,535,0.94,111361,58971652,1
2020-12-03,534,540,528,532,-0.56,90643,48245313,-1
2020-12-06,522,533,516,517,-2.82,171129,89776794,-1
2020-12-07,515,533,510,532,2.9,131127,68454221,1
2020-12-08,530,552,530,547,2.82,226073,123307539,1
2020-12-09,545,547,534,536,-2.01,92328,49759882,-1
2020-12-10,535,538,526,535,-0.19,54470,29054862,-1
2020-12-13,540,555,538,552,3.18,136826,74716586,1
2020-12-14,555,561,527,535,-3.08,323130,173431323,-1
2020-12-15,540,545,527,528,-1.31,117229,62330404,-1
2020-12-16,550,550,524,527,-0.19,76542,40313257,-1
2020-12-17,530,530,515,518,-1.71,87068,45265722,-1
2020-12-20,515,520,483,492,-5.02,104745,52395512,-1
2020-12-21,483,498,474,485,-1.42,103564,50256463,-1
2020-12-22,490,503,490,503,3.71,85171,42460310,1
2020-12-23,495,516,495,500,-0.6,73410,37082304,-1
2020-12-24,500,500,489,493,-1.4,57679,28394562,-1
2020-12-27,495,496,488,493,0,42183,20801852,0
2020-12-28,490,495,485,492,-0.2,32570,16018336,-1
2020-12-29,494,494,487,488,-0.81,96176,47092900,-1
2020-12-30,435,435,415,422,-0.47,30138,12654513,-1
2020-12-31,417,432,416,425,0.71,48740,20805836,1
2021-01-03,433,441,433,440,3.53,46462,20291090,1
2021-01-04,442,445,435,439,-0.23,29054,12755181,-1
2021-01-05,443,443,431,435,-0.91,22837,9969048,-1
2021-01-06,431,438,431,438,0.69,33745,14696084,1
2021-01-07,440,443,432,438,0,39177,17078234,0
2021-01-10,438,450,438,450,2.74,90717,40522951,1
2021-01-11,453,459,450,451,0.22,59076,26783747,1
2021-01-12,473,473,451,454,0.67,28076,12747039,1
2021-01-13,452,460,450,450,-0.88,52729,23960330,-1
2021-01-17,459,459,452,453,0.67,52720,23992618,1
2021-01-18,454,456,448,448,-1.1,61879,27938993,-1
2021-01-19,450,450,443,449,0.22,64531,28746361,1
2021-01-20,450,450,443,444,-1.11,43511,19350241,-1
2021-01-21,466,466,441,444,0,48043,21286498,0
2021-01-24,445,456,445,446,0.45,58964,26389873,1
2021-01-25,446,464,444,460,3.14,125936,57046915,1
2021-01-26,465,490,460,484,5.22,216204,102584003,1
2021-01-27,485,485,468,470,-2.89,87784,41500714,-1
2021-01-28,470,470,453,459,-2.34,113805,52150043,-1
2021-01-31,458,458,441,445,-3.05,115291,51261165,-1
2021-02-01,445,459,440,446,0.22,39012,17401319,1
2021-02-02,449,453,445,450,0.9,76206,34084959,1
2021-02-03,450,464,447,451,0.22,91296,41606231,1
2021-02-04,459,459,442,451,0,77015,34646412,0
2021-02-07,451,452,447,450,-0.22,68729,30839677,-1
2021-02-08,454,480,446,462,2.67,107995,49177016,1
2021-02-09,480,480,451,453,-1.95,61086,27934647,-1
2021-02-10,460,461,449,457,0.88,35029,15934818,1
2021-02-11,453,464,451,451,-1.31,58376,26531830,-1
2021-02-14,450,455,446,448,-0.67,52654,23662565,-1
2021-02-15,470,470,449,456,1.79,64582,29225643,1
2021-02-16,460,468,452,462,1.32,103729,47992264,1
2021-02-17,463,469,456,467,1.08,119712,55252002,1
2021-02-18,470,479,465,472,1.07,117240,55476998,1
2021-02-21,471,484,467,473,0.21,117339,55563339,1
2021-02-22,474,474,460,464,-1.9,99940,46593183,-1
2021-02-23,460,460,446,455,-1.94,61301,27730524,-1
2021-02-24,477,477,453,459,0.88,76992,35517767,1
2021-02-25,466,466,450,455,-0.87,60468,27482918,-1
2021-02-28,450,450,438,441,-3.08,87385,38649813,-1
2021-03-01,441,449,435,445,0.91,86938,38471331,1
2021-03-02,449,449,430,435,-2.25,70484,30698989,-1
2021-03-03,435,435,421,428,-1.61,74820,31894898,-1
2021-03-04,431,436,430,434,1.4,58945,25559163,1
2021-03-07,434,441,429,430,-0.92,72363,31560747,-1
2021-03-09,430,431,424,426,-0.93,36121,15436241,-1
2021-03-10,421,434,421,426,0,41639,17759240,0
2021-03-14,420,428,417,418,-1.88,47505,19953390,-1
2021-03-15,426,426,415,417,-0.24,29309,12241017,-1
2021-03-16,415,421,414,417,0,38698,16143483,0
2021-03-17,423,424,415,423,1.44,18916,7960195,1
2021-03-18,444,444,423,430,1.65,37618,16109602,1
2021-03-21,430,440,430,437,1.63,38957,16957942,1
2021-03-22,438,438,429,429,-1.83,32906,14193056,-1
2021-03-23,430,434,423,427,-0.47,23070,9832249,-1
2021-03-24,430,437,426,429,0.47,45332,19461407,1
2021-03-25,434,434,426,431,0.47,56250,24161967,1
2021-03-29,434,434,425,429,-0.46,27514,11780239,-1
2021-03-30,432,432,426,428,-0.23,28165,12049762,-1
2021-03-31,433,452,426,445,3.97,108531,47559562,1
2021-04-01,455,455,434,439,-1.35,70842,30957188,-1
2021-04-04,440,445,434,441,0.46,72060,31547974,1
2021-04-05,445,445,435,437,-0.91,38063,16629925,-1
2021-04-06,432,439,432,437,0,48766,21163514,0
2021-04-07,438,439,432,437,0,30787,13430420,0
2021-04-08,439,439,434,437,0,42989,18729618,0
2021-04-12,440,440,431,437,0,64617,28115233,0
2021-04-13,450,450,437,445,1.83,102443,45225910,1
2021-04-15,450,452,445,448,0.67,80699,36244848,1
2021-04-18,455,456,439,441,-1.56,75807,33565725,-1
2021-04-19,436,440,432,433,-1.81,75119,32710657,-1
2021-04-20,430,436,429,430,-0.69,69148,29813067,-1
2021-04-21,427,435,425,429,-0.23,67723,28964072,-1
2021-04-22,435,435,424,428,-0.23,57567,24544441,-1
2021-04-25,431,431,418,419,-2.1,53306,22440118,-1
2021-04-26,418,424,402,412,-1.67,82121,33801765,-1
2021-04-27,415,418,407,416,0.97,91231,37853670,1
2021-04-28,420,421,411,415,-0.24,41259,17174622,-1
2021-04-29,415,421,414,419,0.96,48621,20263792,1
2021-05-02,422,427,420,424,1.19,58954,24997452,1
2021-05-03,428,430,417,418,-1.42,63178,26621244,-1
2021-05-04,423,423,415,417,-0.24,46355,19362258,-1
2021-05-05,398,423,398,417,0,48809,20411944,0
2021-05-06,425,425,415,417,0,43509,18132116,0
2021-05-09,417,421,412,419,0.48,44803,18737377,1
2021-05-10,422,422,416,420,0.24,34550,14473616,1
2021-05-11,430,430,418,421,0.24,47979,20168425,1
2021-05-12,421,422,418,419,-0.48,34976,14670662,-1
2021-05-13,420,421,418,419,0,43764,18345744,0
2021-05-16,422,425,421,425,1.43,64623,27353243,1
2021-05-17,435,435,427,428,0.71,50942,21856013,1
2021-05-18,431,433,428,433,1.17,73076,31427368,1
2021-05-19,434,441,432,435,0.46,87374,38126741,1
2021-05-20,455,455,428,437,0.46,60345,26326379,1
2021-05-23,435,445,428,445,1.83,95466,41881247,1
2021-05-24,446,455,446,452,1.57,201509,91049976,1
2021-05-25,453,453,443,446,-1.33,45800,20473614,-1
2021-05-27,440,446,435,444,-0.45,86267,38009238,-1
2021-05-30,444,454,440,448,0.9,156823,69986932,1
2021-05-31,452,455,441,442,-1.34,63529,28309424,-1
2021-06-01,440,442,434,437,-1.13,72507,31705933,-1
2021-06-02,437,443,435,440,0.69,67701,29752161,1
2021-06-03,445,455,440,450,2.27,169456,76065412,1
2021-06-06,455,481,455,466,3.56,309217,144679524,1
2021-06-07,444,480,444,458,-1.72,178135,82570344,-1
2021-06-08,460,468,458,463,1.09,181070,83703941,1
2021-06-09,463,469,459,462,-0.22,94004,43410105,-1
2021-06-10,460,465,456,457,-1.08,69384,31770966,-1
2021-06-13,457,463,454,461,0.88,135433,61912993,1
2021-06-14,461,485,460,478,3.69,238183,113281820,1
2021-06-15,480,497,480,487,1.88,346796,169789599,1
2021-06-16,487,510,482,492,1.03,249556,124171992,1
2021-06-17,498,501,489,490,-0.41,132336,65169011,-1
2021-06-20,466,500,466,476,-2.86,185371,89383277,-1
2021-06-21,495,495,466,470,-1.26,158267,74615121,-1
2021-06-22,450,483,450,482,2.55,112308,53646265,1
2021-06-23,482,482,470,471,-2.28,72529,34455335,-1
2021-06-24,491,491,465,482,2.34,168916,80883197,1
2021-06-27,476,500,476,493,2.28,165483,81133251,1
2021-06-28,517,517,491,497,0.81,183885,91725158,1
2021-06-29,500,503,482,485,-2.41,73114,35682815,-1
2021-06-30,476,484,472,482,-0.62,49724,23777054,-1
2021-07-01,458,491,458,484,0.41,97084,47377353,1
2021-07-04,484,487,475,477,-1.45,54096,25875151,-1
2021-07-05,477,484,471,476,-0.21,37585,17831189,-1
2021-07-06,475,477,470,473,-0.63,44597,21095339,-1
2021-07-07,482,482,471,471,-0.42,77933,36803498,-1
2021-07-08,472,480,470,477,1.27,51483,24480341,1
2021-07-11,478,488,477,488,2.31,63968,30839469,1
2021-07-12,490,494,478,480,-1.64,69957,33776712,-1
2021-07-13,473,483,473,481,0.21,64679,31120401,1
2021-07-14,488,488,477,479,-0.42,40531,19467823,-1
2021-07-15,480,482,476,479,0,59702,28580962,0
2021-07-18,479,510,479,508,6.05,199269,99757079.1,1
2021-07-19,515,525.3,509,512,0.79,298032,153382628.7,1
2021-07-20,512,545.7,506,545,6.45,428610,227485957.1,1
2021-07-22,555,599.5,550.1,588,7.89,800592,462764640.7,1
2021-07-25,599.7,605.8,582,597,1.53,400066,237788124.3,1
2021-07-26,593,597,575,579,-3.02,564272,328592333.8,-1
2021-07-27,570,585,557,575,-0.69,308307,175821484.2,-1
2021-07-28,575,582,568,570,-0.87,130006,74440353.6,-1
2021-07-29,575,575,560,571,0.18,107729,61237502.6,1
2021-08-01,575,576,565,568,-0.53,134087,76253606.4,-1
2021-08-02,565,574.9,565,573,0.88,90713,51842019,1
2021-08-03,575,583,571.1,580,1.22,98770,56683067.3,1
2021-08-04,591.6,591.6,577.2,582.5,0.43,117917,68448926.5,1
2021-08-05,583,587,578,580,-0.43,128975,74986588.8,-1
2021-08-08,581,586,580,581,0.17,106350,61853920,1
2021-08-09,586,586,576,580,-0.17,98808,57198073.5,-1
2021-08-10,590,598,575,593,2.24,164275,96495535.9,1
2021-08-11,604.8,620,588,589,-0.67,332172,198846919,-1
2021-08-12,598,599,588,593.1,0.7,207792,123325460.8,1
2021-08-15,604,604.9,585,594,0.15,246363,146635661.7,1
2021-08-16,600,600,587.2,590,-0.67,178209,105553558.6,-1
2021-08-17,585,594,582.1,583.9,-1.03,119069,69667029.5,-1
2021-08-18,582,600,575,595,1.9,203897,120367566.9,1
2021-08-19,596,600,590,590.5,-0.76,155462,92326148.4,-1
2021-08-24,595,595,578,580,-1.78,84503,49219211,-1
2021-08-25,576,578.2,568.2,569.2,-1.86,81382,46515718.9,-1
2021-08-26,569,574,565,570,0.14,73544,41848546.8,1
2021-08-29,570,579,558.7,559,-1.93,74915,42328399.5,-1
2021-08-31,555,556,540,544,-2.68,99639,54335931.5,-1
2021-09-01,544,554,538,548.5,0.83,93937,51361611.7,1
2021-09-02,548,555,540.3,547,-0.27,64932,35529772.8,-1
2021-09-05,539,542,517.1,529,-3.29,118899,62666798.2,-1
2021-09-06,529,555,519.1,555,4.91,80904,43816974.4,1
2021-09-07,555,555,544,544,-1.98,39266,21549935.6,-1
2021-09-08,544.4,544.4,530,535,-1.65,37797,20163896,-1
2021-09-09,538,543,530,535.3,0.06,37249,19885167.6,1
2021-09-12,535,544,535,539,0.69,49372,26630314.1,1
2021-09-13,548,553,540,546,1.3,61708,33836285.9,1
2021-09-14,550,552,540,547,0.18,50050,27281851.4,1
2021-09-15,547,547,535,536,-2.01,51866,27895691.3,-1
2021-09-16,535,535,515,520.2,-2.95,84511,43966356.8,-1
2021-09-20,525,526,503,507.9,-2.36,112904,57412333.4,-1
2021-09-21,500,518,492,507,-0.18,80684,40696968.9,-1
2021-09-22,517,535,510,529,4.34,61892,32217081.3,1
2021-09-23,539.5,559,532,545,3.02,113896,62392147.2,1
2021-09-26,555.7,560,536,540,-0.92,80063,43366080.7,-1
2021-09-27,539,539,515,523,-3.15,71015,37137368.1,-1
2021-09-28,525,525,506,509,-2.68,65077,33262318,-1
2021-09-29,510,512,494.9,512,0.59,78586,39445114.6,1
2021-09-30,515,517,505,508,-0.78,48902,24909992.4,-1
2021-10-03,508,508,498,498,-1.97,62039,31014736,-1
2021-10-04,498,502,491,497,-0.2,54880,27300681.6,-1
2021-10-05,495,507,492,504,1.41,55864,28139959,1
2021-10-06,514,514.9,500,506,0.4,39844,20236639.5,1
2021-10-10,506,524,505,509.5,0.69,51759,26358571.6,1
2021-10-11,509,510.9,500,509,-0.1,26076,13179497.6,-1
2021-10-17,509,514.9,505,507.9,-0.22,13824,7014061.5,-1
2021-10-18,508,508,494.2,496,-2.34,38949,19403293.9,-1
2021-10-19,502,502,482,493,-0.6,42712,20766134.8,-1
2021-10-20,502.8,517.1,492,503.8,2.19,28247,14082413.8,1
2021-10-21,494,505,494,500.2,-0.71,30079,15058229.2,-1
2021-10-24,501,505,492,503,0.56,39448,19694717.1,1
2021-10-25,504,513,499,512,1.79,47523,24108882.8,1
2021-10-26,520,525,513,525,2.54,60461,31346044.7,1
2021-10-27,527,558.5,516,551,4.95,193472,105003048.7,1
2021-10-28,555,560,538,538,-2.36,91581,49867046.4,-1
2021-10-31,530,544,524,532,-1.12,75090,39966443.4,-1
2021-11-01,521.4,535,520,521,-2.07,66975,35085959.1,-1
2021-11-02,521,529.9,515,528.5,1.44,30675,15991201.5,1
2021-11-03,539,549,533,542.9,2.72,103451,56207790.5,1
2021-11-08,543,544,528,528,-2.74,27478,14646766,-1
2021-11-09,528.1,530,512,515,-2.46,53120,27522253.7,-1
2021-11-11,512,520,500,507,-1.55,68078,34578001.7,-1
2021-11-14,503,510,497,508.9,0.37,36575,18517638.8,1
2021-11-15,510,514.9,506,506.5,-0.47,27116,13771404.2,-1
2021-11-16,507,513,500,508,0.3,48725,24716496.2,1
2021-11-17,518,518,508.2,512.9,0.96,47611,24434353.5,1
2021-11-18,503.1,511,503.1,508.2,-0.92,19692,9997711.7,-1
2021-11-21,508,510,502.5,504,-0.83,39307,19863586.7,-1
2021-11-22,504,509,503,504.2,0.04,20171,10185826,1
2021-11-23,500,505,495,497.1,-1.41,36868,18451920.9,-1
2021-11-24,497,498.9,495.1,495.9,-0.24,36718,18225695.9,-1
2021-11-25,496,499.5,491,495,-0.18,40312,19985326.7,-1
2021-11-28,491,495,470,476,-3.84,64115,30866245.7,-1
2021-11-29,471,483,469,477.5,0.32,25152,11999793.1,1
2021-11-30,474,480,468,473,-0.94,35963,16973702.7,-1
2021-12-01,472,475,470,473,0,28814,13602652.9,0
2021-12-02,475,476.9,467,467,-1.27,37874,17836807.3,-1
2021-12-05,461,465,444,446,-4.5,68193,30683279.5,-1
2021-12-06,446,459,430,451,1.12,68814,30173810.4,1
2021-12-07,452.1,456.9,448,448,-0.67,28400,12809128,-1
2021-12-08,445,445,437,441,-1.56,27135,11947566.3,-1
2021-12-09,440,440,410,439,-0.45,40348,17524497.1,-1
2021-12-12,437,438.8,421,421,-4.1,32738,13990157.7,-1
2021-12-13,421,421.7,406.1,421,0,50626,20941548.7,0
2021-12-14,429,440,420.5,437,3.8,12873,5592150.7,1
2021-12-15,445,453,430,435,-0.46,34320,15153181.2,-1
2021-12-16,435,441,430.1,441,1.38,42355,18542483.6,1
2021-12-20,449.8,471.9,449.8,463,4.99,203606,94499569.3,1
2021-12-21,472.1,472.2,458.7,468,1.08,89845,41642193.3,1
2021-12-22,475,488,468,486,3.85,91095,43764424.2,1
2021-12-23,494.9,497,481,496,2.06,77234,38044401.2,1
2021-12-26,499.1,502,495,500,0.81,130801,65306688.9,1
2021-12-27,510,510,491,493,-1.4,88858,44186856.3,-1
2021-12-28,493,498,488,494,0.2,91046,44737396.5,1
2021-12-29,499,499,488,492,-0.4,200533,98526860.8,-1
2022-01-02,410,412,400.1,411,0.24,78818,32071339.8,1
2022-01-03,416,418,412,415,0.97,35929,14924061.5,1
2022-01-04,422,424,410,422,1.69,52990,22249267.5,1
2022-01-05,426,430,418,419,-0.71,45591,19202068.3,-1
2022-01-06,420,422,415.5,421,0.48,37485,15665637,1
2022-01-09,424,434,420,431,2.38,79470,34177337.2,1
2022-01-10,435,437.5,427,429,-0.46,70123,30115309.4,-1
2022-01-11,429.5,432.9,426.1,428.9,-0.02,41350,17749665.3,-1
2022-01-12,435,435,422,424,-1.14,39598,16913382,-1
2022-01-13,421.5,426.9,421.5,426.9,0.68,37250,15789732.4,1
2022-01-16,433,437,430.1,435,1.9,63396,27521590.6,1
2022-01-17,441,442,435,441,1.38,50102,21983243.9,1
2022-01-18,441,448,436.9,440,-0.23,95284,42216372.9,-1
2022-01-19,440,442,426.3,433,-1.59,60921,26352303.2,-1
2022-01-20,430,435,427.5,433,0,41039,17658669.9,0
2022-01-23,440,441,428,430.2,-0.65,42972,18568857.5,-1
2022-01-24,434,434,418,422,-1.91,67946,28660971,-1
2022-01-25,420,425,415,419.9,-0.5,51430,21650239,-1
2022-01-26,420,420,415,416.4,-0.83,27790,11568945.6,-1
2022-01-27,415,423,415,417,0.14,21775,9106564.7,1
2022-01-30,425,432,420.1,424.7,1.85,39524,16780628.1,1
2022-01-31,426,426,421.2,422,-0.64,20348,8603029.5,-1
2022-02-01,420,424,418,423,0.24,33761,14242566.1,1
2022-02-03,425,425,420,420.6,-0.57,47402,20034413.9,-1
2022-02-06,418,422,417,418,-0.62,33404,13980967.8,-1
2022-02-07,416.5,423,416.1,417,-0.24,26388,11022862.6,-1
2022-02-08,423,425,416,417,0,33948,14242320.4,0
2022-02-09,417,418,413,415.5,-0.36,16231,6743613,-1
2022-02-10,422,422,413,414.5,-0.24,20035,8301022.1,-1
2022-02-13,406.3,414,405,405.5,-2.17,42697,17343445.1,-1
2022-02-14,405,410,403,404,-0.37,24705,10036310.2,-1
2022-02-15,405,410,403.2,407,0.74,36803,14894245.9,1
2022-02-16,415,415,406,406.9,-0.02,17607,7173672.3,-1
2022-02-17,415,415,403.5,405,-0.47,18795,7630343.2,-1
2022-02-20,400,402,395,399,-1.48,35466,14177046.7,-1
2022-02-21,400,405,398,402,0.75,27798,11132799.4,1
2022-02-22,402,408,402,404.8,0.7,15662,6345069.6,1
2022-02-23,405.9,406,399.9,400,-1.19,35048,14076613.9,-1
2022-02-24,401,401,392,397,-0.75,33591,13341064.7,-1
2022-02-27,397,397.3,391.1,395,-0.5,29411,11608919.9,-1
2022-02-28,395,401.9,388,390,-1.27,66116,26010456.1,-1
2022-03-02,388,390,378,380,-2.56,63480,24185161.1,-1
2022-03-06,378.5,384.5,378.5,380.9,0.24,31906,12147036,1
2022-03-07,382,387,382,385,1.08,21937,8439898.3,1
2022-03-09,389,390,381.1,383.9,-0.29,20104,7722641.1,-1
2022-03-10,383,386.9,380,386.5,0.68,28256,10872255.8,1
2022-03-13,390,403,386.5,403,4.27,56207,22360879.1,1
2022-03-14,409,411,395,402,-0.25,43377,17368347.7,-1
2022-03-15,405,405,395,399,-0.75,36194,14457537.6,-1
2022-03-16,399,400,396,396.2,-0.7,20680,8232074.9,-1
2022-03-20,400,402,392,396.6,0.1,22115,8781238.5,-1
2022-03-21,402,402,391,395.6,-0.25,18867,7436115.8,-1
2022-03-22,395,399.4,395,398,0.61,20056,7977489.7,1
2022-03-23,405.9,405.9,392,395,-0.75,14248,5640696.1,-1
2022-03-24,394.5,395,392,393,-0.51,24489,9624549.1,-1
2022-03-27,393,394,388,388.1,-1.25,20877,8132480.3,-1
2022-03-28,385.6,390,384,386,-0.54,22843,8820969.3,1
2022-03-29,381,389.6,379,383.9,-0.54,18020,6935183.2,1
2022-03-30,383,388,381,385,0.29,19953,7663860.5,1
2022-03-31,387,388,383,384.1,-0.23,16460,6339295.5,-1
2022-04-03,384.1,385,378.6,380.5,-0.94,21505,8183008.9,-1
2022-04-04,375,382,375,379,-0.39,44329,16788376.7,1
2022-04-05,385,385,371.5,376.8,-0.58,28851,10776918.3,-1
2022-04-06,374,378,365,366.9,-2.63,40684,14994651.4,-1
2022-04-07,364.7,375,364.7,373,1.66,22876,8499046.1,1
2022-04-11,373,382,366.1,367,-1.61,27160,10072937.5,-1
2022-04-12,363.6,373.3,363.6,363.8,-0.87,12556,4584713.6,1
2022-04-13,364,369,364,367,0.88,29290,10740710,1
2022-04-17,370,376,368,371,1.09,20608,7673321.9,1
2022-04-18,370,374,367,369.9,-0.3,15159,5593073.9,-1
2022-04-19,369,372,358.7,371,0.3,19684,7175205,1
2022-04-20,373,378,367,370,-0.27,16063,5945807.7,-1
2022-04-21,370,370,363,370,0,14989,5486722,0
2022-04-24,371,377,367,376.6,1.78,22222,8286882.2,1
2022-04-25,380,384,375,378,0.37,15248,5775166.6,-1
2022-04-26,374,377,371.5,373,-1.32,11521,4299443.3,-1
2022-04-27,370,371,368,371,-0.54,12344,4560074.9,1
2022-04-28,378,378,367.1,369,-0.54,26491,9776276.7,-1
2022-05-02,367,367,363.6,364,-1.36,15384,5617595.3,-1
2022-05-04,364,366,360,361,-0.82,12602,4559131.4,-1
2022-05-05,361,365,356,356.3,-1.3,14718,5270036.8,-1
2022-05-08,356.3,356.3,352,354.5,-0.51,20085,7106767.4,-1
2022-05-09,360,367,355,365,2.96,16600,6032922,1
2022-05-10,372,377.7,365,377.7,3.48,13260,4929558.5,1
2022-05-11,378,384,371,384,1.67,17055,6456804.7,1
2022-05-12,384,389,379,379.9,-1.07,13959,5323319.5,-1
2022-05-17,383,383,365,366,-3.66,10299,3784489,-1
2022-05-18,369,369,362,366,0,8992,3271908.1,-1
2022-05-19,366,373,364.6,365.8,-0.05,7073,2600050.6,-1
2022-05-20,366,366,360,364,-0.49,5095,1850894.5,-1
2022-05-23,371,371,358.6,360,-1.1,15982,5759444.5,-1
2022-05-24,354,366,353,362,0.56,10269,3714065.2,1
2022-05-25,362,365,360,363,0.28,17122,6221866.4,1
2022-05-26,363,367,361,367,1.1,12109,4416405.5,1
2022-05-27,367,367,363,364.9,-0.57,10347,3767210.4,-1
2022-05-30,367,367,356.2,357,-2.16,12409,4443166.3,-1
2022-05-31,355,355,348.1,352,-1.4,14454,5091744.9,-1
2022-06-01,354,356,350,352,0,10455,3675674.2,-1
2022-06-02,352,353,348.1,350,-0.57,16073,5626290.2,-1
2022-06-03,343.1,352,343.1,343.5,-1.86,18065,6240715.4,1
2022-06-06,345,345.5,338,343,-0.15,20851,7129519,-1
2022-06-07,340,345,322.6,328.9,-4.11,49886,16393550.4,-1
2022-06-08,331,337,329.2,334,1.55,27291,9096583.6,1
2022-06-09,335,340.6,333.2,335,0.3,15288,5156377,0
2022-06-10,339.9,339.9,326,335.6,0.18,8784,2909257.9,-1
2022-06-13,335.6,340,332,332,-1.07,9837,3290800.3,-1
2022-06-14,330,335,328.4,328.5,-1.05,11543,3810561.9,-1
2022-06-15,329,329,323,327,-0.46,11386,3689039.3,-1
2022-06-16,325,330,319.2,321,-1.83,28991,9361424.8,-1
2022-06-17,327,327,319.5,319.9,-0.34,7331,2355935.6,-1
2022-06-19,325,325,315.1,318,-0.59,13101,4173500.7,-1
2022-06-20,314,318,306.1,310.6,-2.33,25115,7774733.7,-1
2022-06-21,309,316,308,311,0.13,26282,8190082.4,1
2022-06-22,315,315,304,310,-0.32,37679,11534145,-1
2022-06-23,309,310,300.2,305,-1.61,43832,13245101,-1
2022-06-24,305,310,298,309,1.31,12201,3689219.6,1
2022-06-26,314,317,307.8,315.1,1.97,39098,12267102.1,1
2022-06-27,315.9,321,313,314,-0.35,22811,7234514.2,-1
2022-06-28,309.79,333.1,308,330,5.1,21480,6738054.29,1
2022-06-29,330,330,314,326.5,-1.06,20955,6803496.8,-1
2022-06-30,330,332,325,330.5,1.23,33598,11071739.9,1
2022-07-01,336.9,336.9,325.4,326,-1.36,14504,4767079.7,-1
2022-07-03,326,330,324.4,327,0.31,21180,6928178.5,1
2022-07-04,330,338,329,329,0.61,47200,15749826.3,-1
2022-07-05,330,335,325,329.9,0.27,35848,11781415.8,-1
2022-07-06,334.9,334.9,318,328,-0.58,19649,6415376.9,-1
2022-07-07,330,334,325,330,0.61,22802,7490782.3,0
2022-07-08,330,330,320,323,-2.12,6386,2073039.4,-1
2022-07-11,318,320,310,312.4,-3.28,31001,9674338.9,-1
2022-07-12,312.4,318.6,305.8,310,-0.77,46072,14233125.8,-1
2022-07-13,316,316,309,312.6,0.84,28378,8835253.9,-1
2022-07-14,318,324.9,314,324.9,3.93,129060,40895290,1
2022-07-15,325,333,323,331,1.88,23305,7669831.6,1
2022-07-17,331,333,328.2,333,0.6,13768,4553730.5,1
2022-07-18,331.1,333,327,333,0,30494,10082717.3,1
2022-07-19,336,338,331.7,332.2,-0.24,48655,16196691.8,-1
2022-07-20,331,332,329,330,-0.66,9519,3144836.7,-1
2022-07-21,336.6,336.6,325,326,-1.21,33924,11108511.1,-1
2022-07-22,332.1,332.1,320,320,-1.84,73821,24021749.6,-1
2022-07-24,326,330,318,325,1.56,34052,10998616.7,-1
2022-07-25,325,335,325,331.9,2.12,22249,7369602.6,1
2022-07-26,330,334,327,327.9,-1.21,28310,9339668.8,-1
2022-07-27,328,329,325,329,0.34,15694,5123099.9,1
2022-07-28,330,330.5,327,329.2,0.06,25355,8345187.1,-1
2022-07-29,333.5,333.9,326,329,-0.06,10688,3509781.5,-1
2022-07-31,335.5,335.5,329,334.9,1.79,52879,17560835.2,-1
2022-08-01,339,343.7,333.1,337,0.63,29020,9838535.7,-1
2022-08-02,337.9,338,332,335,-0.59,16845,5630041.1,-1
2022-08-03,337,339,331,331.9,-0.93,24591,8254595.6,-1
2022-08-04,330,336,326.9,327.2,-1.42,53722,17644844.2,-1
2022-08-05,327,333,320.8,326,-0.37,15314,4981883.4,-1
2022-08-07,327,328,320,324,-0.61,25006,8083388.1,-1
2022-08-08,323,328.9,322,324,0,17323,5618926.5,1
2022-08-09,330.3,330.3,319.1,320,-1.23,16292,5229660.9,-1
2022-08-10,325,325.9,316.1,319,-0.31,13511,4315412.8,-1
2022-08-11,321.9,322.9,318,319.9,0.28,14796,4740123.9,-1
2022-08-14,318,323.9,317.1,317.1,-0.88,12706,4041250.4,-1
2022-08-15,322,325,318,325,2.49,14532,4674877.8,1
2022-08-16,324.9,328,321,322.9,-0.65,17914,5794377.1,-1
2022-08-17,321,323,319,320,-0.9,11949,3828524.9,-1
2022-08-18,322,325,321,323,0.94,17718,5723920.9,1
2022-08-21,323,330,323,330,2.17,27475,9014062.3,1
2022-08-22,323.4,330,323.4,328,-0.61,14918,4873784.9,1
2022-08-23,327,330,326,328.5,0.15,10216,3361109.5,1
2022-08-24,332.8,335,329.1,330.5,0.61,19675,6523675,-1
2022-08-25,337.1,337.1,329,330,-0.15,16629,5504585.8,-1
2022-08-26,329.9,331.5,325,325.6,-1.33,7870,2579957.2,-1
2022-08-28,325,325,321,322.5,-0.95,17936,5784362.9,-1
2022-08-29,325,325,318.1,321.9,-0.19,13656,4375586.9,-1
2022-08-30,328.3,328.3,321,322.1,0.06,11139,3594640.2,-1
2022-08-31,320,324.9,320,320.7,-0.43,13331,4287524.5,1
2022-09-01,320,323,318,321,0.09,12572,4020241.3,1
2022-09-02,327.4,327.4,318,320,-0.31,3734,1198705.5,-1
2022-09-04,319,325,319,321,0.31,7380,2377089.3,1
2022-09-05,321,324,320,321.4,0.12,11229,3612997.9,1
2022-09-06,320.5,324,320.5,321,-0.12,13240,4255335.5,1
2022-09-07,320,320,317.8,319.8,-0.37,12342,3934251.8,-1
2022-09-08,318,321,318,319,-0.25,11069,3536673.5,1
2022-09-11,320,321,313.7,314,-1.57,24584,7779122.6,-1
2022-09-12,320.2,326.6,312,314,0,13529,4248138.5,-1
2022-09-13,315,318,310,316.2,0.7,12273,3878145.3,1
2022-09-14,320,322.5,316,321,1.52,23829,7604830.4,1
2022-09-15,325,325,315,316,-1.56,16374,5192264.9,-1
2022-09-16,313,315,309,315,-0.32,11315,3535637.5,1
2022-09-18,321.3,321.3,310,314,-0.32,11440,3567890.3,-1
2022-09-20,311,312,303,305.1,-2.83,17004,5197943.6,-1
2022-09-21,301,311.9,301,307,0.62,8026,2466769.4,1
2022-09-22,310,312.9,303.5,305,-0.65,13150,4016456.9,-1
2022-09-25,310,310,300,304,-0.33,13739,4151161.6,-1
2022-09-27,305,310,304,306.1,0.69,10558,3237843.2,1
2022-09-28,305,311,305,310.5,1.44,8119,2515160.5,1
2022-09-29,310.6,316,305,316,1.77,9610,3002242,1
2022-10-09,316,321,315,320.5,1.42,15873,5035698.1,1
2022-10-10,324.9,324.9,315,316,-1.4,13000,4126303.1,-1
2022-10-11,316,316,310,316,0,4458,1392319.6,0
2022-10-12,316,319.8,310,317,0.32,24496,7724142.8,1
2022-10-13,317,321,310,315.9,-0.35,44417,13849857.2,-1
2022-10-16,314,317,313.1,316,0.03,12032,3791791.4,1
2022-10-17,315,321,313,313.5,-0.79,16317,5164517.9,-1
2022-10-19,314,315,311.4,313,-0.16,11518,3606102.5,-1
2022-10-20,313,317,310,316,0.96,12755,3991532.1,1
2022-10-23,320,320,312,317.9,0.6,17351,5480341.7,-1
2022-10-31,319,323,312,317.5,-0.13,13157,4153072.6,-1
2022-11-01,317.5,325,313.5,324,2.05,35973,11517735,1
2022-11-02,324.1,329,322,324,0,19128,6213082.5,-1
2022-11-03,324,326,318,319,-1.54,12711,4061403.7,-1
2022-11-06,319,323,313,322,0.94,16955,5399213.9,1
2022-11-07,325,325,319,321,-0.31,24381,7836657.7,-1
2022-11-08,320,322,318,321,0,9278,2971665.9,1
2022-11-09,320,324.9,316,316.5,-1.4,15234,4857122.9,-1
2022-11-10,322.8,322.8,311.8,314,-0.79,15742,4950794.2,-1
2022-11-13,314,316,311.1,311.7,-0.73,11950,3751319.9,-1
2022-11-14,310.1,314.4,310,311,-0.22,15187,4720438,1
2022-11-15,317.2,323.5,312,315,1.29,8337,2617873.5,-1
2022-11-16,317,317,314,314.5,-0.16,13463,4234374.8,-1
2022-11-17,315,320,315,319.5,1.59,17607,5598034.6,1
2022-11-22,320,322,316,319,-0.16,8935,2853490.7,-1
2022-11-23,320,320,316.1,317,-0.63,9236,2936074.7,-1
2022-11-24,317,319.9,315,319,0.63,6331,2008843.3,1
2022-11-27,325,325.3,316,316.5,-0.78,25216,7999086.3,-1
2022-11-28,315,320,312.1,312.1,-1.39,30870,9736715.1,-1
2022-11-29,312,317.9,311.7,314.3,0.7,12352,3892511.1,1
2022-11-30,314.4,319.5,314,317,0.86,7447,2355373.8,1
2022-12-01,322,322,315,318,0.32,9580,3033970.7,-1
2022-12-04,320,320,314,317,-0.31,25605,8074994.3,-1
2022-12-05,316.1,316.1,313,315,-0.63,11332,3561034.4,-1
2022-12-06,312,315.4,311.1,311.7,-1.05,16382,5113726.4,-1
2022-12-07,312,315,308,309,-0.87,25574,7938888.2,-1
2022-12-11,308,309,305.2,307.5,-0.49,9650,2965321.1,-1
2022-12-12,307,313,307,310,0.81,9970,3092390.1,1
2022-12-13,310,314.7,310,312.5,0.81,6355,1979263.7,1
2022-12-14,315,315,311,311.1,-0.45,156925,48829366.9,-1
2022-12-15,312,313,309,310,-0.35,14709,4574270.9,-1
2022-12-18,316.2,316.2,302.1,306,-1.29,201937,62511436,-1
2022-12-19,306,311,305,307,0.33,8067,2468445.6,1
2022-12-20,309,310,305,305.2,-0.59,13973,4283374.2,-1
2022-12-21,302.79,308.7,301.1,307.7,0.82,31483,9644399.4,1
2022-12-22,310,310,302,306.9,-0.26,15590,4769139,-1
2022-12-26,310,315,308.7,315,2.64,21883,6841894.7,1
2022-12-27,321,325,320,323.3,2.63,51610,16664375.5,1
2022-12-28,323,323,317.2,322.4,-0.28,19569,6281694.4,-1
2022-12-29,325,328.8,318.6,328,1.74,25822,8386281.9,1
2023-01-01,334.5,336.6,325,326,-0.61,39484,13009745,-1
2023-01-02,326,329.5,319.5,326,0,25571,8341448.9,0
2023-01-03,332,332.5,326,329,0.92,42776,14056834.4,-1
2023-01-04,332,335,329,334.5,1.67,47144,15643352.9,1
2023-01-05,340,342,333.5,342,2.24,53538,18065349.5,1
2023-01-08,346.8,346.8,338.2,340,-0.58,92031,31354479.1,-1
2023-01-09,340,349,335.2,346,1.76,105273,35851888.9,1
2023-01-10,340,355.8,330,340,-1.73,248684,85036229.1,0
2023-01-12,340,349.4,330,330.2,-2.88,67648,22710315.7,-1
2023-01-17,329,331,325,328,-0.67,62496,20427991,-1
2023-01-18,328,331,323.4,324,-1.22,40481,13204379.9,-1
2023-01-19,324,328,322.1,324,0,37215,12068029.4,0
2023-01-23,317.6,320,308,312.1,-3.67,126466,39777772.9,-1
2023-01-24,312,318,306.1,308,-1.31,79173,24373733.1,-1
2023-01-25,313,314,308.5,311.2,1.04,34199,10645495.8,-1
2023-01-26,315,315,308,308,-1.03,31528,9756988.3,-1
2023-01-29,308,310,305.1,305.1,-0.94,37956,11672254.4,-1
2023-01-30,305.5,308,302.5,302.7,-0.79,66765,20320457.9,-1
2023-01-31,302,308,300.1,301,-0.56,32832,9891840.5,-1
2023-02-01,307,307,299,300,-0.33,45514,13666086.9,-1
2023-02-02,300,304,298.4,298.5,-0.5,32404,9709012.4,-1
2023-02-05,304.4,304.4,297.5,298,-0.17,34791,10413392.3,-1
2023-02-06,300,300,297,298,0,21360,6363027.5,-1
2023-02-07,300,305.9,299,304.4,2.15,41141,12433526,1
2023-02-08,308,312.2,305.3,307,0.85,66790,20613478.9,-1
2023-02-09,306,309.9,305,308,0.33,29687,9127165.5,1
2023-02-12,312,312,300,300.2,-2.53,28593,8652037.6,-1
2023-02-14,300,302,298,298.5,-0.57,22019,6591888.4,-1
2023-02-15,300,300,296,296.1,-0.8,37344,11092721.3,-1
2023-02-16,290.2,298,290.2,295,-0.37,23137,6837342.5,1
2023-02-20,292,297,291.1,293,-0.68,25304,7406993.1,1
2023-02-22,293,302,293,294,0.34,26153,7710363.8,1
2023-02-23,296,296,289,289.1,-1.67,41640,12091990.1,-1
2023-02-26,290,290,280,286,-1.07,32146,9093044.6,-1
2023-02-27,286.7,292,283,285,-0.35,23893,6827199,-1
2023-02-28,290,290,284,285,0,18954,5406306.8,-1
2023-03-01,289.4,289.4,281,282,-1.05,18727,5281953.1,-1
2023-03-02,280.2,281.1,278.6,279.3,-0.96,17392,4865932.9,-1
2023-03-05,284.7,284.8,281.3,283.9,1.65,37017,10457455.1,-1
2023-03-07,285,291,282,291,2.5,34653,9957479.3,1
2023-03-09,293,303,291.4,302,3.78,45885,13584479.6,1
2023-03-12,305,307.7,296.1,298.5,-1.16,44726,13367084,-1
2023-03-13,299,300.8,294.5,299,0.17,69587,20616616.3,0
2023-03-14,299,299,279,281.7,-3.9,36492,10300324.1,-1
2023-03-15,282,282.9,271.1,272,-3.44,35903,9872955.8,-1
2023-03-16,268,268.5,259.1,261.5,-3.86,59597,15626041.3,-1
2023-03-19,264.5,264.5,258,258.2,-1.26,21040,5460177.1,-1
2023-03-20,258.2,262.8,256.1,258,-0.08,13799,3565015.9,-1
2023-03-22,263.1,263.1,256.1,256.5,-0.58,20447,5276028.6,-1
2023-03-23,254,257,252,254,-0.97,17649,4487409.4,0
2023-03-26,254,254,247,248,-2.36,30751,7643212.4,-1
2023-03-27,248,250,242,244.9,-1.25,39301,9581545,-1
2023-03-28,244,248.5,243.1,247.3,0.98,20785,5140169.7,1
2023-03-29,245,249.8,244,246,-0.53,10613,2606354.2,1
2023-03-30,244,248.7,244,244.5,-0.61,12174,2990079.3,1
2023-04-02,249.3,249.3,241,242,-1.02,14559,3550577.2,-1
2023-04-03,240,242,238,240,-0.83,13807,3307962.9,0
2023-04-04,237,239.9,236,239.9,-0.04,20737,4937997.4,1
2023-04-05,241,241,237,240,0.04,16295,3894263.1,-1
2023-04-06,244,244,238.2,239,-0.42,12283,2947758.3,-1
2023-04-09,239,239,234,234,-2.09,18981,4466257.6,-1
2023-04-10,234,235,230,232.1,-0.81,19230,4475674,-1
2023-04-11,236.7,241,233,238,2.54,16466,3907612.5,1
2023-04-12,242,251,240.1,251,5.46,31877,7811242.6,1
2023-04-13,256,257,246,246,-1.99,13846,3473257.6,-1
2023-04-16,248,255.9,245.9,247.5,0.61,16060,3988445.7,-1
2023-04-17,245.1,248,242,242.1,-2.18,15770,3854073.5,-1
2023-04-18,240,242,238,240,-0.87,15338,3662616.9,0
2023-04-19,242,243,236.2,239,-0.42,16398,3910815.1,-1
2023-04-20,237.5,243.7,237.1,239,0,30269,7220076.6,1
2023-04-23,235,238.6,230.5,233.5,-2.3,14775,3454076.9,-1
2023-04-24,233.5,237,232.1,234,0.21,12092,2825502.9,1
2023-04-25,235,238,233.1,237.4,1.45,12005,2831163.7,1
2023-04-26,234,239.9,233.5,235.5,-0.8,16448,3868828.3,1
2023-04-27,236,238.4,233,234.4,-0.47,16190,3823831.4,-1
2023-04-30,230.5,235,230.2,233,-0.6,10469,2441037.9,1
2023-05-02,230,237,230,234.9,0.82,13032,3050185.9,1
2023-05-03,232,235,231.2,233.1,-0.77,11916,2775059.2,1
2023-05-04,235,235,228,233.9,0.34,41732,9643665.5,-1
2023-05-07,231,235,230.1,232,-0.81,8889,2066413.6,1
2023-05-08,227.6,234,227.6,229.2,-1.21,13142,3018189.6,1
2023-05-09,228,233.7,226.5,230.9,0.74,5054,1163275.2,1
2023-05-10,230,234.6,230,230,-0.39,7179,1663440.7,0
2023-05-11,230.1,239,225,239,3.91,39101,8865325.2,1
2023-05-14,239,239,224.5,227,-5.02,69971,15865205.6,-1
2023-05-15,227,230,225,228,0.44,7186,1629098.3,1
2023-05-16,227,229.5,227,228.5,0.22,7257,1656732.5,1
2023-05-17,228.5,232,227,229,0.22,10606,2432041.1,1
2023-05-18,233,233,229,231,0.87,16253,3766259.3,-1
2023-05-21,234.9,235,230,230,-0.43,15468,3577902.5,-1
2023-05-22,230,232,229.1,230,0,12210,2817272,0
2023-05-23,230,234,229.2,233.1,1.35,33102,7660084.2,1
2023-05-24,233,237.1,228.6,234,0.39,14945,3484322.1,1
2023-05-28,235,238,230.3,232,-0.85,69398,16328699.4,-1
2023-05-30,232,234,228,228,-1.72,22898,5257586.5,-1
2023-05-31,232,232,224,225,-1.32,33715,7604543.3,-1
2023-06-01,225,230,225,227,0.89,21938,4996928,1
2023-06-04,227,232.5,227,229.5,1.1,22179,5108535.9,1
2023-06-05,230,233.4,227.5,228,-0.65,16703,3843326.8,-1
2023-06-06,230,230,226.1,228,0,15859,3612562.4,-1
2023-06-07,227,231.5,227,228.1,0.04,19984,4574871.1,1
2023-06-08,230.9,231,226.5,228,-0.04,20562,4696865.7,-1
2023-06-11,228,230,226,228.1,0.04,24092,5510806.9,1
2023-06-12,229,234,229,230,0.83,34741,8015736.7,1
2023-06-13,230,234.5,228,231,0.43,34769,8053410.7,1
2023-06-14,233,236,231.3,233,0.87,28078,6563418.4,0
2023-06-15,235,235,230,231,-0.86,15875,3674187.1,-1
2023-06-18,235,235,229.1,232,0.43,31348,7245485.6,-1
2023-06-19,232,233,229.4,230,-0.86,28445,6551303.8,-1
2023-06-20,231.5,234,230,230,0,24757,5726135.6,-1
2023-06-21,234.6,234.6,228,229,-0.43,27190,6218582.3,-1
2023-06-22,233.5,233.5,226.5,228,-0.44,25728,5856457.6,-1
2023-06-25,226,230,226,228,0,55988,12751615,1
2023-06-26,230,233.6,226.7,229.9,0.83,54335,12509900,-1
2023-06-27,233.9,237.4,230,237.4,3.26,75381,17674710,1
2023-06-28,242.1,246.9,236.1,236.5,-0.38,64742,15549388.8,-1
2023-07-02,240,240,231.8,232.5,-1.69,40449,9467573.6,-1
2023-07-03,231.1,235.9,229,230.8,-0.73,45071,10468913.7,-1
2023-07-04,229.1,235,229,234,1.39,36910,8561953.2,1
2023-07-05,232,235,230.2,233,-0.43,23932,5579157.8,1
2023-07-06,229.9,232,228,229,-1.72,26895,6163132.1,-1
2023-07-09,229,234.5,228,230,0.44,19087,4393406.6,1
2023-07-10,234.6,234.6,229.1,230,0,20809,4794585.3,-1
2023-07-11,233,233,228.6,228.6,-0.61,28173,6464168.2,-1
2023-07-12,229,230,228.1,228.1,-0.22,21029,4812157.4,-1
2023-07-13,232.5,232.5,228.2,228.2,0.04,31352,7214075.8,-1
2023-07-16,231.9,234,228,233.9,2.5,46266,10659794.2,1
2023-07-17,234,240.7,232.1,240,2.61,39477,9400800.3,1
2023-07-18,244,248,241.2,247,2.92,74737,18275175.5,1
2023-07-19,248,259.9,243,258.8,4.78,109807,27885873.7,1
2023-07-20,262,262,252,255,-1.47,50631,13018196.6,-1
2023-07-23,255,275,253,267,4.71,95198,24836954.4,1
2023-07-24,264,274,256.8,260,-2.62,94779,25205947.3,-1
2023-07-25,260,262,247,249,-4.23,76633,19268382.43,-1
2023-07-26,253,258,246,251,0.8,48886,12352419.3,-1
2023-07-27,255,255,248.2,250,-0.4,30072,7531321.6,-1
2023-07-30,250,255,246,246.8,-1.28,18263,4539196.7,-1
2023-07-31,251,252,246.4,247,0.08,13082,3252929.9,-1
2023-08-01,246.1,249.7,244,244,-1.21,24677,6068522.2,-1
2023-08-02,242,250,242,250,2.46,31501,7725061.5,1
2023-08-03,254,254.7,248.3,248.3,-0.68,30989,7760670.6,-1
2023-08-06,253.2,273.1,253.2,265,6.73,277818,74599478.5,1
2023-08-07,260,264.8,256,258,-2.64,86650,22509521.1,-1
2023-08-08,257.1,261,255,257.9,-0.04,27802,7142925.1,1
2023-08-09,257,258,252,258,0.04,42358,10756388.8,1
2023-08-10,261,262,256,260,0.78,23004,5951091,-1
2023-08-13,262,266,258,264,1.54,76591,20154531.8,1
2023-08-14,269,271,264,267.3,1.25,56788,15263156.2,-1
2023-08-15,268,271,262.3,263,-1.61,36592,9699228.1,-1
2023-08-16,262,265,260.1,261.4,-0.61,19294,5046469.7,-1
2023-08-17,264.9,264.9,261,261.9,0.19,18286,4788137.5,-1
2023-08-20,260,265,259,260,-0.73,19605,5114960.3,0
2023-08-21,263.8,263.8,260,260.8,0.31,21850,5689723.3,-1
2023-08-22,261.9,263,258,263,0.84,17678,4605045.6,1
2023-08-23,260.1,265,260.1,263,0,19743,5199045,1
2023-08-24,261,264,260,260.1,-1.1,22080,5775998.2,-1
2023-08-27,259,261,256.7,257,-1.19,16373,4228741.8,-1
2023-08-28,260,260,256,258,0.39,15772,4064069.8,-1
2023-08-29,256,260,255,257,-0.39,14786,3806786.6,1
2023-08-30,261.9,262.9,258.2,258.5,0.58,18400,4790556.8,-1
2023-09-03,255,260,255,255.3,-1.24,33984,8715813.3,1
2023-09-04,258,258,252.1,254,-0.51,17422,4431984.3,-1
2023-09-05,250,255,250,252.1,-0.75,16605,4209442.9,1
2023-09-07,252.2,253.9,250.6,251,-0.44,10055,2529411.6,-1
2023-09-10,256,256,252,254.9,1.55,12819,3266248.1,-1
2023-09-11,259,264,255,263.9,3.53,21840,5706368,1
2023-09-12,267.5,267.5,259.2,260.8,-1.17,9532,2487237.9,-1
2023-09-13,257,265.5,256,264,1.23,18534,4888486.4,1
2023-09-17,269,269,259,259.9,-1.55,28163,7354852,-1
2023-09-18,258,260.9,258,259.3,-0.23,24190,6270570.3,1
2023-09-19,263.9,263.9,258,261,0.66,14795,3845276.7,-1
2023-09-21,265,270,262.2,262.7,0.65,50228,13238156.5,-1
2023-09-24,267,267,260,261,-0.65,13632,3565983.8,-1
2023-09-25,261,261.9,255.9,260.5,-0.19,10018,2607137.8,-1
2023-09-26,264.5,264.5,258.9,260,-0.19,39214,10194999.1,-1
2023-09-27,262,265,257.1,259,-0.38,30760,7998716,-1
2023-10-01,259,263,257,258.9,-0.04,60740,15724017,-1
2023-10-02,257,262.1,256.2,260.3,0.54,40811,10592210.4,1
2023-10-03,257,262.9,257,261.8,0.58,35324,9219741.5,1
2023-10-04,263,264.6,259,259.3,-0.95,8133,2113414.5,-1
2023-10-05,263,263,256,258,-0.5,7398,1905020.8,-1
2023-10-08,263,263.1,254.4,254.5,-1.36,28146,7191107.3,-1
2023-10-09,252.5,254,251.1,253,-0.59,10233,2584008.3,1
2023-10-10,257,258,251.1,252,-0.4,9470,2394063.6,-1
2023-10-11,250,255,248,250.3,-0.67,19245,4807925,1
2023-10-12,250,251.9,247.3,248.3,-0.8,28503,7090011.9,-1
2023-10-16,250,250,246,248,-0.12,11941,2946188.8,-1
2023-10-17,252,253.9,249,251,1.21,8118,2034157.9,-1
2023-10-18,252,270,251,260,3.59,23077,6008028,1
2023-10-19,264,264,255.3,259,-0.38,9050,2343455.1,-1
2023-10-29,259,259,253,255,-1.54,16265,4147753.6,-1
2023-10-30,253.5,255,251,255,0,33815,8569072.2,1
2023-10-31,260,260,250,251.7,-1.29,12366,3102423.1,-1
2023-11-01,250,251.7,248,251,-0.28,24366,6084726.5,1
2023-11-02,254,254,248,248.2,-1.12,14152,3521359.9,-1
2023-11-05,244,244,236,240.9,-2.94,67192,16163462.5,-1
2023-11-06,240,253.2,236.1,245,1.7,36331,8824926.9,1
2023-11-07,248.9,248.9,242,244,-0.41,28233,6880582.3,-1
2023-11-06,240,253.2,236.1,245,1.7,36331,8824926.9,1
2023-11-07,248.9,248.9,242,244,-0.41,28233,6880582.3,-1
2023-11-08,240.4,246.9,240.3,246.5,1.02,8644,2117730.1,1
2023-11-09,241.6,245.9,241,244,-1.01,10046,2445056.7,1
2023-11-20,244,248.5,239.6,239.6,-1.8,13280,3203566.2,-1
2023-11-21,239.6,239.9,235,239,-0.25,12618,3005996.9,-1
2023-11-22,238,245,238,245,2.51,8661,2091879.6,1
2023-11-23,245,269.5,240.2,245,0,6824,1669458.4,0
2023-11-26,240.5,246,240.1,242,-1.22,15023,3660075.4,1
2023-11-27,240,245.1,240,244,0.83,13748,3342653.5,1
2023-11-28,245,245,240.2,242,-0.82,8124,1961479.3,-1
2023-11-29,243,264.9,240.1,241.8,-0.08,9876,2394995.2,-1
2023-11-30,240,241,238,239,-1.16,10214,2447712.8,-1
2023-12-03,236.6,242.9,236.6,239,0,14293,3412903.1,1
2023-12-04,236,243,236,240,0.42,7552,1805414.8,1
2023-12-05,239.9,240,236,238,-0.83,10287,2451001.6,-1
2023-12-06,240,240,235.1,236,-0.84,10646,2515241.8,-1
2023-12-07,236.1,240.5,236.1,239,1.27,16898,4044117.9,1
2023-12-10,243.7,248.5,243.7,248.5,3.97,60,14862,1
2023-12-11,253.4,258,245,246,-1.01,36977,9184349.5,-1
2023-12-12,246.2,252,242,245.4,-0.24,68084,16885697.6,-1
2023-12-13,250.3,251.5,246,246.7,0.53,31055,7726674.7,-1
2023-12-14,242.6,249,242.6,248,0.53,13670,3377975.2,1
2023-12-17,243.1,249.8,243.1,248.5,0.2,25584,6334500.4,1
2023-12-18,250,255,247,251,1.01,44779,11264998.7,1
2023-12-19,250,262.2,250,261,3.98,62432,16066588.4,1
2023-12-20,256,267.2,256,261.3,0.11,57332,15045854.6,1
2023-12-21,261,264,255.3,256,-2.03,39429,10219189.5,-1
2023-12-24,259,260,253.1,253.5,-0.98,44028,11289852,-1
2023-12-27,258.5,258.5,248.5,249.6,-1.54,15367,3846320.8,-1
2023-12-28,249,249.9,245.3,247,-1.04,19671,4850830.6,-1
2024-01-01,251,251,246.2,248.9,0.77,33313,8278812.6,-1
2024-01-02,249,249,245,248.5,-0.16,34706,8575110.5,-1
2024-01-03,248,248,243.1,246.9,-0.64,17254,4227147.1,-1
2024-01-04,247,249.9,244,245,-0.77,30433,7457873.7,-1
2024-01-07,245,246,241,243.4,-0.65,39659,9644017.6,-1
2024-01-08,248,248,241,243.7,0.12,15763,3826990.5,-1
2024-01-09,248,248,243.1,245.1,0.57,29582,7253697.7,-1
2024-01-10,245,248,244,245,-0.04,31999,7854889.8,0
2024-01-11,244.1,246.1,242.5,245,0,13027,3183707.5,1
2024-01-14,246.1,247,243.7,245.9,0.37,25759,6323452.5,-1
2024-01-16,245.9,252,245,246.8,0.37,43763,10872335,1
2024-01-17,247.2,251,245,247,0.08,76378,18940463.1,-1
2024-01-18,246,250,243.1,247,0,29336,7223646.1,1
2024-01-21,247,248.2,243.4,243.9,-1.26,48190,11812583.6,-1
2024-01-22,243,248,243,244,0.04,45887,11234734.5,1
2024-01-23,242.1,246.9,242.1,245.2,0.49,21982,5382654.6,1
2024-01-24,245,247,242.3,245.5,0.12,25650,6275597.1,1
2024-01-25,244.5,247,244.5,245.1,-0.16,35252,8657513.2,1
2024-01-28,245,248,244,245,-0.04,23496,5750915.7,0
2024-01-29,249.5,249.5,245.1,246.5,0.61,22283,5496052.8,-1
2024-01-30,249.5,249.5,244.5,245.5,-0.41,17528,4295121,-1
2024-01-31,245,247.4,243.2,243.2,-0.94,16597,4046904.8,-1
2024-02-01,242,242.5,240.1,240.5,-1.11,18935,4566695.2,-1
2024-02-04,245,245,239.2,240.5,0,21433,5149031.6,-1
2024-02-05,240,242.5,239,242,0.62,19382,4662138.5,1
2024-02-06,244.9,244.9,240,240.7,-0.54,12116,2916847.4,-1
2024-02-07,245.5,245.5,239,241,0.12,22381,5380378.9,-1
2024-02-08,239,242,239,242,0.41,19510,4706656.8,1
2024-02-11,240,240,233.6,236.8,-2.15,42535,10079327.6,-1
2024-02-12,237.2,239,235.2,238,0.51,17401,4122720.1,1
2024-02-13,238,238,231.3,231.3,-2.82,23082,5401946.5,-1
2024-02-14,232,235,230.1,233,0.73,19694,4575045.8,1
2024-02-15,230.1,236.7,230,236.7,1.59,42526,9956723.2,1
2024-02-18,233,235.9,230,230.6,-2.58,48129,11105439.7,-1
2024-02-20,230,234.5,230,230,-0.26,31788,7349419.2,0
2024-02-21,233,234.4,229.3,230.3,0.13,11891,2743350.1,-1
2024-02-22,230,232,228.9,229,-0.56,15542,3566557.9,-1
2024-02-25,230,230,227.1,227.1,-0.83,22617,5165066.5,-1
2024-02-26,228,230,225.1,228,0.4,14222,3226207.8,0
2024-02-27,226.2,229.9,226,227,-0.44,15986,3624302,1
2024-02-28,231,231,226.2,228,0.44,10145,2304421.2,-1
2024-02-29,227,228,225.1,225.8,-0.96,16986,3847648.7,-1
2024-03-03,230,230,223,224,-0.8,14194,3184330.9,-1
2024-03-04,228,237.4,228,237.4,5.98,530,121182,1
2024-03-05,242.1,242.1,228.6,229.5,-3.33,22320,5174348.4,-1
2024-03-06,229.5,231,225.5,228.3,-0.52,22025,5043571.3,-1
2024-03-07,229,229.9,226.1,228.1,-0.09,23094,5282655.3,-1
2024-03-10,232.6,236,228,231,1.27,12089,2790977.4,-1
2024-03-12,235,239.7,231.2,239.7,3.77,34642,8161336.3,1
2024-03-13,240,242,235,236,-1.54,14493,3431701.7,-1
2024-03-14,236,236,231.4,233.5,-1.06,23461,5456473.3,-1
2024-03-17,233,235,230,235,0.64,26682,6226215.1,1
2024-03-18,239.7,239.7,234,235,0,21615,5097592.9,-1
2024-03-19,235,236,232,234.4,-0.26,24816,5826880.8,-1
2024-03-20,239,239,230.2,234.5,0.04,21729,5059894.2,-1
2024-03-21,230.1,238,230,235,0.21,18890,4432653,1
2024-03-25,235,235,230.3,233.5,-0.64,30270,7070949.7,-1
2024-03-26,234,235,231.2,233.5,0,24395,5683731.7,-1
2024-03-27,233.5,234.4,228.5,230.1,-1.46,35243,8108945.8,-1
2024-03-28,234.7,234.7,228.4,230,-0.04,17792,4089951.5,-1
2024-03-31,228,232,227.4,228.4,-0.7,12071,2773438.3,1
2024-04-01,228,230,225,228,-0.18,29683,6717812.7,0
2024-04-02,232.5,232.5,225.3,228,0,14167,3206644.7,-1
2024-04-03,230,230,226,230,0.88,27641,6282366.7,0
2024-04-04,226.1,227.5,226,226.2,-1.65,16873,3818198.6,1
2024-04-07,227,229,225.1,228,0.8,23508,5305895.7,1
2024-04-09,228,230,226,227.5,-0.22,14615,3322977.9,-1
2024-04-10,230,230,226.6,227,-0.22,16651,3786957.5,-1
2024-04-14,225,229,224,226.1,-0.4,34920,7905865.8,1
2024-04-15,226,228,224.5,225,-0.49,11054,2489757.3,-1
2024-04-16,225.1,226,223,223.6,-0.62,9690,2174354.7,-1
2024-04-18,223,225,223,223.4,-0.09,8650,1934318.2,1
2024-04-21,227.8,234,225,233,4.3,50829,11649302.1,1
2024-04-22,234,235,229,229.4,-1.55,20603,4769306.5,-1
2024-04-24,230,231.9,228.1,229.5,0.04,18242,4195411.4,-1
2024-04-25,229,232.9,227.5,230,0.22,13249,3043740.4,1
2024-04-28,228.1,250.9,226.1,235.5,2.39,30349,6992774.2,1
2024-04-29,240.2,240.2,232,236.2,0.3,25653,6064420.6,-1
2024-04-30,240.9,240.9,235,240,1.61,35982,8592327.4,-1
2024-05-02,244.8,244.8,238,241,0.42,68990,16586807.2,-1
2024-05-05,238,240,234.5,239,-0.83,22003,5207394.7,1
2024-05-06,239.8,240,235,235.5,-1.46,22081,5213374.2,-1
2024-05-07,235.1,237.9,235,237.1,0.68,20390,4815076.2,1
2024-05-08,236.5,236.8,228,233,-1.73,7893,1845944.2,-1
2024-05-09,236.8,241.5,233.1,239,2.58,37949,9016046,1
2024-05-12,243.7,243.7,234.4,239,0,14870,3514468.3,-1
2024-05-13,243.7,246,235,245,2.51,51018,12398418.2,1
2024-05-14,249.9,249.9,242.5,245,0,13509,3314731.6,-1
2024-05-15,241.1,247,240.1,244,-0.41,24472,5958962.5,1
2024-05-16,248.8,248.8,239,241.1,-1.19,24081,5854379.7,-1
2024-05-19,245.9,260.1,242,254,5.35,67790,16906481.8,1
2024-05-20,259,265.1,254,261.1,2.8,147012,38457283.5,1
2024-05-21,266.3,266.3,260.1,261.5,0.15,38353,10041766.6,-1
2024-05-22,258,287.6,258,280,7.07,168134,45697872.8,1
2024-05-26,285,285.6,276,277.5,-0.89,93070,26082482.6,-1
2024-05-27,277.5,280,272,277,-0.18,63787,17497028.4,-1
2024-05-29,282.5,292.9,267,270,-2.53,55763,15262204.4,-1
2024-05-30,267,267.3,260,261,-3.33,30737,8058622.4,-1
2024-06-02,264.9,265.6,258.1,265,1.53,36533,9581141.9,1
2024-06-03,270.3,270.3,261.2,262,-1.13,26425,6961479.2,-1
2024-06-04,267.2,267.2,258,266.9,1.87,39795,10462244.8,-1
2024-06-05,272.2,272.2,262.4,264,-1.09,16572,4373892.2,-1
2024-06-06,268.5,268.5,260,261.9,-0.8,23243,6060520.5,-1
2024-06-09,267.1,267.1,255,255,-2.63,30419,7820682.6,-1
2024-06-10,260.1,260.1,249.9,254,-0.39,38941,9767907.9,-1
2024-06-11,259,261,254,259,1.97,26904,6911805.4,0
2024-06-12,263,282.9,259.6,269,3.86,35200,9303155.4,1
2024-06-13,269,269,264.6,266,-1.12,17533,4657802.5,-1
2024-06-16,270,270,261.2,268,0.75,33067,8772513.7,-1
2024-06-18,267.9,267.9,261.5,261.5,-2.43,19809,5224418.5,-1
2024-06-19,266.7,266.7,261.1,263,0.57,8129,2129622.1,-1
2024-06-20,258,265,258,261,-0.76,14554,3791134,1
2024-06-23,258.1,287.1,258,260,-0.38,22427,5847220.4,1
2024-06-24,265.2,286,257.1,265,1.92,41247,10856480.7,-1
2024-06-25,266,267,261,262.5,-0.94,22605,5952486.8,-1
2024-06-26,260.1,264,260,263,0.19,7484,1963148.1,1
2024-06-27,260.1,265,260,261,-0.76,28727,7479023.3,1
2024-06-30,262,262.9,257.3,259,-0.77,17310,4482561.4,-1
2024-07-01,256,268,256,267.5,3.28,62619,16596784.8,1
2024-07-02,272.8,286.6,268.4,272,1.68,87848,23953893.4,-1
2024-07-03,272,274.9,262,271,-0.37,41796,11197687.8,-1
2024-07-04,270,275,267.1,272.9,0.7,86098,23340200.9,1
2024-07-07,271,283,271,281.1,3,106759,29570800.6,1
2024-07-08,282,286.4,279.4,280.5,-0.21,49865,14044240.7,-1
2024-07-09,286.1,287.5,278,285.2,1.68,274360,78261794.4,-1
2024-07-10,283,288,282,286.5,0.46,42559,12128099.3,1
2024-07-11,288.1,291.8,286,291,1.57,139159,40177460.2,1
2024-07-14,296.8,308,294,298.5,2.58,113142,33735563.7,1
2024-07-15,304.4,308,290.2,294,-1.51,115912,34259252.8,-1
2024-07-16,299,320,288.8,310,5.44,270358,80587886.3,1
2024-07-17,316.2,316.2,305,314,1.29,147540,45815225.8,-1
2024-07-18,314.1,340,309,331.8,5.67,213901,69657317.3,1
2024-07-21,332,340,321.6,335,0.96,304300,101808123.4,1
2024-07-22,335,335,323.4,330,-1.49,151988,50039806.4,-1
2024-07-23,330,350,324,343.5,4.09,237532,80016071.5,1
2024-07-24,343,347,337.2,341.5,-0.58,194863,66541531.3,-1
2024-07-25,337.5,354,337,352,3.07,222739,77525495.9,1
2024-07-28,359,387.2,359,387.2,10,671424,255583871.9,1
2024-07-29,394.9,400,374,377,-2.63,296529,113744206.1,-1
2024-07-30,384.5,384.5,362,377,0,230971,85649042,-1
2024-07-31,373,384.9,370.1,376.4,-0.16,287817,109362943.2,1
2024-08-01,383,383,369.5,369.8,-1.75,302530,112890009.8,-1
2024-08-05,377.1,400,377.1,386,4.38,622697,241206158.6,1
2024-08-06,393,393,372,372.1,-3.6,338449,129531986.7,-1
2024-08-07,372.1,380.4,367,378,1.59,181152,68040499.9,1
2024-08-08,380,384.9,375,375.1,-0.77,134799,50962171.5,-1
2024-08-11,379,384.9,376,383.9,2.35,303869,115793416.4,1
2024-08-12,383.9,392.5,383.1,392,2.11,283100,110126483.8,1
2024-08-13,394,405,393,400,2.04,357409,142668050.9,1
2024-08-14,402,406,396,402.1,0.53,259891,104298550.2,1
2024-08-15,405,423.1,400,419,4.2,511952,213614740.5,1
2024-08-18,427.3,428.4,407,410,-2.15,573837,239581433,-1
2024-08-21,412,417,406,414.9,1.2,272796,112194875.1,1
2024-08-22,411,420.2,410.3,411,-0.94,184187,76391676,0
2024-08-25,402.8,415,398.2,399,-2.92,280315,112712398.5,-1
2024-08-27,397,397,379,382,-4.26,316327,122150553.4,-1
2024-08-28,382,394.9,378,382.5,0.13,173834,67225870.2,1
2024-08-29,390,390,374,376.4,-1.59,171319,64791396,-1
2024-09-01,380,384.5,372.6,373,-0.9,129467,48842445,-1
2024-09-02,373,387,371,385,3.22,150424,57302444.7,1
2024-09-03,390,392,379.2,385.2,0.05,108022,41601901.1,-1
2024-09-04,392.9,392.9,375,376.8,-2.18,136516,51779018.4,-1
2024-09-05,378,378,368,373,-1.01,96884,36058306.8,-1
2024-09-08,378.4,378.4,370,373,0,100624,37484875.1,-1
2024-09-09,368,374.5,362.6,362.6,-2.79,86782,31794821.3,-1
2024-09-10,364,368.9,358.2,360,-0.72,66020,23952823.8,-1
2024-09-11,365.2,365.2,350,356,-1.11,88445,31608632.1,-1
2024-09-12,363.1,366.4,352,365,2.53,61295,22062319,1
2024-09-15,371,372.3,359.1,360,-1.37,90671,33196564.2,-1
2024-09-16,360,360,349,349.1,-3.03,67066,23670900.5,-1
2024-09-18,350,357.9,346,353.1,1.15,86056,30412765,1
2024-09-22,360.1,365,355.5,355.6,0.71,61970,22226710.5,-1
2024-09-23,362.7,362.7,352,354,-0.45,59299,21128620.4,-1
2024-09-24,354,359,350.1,351.2,-0.79,83688,29547922.3,-1
2024-09-25,351,359.9,348.9,359,2.22,78883,27964765.1,1
2024-09-26,359,365,355,357,-0.56,34594,12391495.7,-1
2024-09-29,357,357,350,352.3,-1.32,35272,12434920.1,-1
2024-09-30,350,358,350,357.5,1.48,36555,13010791.5,1
2024-10-01,357,372,357,370.1,3.52,87013,32006134.4,1
2024-10-02,370.1,377,359,369,-0.3,79249,29332657.8,-1
2024-10-06,369,378,367,378,2.44,89543,33569771.2,1
2024-10-07,378,385,378,382,1.06,72876,27796217.9,1
2024-10-08,387,387,378,381.4,-0.16,55126,21053876.7,-1
2024-10-09,378,384,376,383.5,0.55,52289,19865539.8,1
2024-10-15,383.5,389,381,387.5,1.04,51430,19810485.3,1
2024-10-16,388,396,388,395.4,2.04,88954,35037706.5,1
2024-10-17,400,400,392.3,394,-0.35,84201,33256727.1,-1
2024-10-20,390,394.9,380,386.6,-1.88,112813,43954547.9,-1
2024-10-21,381.1,385.9,377.5,377.6,-2.33,85200,32426996.9,-1
2024-10-22,375.5,382,374.2,378.1,0.13,53921,20337142.8,1
2024-10-23,378.1,384,365,367,-2.94,135310,50127693.2,-1
2024-10-24,373,373,352.8,361.1,-1.61,118792,42683503.8,-1
2024-10-27,354.8,365,354.8,358.9,-0.61,43996,15803994.9,1
2024-10-28,354.1,366,354.1,366,1.98,44073,15958086.9,1
2024-10-29,367,373.3,366,371,1.37,63203,23360199.4,1
2024-10-30,377,377,370,371.5,0.13,33749,12577446.7,-1
2024-11-05,371,376,366.2,366.5,-1.35,31483,11626714.3,-1
2024-11-06,369.5,369.5,363.1,366.1,-0.11,32031,11716757.3,-1
2024-11-10,373.4,373.4,363,369.9,1.04,58328,21462792.6,-1
2024-11-11,369,375.9,369,370,0.03,71670,26728029.5,1
2024-11-12,377,377,369,369,-0.27,62383,23141590.5,-1
2024-11-13,375,375,364,367.2,-0.49,34318,12612880.7,-1
2024-11-14,367,371.4,365,365.1,-0.57,46503,17077353.2,-1
2024-11-17,366,370.9,361,363,-0.58,72913,26511770.1,-1
2024-11-19,360,365,359,359.1,-1.07,65017,23467311.9,-1
2024-11-20,365,365,353,358.9,-0.06,26760,9557312.8,-1
2024-11-21,357,359,352.7,353,-1.64,55719,19742115.6,-1
2024-11-24,359,359,350,350,-0.85,41256,14533107.2,-1
2024-11-25,357,357,350,351.9,0.54,32139,11298876.7,-1
2024-11-26,358.9,358.9,351,356.8,1.39,28610,10128807.8,-1
2024-11-27,358,358.4,356,358,0.34,38927,13908128.5,0
2024-11-28,358,361,356,360,0.56,42328,15176775.5,1
2024-12-01,367.2,367.2,350,355.6,-1.22,43405,15422350.8,-1
2024-12-02,359.9,359.9,351.2,352.4,-0.9,47343,16725839.3,-1
2024-12-03,354,354,350.2,351.6,-0.23,33741,11881557.6,-1
2024-12-04,358.6,358.6,350.5,352,0.11,38930,13710860.5,-1
2024-12-05,350.2,352.1,348,349,-0.85,35035,12267815.4,-1
2024-12-08,346.1,349,340,341.2,-2.23,53335,18317019.6,-1
2024-12-09,341.6,345,336.7,339,-0.64,32050,10878210.8,-1
2024-12-10,340,340,330,331,-2.36,46578,15550207.2,-1
2024-12-11,330,336,323,336,1.51,69547,22915794.5,1
2024-12-12,342.7,342.7,329,333,-0.89,27811,9272861.5,-1
2024-12-16,333,333,320,321,-3.6,72485,23480331.9,-1
2024-12-17,322,324.9,319.1,322,0.31,38502,12430122.2,0
2024-12-18,321,324.9,321,322.5,0.16,27913,9012849.1,1
2024-12-19,328.9,328.9,323.8,324,0.47,99471,32378691.1,-1
2024-12-22,317.6,326.4,317.6,323.2,-0.25,30552,9872536,1
2024-12-23,321,326,318,325,0.56,34848,11232673.4,1
2024-12-24,327.4,329,322.1,326.9,0.58,24396,7956093.7,-1
2024-12-26,323.4,335,322,333.8,2.11,53904,17759346.6,1
2024-12-29,334.2,337,332,333.9,0.03,105485,35314898.3,-1
2024-12-31,321.9,321.9,309.8,314,-3.14,52420,16402482.9,-1
2025-01-01,314,315,307,307.1,-2.2,33089,10242782,-1
2025-01-02,307,308,304,306,-0.36,28790,8795851.9,-1
2025-01-05,310,310,300.1,302,-1.31,31591,9548285.4,-1
2025-01-06,301,305,300,305,0.99,33107,10004250.9,1
2025-01-07,299,304.9,299,303,-0.66,23953,7254800.9,1
2025-01-08,309,309,300,302.1,-0.3,27123,8216170.6,-1
2025-01-09,302,303.9,299.5,302.1,0,47238,14199169.1,1
2025-01-12,305.5,305.5,296.3,296.3,-1.92,23901,7116068.1,-1
2025-01-13,297,297,290.5,293.9,-0.81,38612,11284248.1,-1
2025-01-15,293,293,285,285.5,-2.86,47411,13598084,-1
2025-01-16,285,286,280,283.8,-0.6,46231,13046285.4,-1
2025-01-19,280,287,275.1,286.5,0.95,41611,11706566.7,1
2025-01-20,288.1,289.8,284,285,-0.52,19577,5593474.5,-1
2025-01-21,285,285,280,281,-1.4,29055,8184569.9,-1
2025-01-22,281,284.9,280.5,284,1.07,36936,10429877.6,1
2025-01-23,287.5,290,285,289,1.76,40746,11768404.1,1
2025-01-26,290,292.7,283.3,287.6,-0.48,43687,12571731.8,-1
2025-01-27,287,287,283,283.5,-1.43,23094,6572040.2,-1
2025-01-28,285,287,281.1,286,0.88,27911,7954617.2,1
2025-02-02,288,295,286,294.9,3.11,53452,15597732.3,1
2025-02-03,296,303.9,296,299,1.39,49607,14874076.6,1
2025-02-04,300,304.9,297,297,-0.67,51668,15563801,-1
2025-02-05,296,299,295,297.2,0.07,27079,8045263.8,1
2025-02-06,297,302,296.7,298,0.27,39334,11756797,1
2025-02-09,298,301,293.2,295,-1.01,22682,6712938.7,-1
2025-02-10,293.5,296,293.1,295,0,16601,4874477,1
2025-02-11,295,295,290.1,291.8,-1.08,13397,3910760.5,-1
2025-02-12,291,295,290.6,291.5,-0.1,24571,7168466.7,1
2025-02-13,295.3,295.3,290.1,293.1,0.55,21247,6206659.8,-1
2025-02-16,293,295,289.3,291.4,-0.58,30069,8740886.8,-1
2025-02-17,292,300.9,289.5,295,1.24,70893,20876768.9,1
2025-02-18,298,301.9,296,300,1.69,61491,18437745.5,1
2025-02-20,300,300,295,296,-1.33,41190,12208324.3,-1
2025-02-23,290.1,299,285,294,-0.68,54840,16102961.8,1
2025-02-24,292,299,292,293.9,-0.03,31364,9243592.2,1
2025-02-25,295.5,297.8,292,293.1,-0.27,36537,10756621.5,-1
2025-02-27,298.9,310,297,303,3.38,72598,21975153.2,1
2025-03-02,305,311,300,309,1.98,140917,43384695.3,1
2025-03-03,314,315,306.5,309,0,77760,24204318,-1
2025-03-04,302.9,310.9,302.9,304.3,-1.52,74386,22817879.8,1
2025-03-05,301.1,306,300.2,301.5,-0.92,55112,16722408.4,1
2025-03-06,302,305,300.2,301,-0.17,29555,8910185.3,-1
2025-03-09,300,305,296,297,-1.33,24088,7173557.2,-1
2025-03-10,297,300,294.2,294.2,-0.94,30724,9095409.5,-1
2025-03-11,299.8,299.8,291,292,-0.75,26267,7709102.5,-1
2025-03-12,289.1,294.9,289.1,293,0.34,24116,7025526.5,1
2025-03-16,293,293,289,290,-1.02,35376,10276644.4,-1
2025-03-17,290,291.8,289,290,0,20075,5822417.9,0
2025-03-18,295.8,295.8,289,289.6,-0.14,19349,5621101.9,-1
2025-03-19,291,291,286,286.1,-1.21,21954,6317880.1,-1
2025-03-20,284,288,283,285.66,-0.15,16174,4618907,1
2025-03-23,290,290,282,282.36,-1.16,55957,15852138.4,-1
2025-03-24,282.9,287.9,280,285.87,1.24,15084,4279533.9,1
2025-03-25,289.5,290,280,280.58,-1.85,33659,9487318.2,-1
2025-03-26,280,283,278.5,282.17,0.57,18208,5119018.8,1
2025-03-27,287.8,287.8,283.7,285.38,1.14,21529,6129493.5,-1
2025-03-30,285,290,285,287.3,0.67,28128,8102372.4,1
2025-04-01,290,290,285,288.99,0.59,16186,4653391.8,-1
2025-04-02,288,313,285.2,295.23,2.16,41118,11995502.9,1
2025-04-03,295,303.9,295,299.13,1.32,79398,23849007.6,1
2025-04-07,305,305,291.1,291.72,-2.48,20209,5920361,-1
2025-04-08,290,293,285,291.09,-0.22,33174,9530833.2,1
2025-04-09,296.9,300,289.9,290.37,-0.25,23950,6979137.6,-1
2025-04-10,291,293,287.1,287.85,-0.87,19731,5687713.3,-1
2025-04-13,290,290,285,288.18,0.11,24409,7024076.9,-1
2025-04-15,292,292.9,286.2,288.45,0.09,21484,6236362.3,-1
2025-04-16,294,294,289,289.97,0.53,23865,6952798.4,-1
2025-04-17,295,295,289.5,291.96,0.69,26221,7651074.8,-1
2025-04-20,296,297,288.2,290.92,-0.36,37196,10809294.5,-1
2025-04-21,293,293,287,287.56,-1.15,23794,6867513.3,-1
2025-04-22,291,291,285.1,285.99,-0.55,20167,5767480.3,-1
2025-04-23,286,287,282.1,282.91,-1.08,21640,6142098.4,-1
2025-04-24,282.1,284.8,280.5,283.45,0.19,20455,5766008.1,1
2025-04-27,285,285.9,280.3,281.27,-0.77,26308,7412711,-1
2025-04-28,280.4,282.8,280,282.06,0.28,22512,6342921.2,1
2025-04-29,280,283,280,281.09,-0.34,16939,4768573.8,1
2025-04-30,280,281.9,279,280.63,-0.16,25703,7211538.1,1
2025-05-04,285,285,279,280.11,-0.19,19617,5507240.8,-1
2025-05-05,280,281.5,279,280.16,0.02,14774,4139184.2,1
2025-05-06,279,281,277.5,277.83,-0.83,24515,6822398.1,-1
2025-05-07,272.3,287,272.3,286.33,3.06,29812,8423092.2,1
2025-05-08,292,292,283,287.17,0.29,22151,6385490.4,-1
2025-05-11,292,292,284,284.27,-1.01,21211,6046435.5,-1
2025-05-13,286.79,286.79,280.9,282.06,-0.78,21636,6119318.96,-1
2025-05-14,280.1,285,280,281.08,-0.35,18859,5300226.6,1
2025-05-15,280,282,278.2,281.11,0.01,26415,7412963.8,1
2025-05-18,281.5,283.5,278,280.36,-0.27,26842,7510458.4,-1
2025-05-19,280.1,284.9,280.1,282.78,0.86,21693,6134099.5,1
2025-05-20,282,290.7,280,289.4,2.34,29990,8586259.2,1
2025-05-21,295.1,305,288.1,289.29,-0.04,57459,16941172.5,-1
2025-05-22,290,303,284,296.73,2.57,59233,17531706.8,1
2025-05-25,300,300,294.1,294.98,-0.59,29709,8816051.4,-1
2025-05-26,300.8,303,297,297.05,0.7,56707,16946564.2,-1
2025-05-27,295,296,290,294.44,-0.88,37980,11143808.2,-1
2025-05-28,293,300,291.8,299.6,1.75,49484,14693755.4,1
2025-06-02,305.5,306,294.6,296.78,-0.94,56718,16928950.1,-1
2025-06-03,295,298,291.1,291.42,-1.81,37267,10906849,-1
2025-06-04,285.7,291,285.7,290.21,-0.42,21673,6263062.5,1
2025-06-05,290,291,283,288.25,-0.68,43892,12598798.4,-1
2025-06-08,288.5,290,285,287.6,-0.23,10481,3010633.6,-1
2025-06-09,286,291,285,288.44,0.29,17735,5128465.9,1
2025-06-10,293,293,287.2,288.33,-0.04,25016,7230860.2,-1
2025-06-11,284.5,291,284.2,288.09,-0.08,13387,3857620.9,1
2025-06-12,285,289.3,285,286.2,-0.66,28838,8250613.9,1
2025-06-15,286.1,288,284,284.25,-0.68,35850,10207666.6,-1
2025-06-16,289,289,284.5,286.05,0.63,25471,7275801.7,-1
2025-06-17,286.2,287,283.1,284.77,-0.45,19099,5428592.1,-1
2025-06-18,285,288,284,285.52,0.26,17243,4924385.6,1
2025-06-19,280,285,280,284.18,-0.47,19789,5620534.7,1
2025-06-22,284,287,280.5,281.08,-1.09,37857,10678944,-1
2025-06-23,278.5,282.4,278.5,281.24,0.06,28893,8105916.6,1
2025-06-24,280.1,285.7,277,281.48,0.09,24677,6983497.5,1
2025-06-25,286,286,281,281.73,0.09,17868,5036748.6,-1
2025-06-26,281.8,284,281.1,281.85,0.04,30005,8456034.1,1
2025-06-29,285,287.4,280,286.67,1.71,37928,10772527.8,1
2025-06-30,290,291,286,287.28,0.21,25817,7430581.2,-1
2025-07-01,281.6,296,281.6,293.7,2.23,65159,18965466.8,1
2025-07-02,295,301.8,294,300.65,2.37,124408,37171581.2,1
2025-07-03,303,305,297,300.74,0.03,123907,37182630.5,-1
2025-07-06,300,306,297,299.94,-0.27,72632,21844890.7,-1
2025-07-07,297,303.5,296,296.51,-1.14,58749,17604399.3,-1
2025-07-08,295.2,299,294,297.08,0.19,76334,22577732.4,1
2025-07-09,301,307,295.1,304.2,2.4,122851,37052937.6,1
2025-07-10,304.2,320,304.1,314.7,3.45,258347,81470959.8,1
2025-07-13,320.9,333.5,320.9,327.02,3.91,215092,70109382.3,1
2025-07-14,329,329,314.2,315.71,-3.46,115004,36558787.3,-1
2025-07-15,312.1,326,311.7,323.7,2.53,106227,33639078,1
2025-07-16,329.9,330.1,324,327.13,1.06,142187,46621305,-1
2025-07-17,328,333.5,328,331.6,1.37,187049,62017332.4,1
2025-07-20,334.9,342,326,330.22,-0.42,226513,76062087.3,-1
2025-07-21,331,335,325.4,332.11,0.57,104403,34510759.5,1
2025-07-22,338,341.9,334,339.57,2.25,142308,48286338.8,1
2025-07-23,340,342,334.2,339.6,0.01,121584,41182967.2,-1
2025-07-24,338,341,335.1,336.59,-0.89,72244,24367907.8,-1
2025-07-27,329.9,339,329.9,332.03,-1.35,129779,43423538,1
2025-07-28,330,333.5,324,331.79,-0.07,118015,38745121.4,1
2025-07-29,338.4,340.1,333.1,335.35,1.07,187129,63071404.2,-1
2025-07-30,342,342,331.5,332.08,-0.98,109653,36788785.7,-1
2025-07-31,334.8,336.6,327,332.18,0.03,128639,42777783.9,-1
2025-08-03,328,329.9,323,326.37,-1.75,89591,29224450.4,-1
2025-08-04,322,329,322,327.91,0.47,73743,24069357.3,1
2025-08-05,325.6,334,325,325.39,-0.77,52835,17323759.5,-1
2025-08-06,331.8,331.8,322.5,327.8,0.74,47800,15610082,-1
2025-08-07,334.3,334.3,325.1,326.85,-0.29,41801,13696872.3,-1
2025-08-11,333.3,344.9,333,334.44,2.32,377771,127070981.7,1
2025-08-12,333,334.5,328,330.97,-1.04,123924,41007028.9,-1
2025-08-13,332,335,330,330.48,-0.15,77384,25688106.5,-1
2025-08-14,331.1,333.9,330.3,332.45,0.6,86636,28776378.5,1
2025-08-17,332.5,337,332,334.66,0.66,80302,26881288.1,1
2025-08-18,337,338.8,334,337.68,0.9,81072,27303826.8,1
2025-08-19,338,339,335,335.67,-0.6,42199,14206187,-1
2025-08-20,336,338,332.1,332.5,-0.94,31830,10611929.6,-1
2025-08-21,333,334,328.6,329.26,-0.97,56884,18775560.3,-1
2025-08-24,330.9,330.9,326,326.2,-0.93,50565,16540565.6,-1
2025-08-25,323,328,323,326.49,0.09,53184,17307499.8,1
2025-08-26,326,329,325.4,326.28,-0.06,27429,8951746.5,1
2025-08-27,332.8,332.8,326,331.31,1.54,45857,15106965.6,-1
2025-08-28,327.1,332,326,327.55,-1.13,66102,21736108.5,1
2025-08-31,331,331,322.5,323.22,-1.32,42198,13713519.1,-1
2025-09-01,329.6,329.6,323.2,327.47,1.31,37584,12228556.1,-1
2025-09-02,334,334,325,325.5,-0.6,25961,8487008.4,-1
2025-09-03,323.5,326.7,323.5,324.08,-0.44,29206,9482167.1,1
2025-09-04,324,325.4,322.2,324.71,0.19,32179,10417268.6,1
2025-09-07,327.8,327.8,320.6,321.11,-1.11,49379,15897110.9,-1
2025-09-08,320.3,321,317,317.16,-1.23,69424,22091514,-1
2025-09-18,310.9,310.9,293,298.7,-5.82,3170,948638,-1
2025-09-21,293,322,293,317.01,6.13,67958,21036109,1
2025-09-23,317,321,312.2,317,0,61925,19628069.4,0
2025-09-24,321.5,321.5,312,316,-0.32,28083,8841447.3,-1
2025-09-25,311,317.9,311,317.3,0.41,29186,9236251.3,1
2025-09-28,317.3,321,315,319.5,0.69,26821,8532207.9,1
2025-10-07,320,322.9,315.8,316.9,-0.81,35362,11215883.7,-1
2025-10-08,315,315,310.5,312.4,-1.42,43145,13452253.4,-1
2025-10-09,318,324,314,317,1.47,44571,14183868.3,-1
2025-10-12,317,317,307,307.7,-2.93,73570,22745799.3,-1
2025-10-13,307,311,306.2,310,0.75,18227,5619864.7,1
2025-10-14,310.5,313.9,307,309,-0.32,26968,8314724.9,-1
2025-10-15,308,308.5,306,308,-0.32,24390,7493603.4,0
2025-10-16,312,312,305.5,308.9,0.29,18464,5661314.4,-1
2025-10-19,307.9,311,305,309.9,0.32,14571,4476640.7,1
2025-10-26,310,310,305,309,-0.29,18308,5623206.8,-1
2025-10-28,309,318,309,315,1.94,20072,6307339.6,1
2025-10-29,308.7,320,308.7,312,-0.95,27920,8746121.8,1
2025-10-30,316.6,319.9,310,313.5,0.48,28033,8779259.1,-1
2025-11-02,319.7,325.9,313,315,0.48,34431,10855529,-1
2025-11-03,320.3,320.3,312,317,0.63,26537,8347086.8,-1
2025-11-04,322,322,309.1,312,-1.58,56192,17517405.3,-1
2025-11-05,309.1,315,308,315,0.96,41787,12968375.1,1
2025-11-06,317,320.8,316,318,0.95,223177,71060057.8,1
2025-11-09,318,318.8,312,315,-0.94,121484,38117064.4,-1
2025-11-10,315,315,312,312.6,-0.76,60370,18863894.3,-1
2025-11-11,312,314,312,313.8,0.38,29052,9089277.5,1
2025-11-12,313,316.9,312,313,-0.25,19975,6242919.6,0
2025-11-13,313,313.9,311.5,312,-0.32,39923,12469171.3,-1
2025-11-16,313,314.5,310.1,312,0,22740,7086510.6,-1
2025-11-17,318.2,318.2,310.1,313.7,0.54,24424,7619221.4,-1
2025-11-18,314,316.9,311.6,314.5,0.26,24019,7533338.6,1
2025-11-19,315,315,312,312.8,-0.54,22061,6893003.7,-1
2025-11-20,312,313.9,312,312.4,-0.13,23008,7195946.3,1
2025-11-23,315,316,313.2,316,1.15,61239,19272047,1
2025-11-24,317.9,318,312,317,0.32,33678,10682338.5,-1
2025-11-25,319,321,316.3,320,0.95,48790,15555151.1,1
2025-11-26,325,325,321,324.5,1.41,63588,20576015,-1
2025-11-27,330,330,322.1,328.9,1.36,192110,62835151.2,-1
2025-11-30,322.4,322.4,306,307,-3.63,67768,20956928.8,-1
2025-12-01,305,306,300.3,303.9,-1.01,56148,16981122.6,-1
2025-12-02,302.9,302.9,300,301,-0.95,40658,12222393.7,-1
2025-12-03,304,304,298.1,298.2,-0.93,23796,7133576.8,-1
2025-12-07,304,304,295.5,298.9,0.23,22681,6735304.1,-1
2025-12-08,302,302,295,296.6,-0.77,24934,7391367.6,-1
2025-12-09,298.9,298.9,292,292.3,-1.45,37931,11132498.7,-1
2025-12-10,297,297,290,291.4,-0.31,24514,7124583.7,-1
2025-12-11,293,293,288,292,0.21,26009,7529284.4,-1
2025-12-14,292,293,287.1,290,-0.68,27744,8008254.7,-1
2025-12-15,288,290,286.2,289.4,-0.21,24328,7006418.9,1
2025-12-16,292,292.9,288,292.9,1.21,14912,4341221.6,1
2025-12-17,294.9,296,292,294,0.38,26518,7791190.3,-1
2025-12-18,297,297,291,292,-0.68,11848,3463805.3,-1
2025-12-21,290,291,287.2,289.8,-0.75,27646,7969548.3,-1
2025-12-22,288,290,286,288.8,-0.35,20208,5801029.3,1
2025-12-23,288,290,285.2,286.9,-0.66,23575,6746825.5,-1
2025-12-24,286,290,285.2,288,0.38,20792,5948636.7,1
2025-12-28,291,316.8,286,297,3.13,49373,14481034.8,1
2025-12-29,302.9,302.9,292,294.4,-0.88,31487,9295774,-1
2025-12-31,294.4,298.5,292,298,1.22,51018,15100726.3,1
2026-01-01,295,296.5,290,295,-1.01,89799,26242678,0
2026-01-04,290,295,288.3,292,-1.02,43097,12521869.3,1
2026-01-05,294.8,295,292.1,293,0.34,17448,5129810.8,-1
2026-01-06,297,297.4,292.6,297.4,1.5,43501,12857015.3,1
2026-01-07,300,300,294,299.7,0.77,29448,8748832.2,-1
2026-01-08,294.3,303,294.3,300,0.1,39057,11691238.4,1
2026-01-12,300,302,298,299.5,-0.17,36804,11038917.3,-1
2026-01-13,300,302,296.3,298,-0.5,11348,3391541.1,-1
2026-01-14,294.1,300,288.4,300,0.67,39336,11668639.3,1
2026-01-18,303,304.8,299,304.8,1.6,88350,26762909.1,1
2026-01-20,303,310.7,302,307.9,1.02,51596,15901946.3,1
2026-01-21,307,313,303.1,306.9,-0.32,34955,10705633.1,-1
2026-01-22,310,310,300.1,304,-0.94,28495,8635838,-1
2026-01-25,307,309.9,302,307.5,1.15,46807,14282934.5,1
