Date,Stock Name,Action,Quantity,Price,Amount,Cash,TMS Khata Value,Portfolio Value,Profit/Loss,Gain %,Reason
"Jan 01, 2015",ADBL,SELL,15,479.0,7185.0,(60.0 + 7185.0 = 7245.0),596310.0,603555.0,3615.0,+101.26%,[Profit Booking] Target Achieved: +101.26% gain. (Market Health: 33.3%)
"Jan 01, 2015",ALICL,SELL,15,1112.0,16680.0,23925.0,592725.0,616650.0,13095.0,+365.27%,[Profit Booking] Target Achieved: +365.27% gain. (Market Health: 33.3%)
"Jan 01, 2015",BPCL,SELL,15,555.0,8325.0,32250.0,580650.0,612900.0,-3750.0,-31.06%,[Stop Loss] Stop-Loss hit at -31.06%. (Market Health: 33.3%)
"Jan 01, 2015",CIT,SELL,15,2980.0,44700.0,76950.0,559650.0,636600.0,23700.0,+112.86%,[Profit Booking] Target Achieved: +112.86% gain. (Market Health: 33.3%)
"Jan 01, 2015",EDBL,SELL,15,510.0,7650.0,84600.0,555555.0,640155.0,3555.0,+86.81%,[Profit Booking] Target Achieved: +86.81% gain. (Market Health: 33.3%)
"Jan 01, 2015",GBBL,SELL,15,308.0,4620.0,89220.0,552855.0,642075.0,1920.0,+71.11%,[Profit Booking] Target Achieved: +71.11% gain. (Market Health: 33.3%)
"Jan 01, 2015",ICFC,SELL,45,237.0,10665.0,99885.0,547155.0,647040.0,4965.0,+87.11%,[Profit Booking] Target Achieved: +87.11% gain. (Market Health: 33.3%)
"Jan 01, 2015",JBBL,SELL,165,149.0,24585.0,124470.0,534015.0,658485.0,11445.0,+87.10%,[Profit Booking] Target Achieved: +87.10% gain. (Market Health: 33.3%)
"Jan 01, 2015",LICN,SELL,75,3080.0,231000.0,355470.0,462570.0,818040.0,159555.0,+223.33%,[Profit Booking] Target Achieved: +223.33% gain. (Market Health: 33.3%)
"Jan 01, 2015",MBL,SELL,15,550.0,8250.0,363720.0,459120.0,822840.0,4800.0,+139.13%,[Profit Booking] Target Achieved: +139.13% gain. (Market Health: 33.3%)
"Jan 01, 2015",NHPC,SELL,30,123.0,3690.0,367410.0,457470.0,824880.0,2040.0,+123.64%,[Profit Booking] Target Achieved: +123.64% gain. (Market Health: 33.3%)
"Jan 01, 2015",SANIMA,SELL,30,526.0,15780.0,383190.0,449505.0,832695.0,7815.0,+98.12%,[Profit Booking] Target Achieved: +98.12% gain. (Market Health: 33.3%)
"Jan 04, 2015",CFCL,SELL,15,153.0,2295.0,385485.0,446550.0,832035.0,-660.0,-22.34%,[Stop Loss] Stop-Loss hit at -22.34%. (Market Health: 39.1%)
"Jan 04, 2015",CZBIL,SELL,15,433.0,6495.0,391980.0,442275.0,834255.0,2220.0,+51.93%,[Profit Booking] Target Achieved: +51.93% gain. (Market Health: 39.1%)
"Jan 05, 2015",MBL,BUY,80,560.0,44800.0,347180.0,487075.0,834255.0,0.0,0.00%,"[Quant Buy] Confidence 75/100: Strong Uptrend, Stable RSI, Positive Momentum, Volume Breakout (Market Health: 47.6%)"
"Jan 05, 2015",ADBL,BUY,86,487.0,41882.0,305298.0,528957.0,834255.0,0.0,0.00%,"[Quant Buy] Confidence 70/100: Strong Uptrend, Stable RSI, Positive Momentum, Golden Cross (Market Health: 47.6%)"
"Jan 08, 2015",CZBIL,BUY,103,434.0,44702.0,260596.0,573659.0,834255.0,0.0,0.00%,"[Quant Buy] Confidence 75/100: Strong Uptrend, Stable RSI, Positive Momentum, Volume Breakout (Market Health: 54.5%)"
"Jan 08, 2015",CFCL,BUY,241,151.0,36391.0,224205.0,610050.0,834255.0,0.0,0.00%,"[Quant Buy] Confidence 70/100: Strong Uptrend, Stable RSI, Positive Momentum, Golden Cross (Market Health: 54.5%)"
"Jan 11, 2015",PCBL,SELL,15,446.0,6690.0,230895.0,605250.0,836145.0,1890.0,+39.38%,[Trend Breakdown] Death Cross: SMA20 crossed below SMA50. (Market Health: 54.2%)
"Jan 13, 2015",ALICL,BUY,31,1230.0,38130.0,192765.0,643380.0,836145.0,0.0,0.00%,"[Quant Buy] Confidence 85/100: Strong Uptrend, Positive Momentum, Volume Breakout, Golden Cross, Healthy Market Index (Market Health: 71.4%)"
"Jan 13, 2015",SANIMA,BUY,45,546.0,24570.0,168195.0,667950.0,836145.0,0.0,0.00%,"[Quant Buy] Confidence 65/100: Strong Uptrend, Stable RSI, Positive Momentum, Healthy Market Index (Market Health: 71.4%)"
"Jan 19, 2015",CHCL,SELL,15,1750.0,26250.0,194445.0,650700.0,845145.0,9000.0,+52.17%,[Profit Booking] Target Achieved: +52.17% gain. (Market Health: 84.0%)
"Jan 19, 2015",EBL,SELL,15,2090.0,31350.0,225795.0,630315.0,856110.0,10965.0,+53.79%,[Profit Booking] Target Achieved: +53.79% gain. (Market Health: 84.0%)
"Jan 19, 2015",JFL,SELL,60,436.0,26160.0,251955.0,613875.0,865830.0,9720.0,+59.12%,[Profit Booking] Target Achieved: +59.12% gain. (Market Health: 84.0%)
"Jan 20, 2015",GBBL,BUY,92,355.0,32660.0,219295.0,646535.0,865830.0,0.0,0.00%,"[Quant Buy] Confidence 65/100: Strong Uptrend, Positive Momentum, Golden Cross, Healthy Market Index (Market Health: 83.3%)"
"Jan 25, 2015",NHPC,BUY,243,126.0,30618.0,188677.0,677153.0,865830.0,0.0,0.00%,"[Quant Buy] Confidence 70/100: Strong Uptrend, Stable RSI, Golden Cross, Healthy Market Index (Market Health: 82.6%)"
"Jan 27, 2015",GFCL,SELL,15,253.0,3795.0,192472.0,675563.0,868035.0,2205.0,+138.68%,[Profit Booking] Target Achieved: +138.68% gain. (Market Health: 84.0%)
"Jan 27, 2015",JBBL,BUY,184,167.0,30728.0,161744.0,706291.0,868035.0,0.0,0.00%,"[Quant Buy] Confidence 80/100: Strong Uptrend, Stable RSI, Positive Momentum, Golden Cross, Healthy Market Index (Market Health: 84.0%)"
"Jan 29, 2015",SBI,SELL,15,997.0,14955.0,176699.0,693481.0,870180.0,2145.0,+16.74%,[Trend Breakdown] Death Cross: SMA20 crossed below SMA50. (Market Health: 91.3%)
"Feb 01, 2015",BPCL,BUY,54,648.0,34992.0,141707.0,728473.0,870180.0,0.0,0.00%,"[Quant Buy] Confidence 100/100: Strong Uptrend, Stable RSI, Positive Momentum, Volume Breakout, Golden Cross, Healthy Market Index (Market Health: 88.0%)"
"Feb 04, 2015",GFCL,BUY,94,225.0,21150.0,120557.0,749623.0,870180.0,0.0,0.00%,"[Quant Buy] Confidence 75/100: Strong Uptrend, Stable RSI, Volume Breakout, Healthy Market Index (Market Health: 84.6%)"
"Feb 11, 2015",GBIME,SELL,15,482.0,7230.0,127787.0,743458.0,871245.0,1065.0,+17.27%,[Trend Breakdown] Death Cross: SMA20 crossed below SMA50. (Market Health: 91.3%)
"Feb 11, 2015",ICFC,BUY,73,280.0,20440.0,107347.0,763898.0,871245.0,0.0,0.00%,"[Quant Buy] Confidence 80/100: Strong Uptrend, Stable RSI, Positive Momentum, Golden Cross, Healthy Market Index (Market Health: 91.3%)"
"Feb 23, 2015",AHPC,SELL,15,348.0,5220.0,112567.0,759068.0,871635.0,390.0,+8.07%,[Trend Breakdown] Death Cross: SMA20 crossed below SMA50. (Market Health: 65.2%)
"Feb 26, 2015",ADBL,SELL,86,475.0,40850.0,153417.0,717186.0,870603.0,-1032.0,-2.46%,[Trend Breakdown] Death Cross: SMA20 crossed below SMA50. (Market Health: 52.2%)
"Mar 01, 2015",NHPC,SELL,243,120.0,29160.0,182577.0,686568.0,869145.0,-1458.0,-4.76%,[Trend Breakdown] Death Cross: SMA20 crossed below SMA50. (Market Health: 54.5%)
"Mar 02, 2015",CFCL,SELL,241,230.0,55430.0,238007.0,650177.0,888184.0,19039.0,+52.32%,[Profit Booking] Target Achieved: +52.32% gain. (Market Health: 60.0%)
"Mar 11, 2015",NHPC,BUY,317,135.0,42795.0,195212.0,692972.0,888184.0,0.0,0.00%,"[Quant Buy] Confidence 90/100: Strong Uptrend, Stable RSI, Positive Momentum, Volume Breakout, Golden Cross (Market Health: 52.2%)"
"Mar 16, 2015",GBBL,SELL,92,328.0,30176.0,225388.0,660312.0,885700.0,-2484.0,-7.61%,[Trend Breakdown] Death Cross: SMA20 crossed below SMA50. (Market Health: 27.3%)
"Mar 18, 2015",KBL,SELL,15,381.0,5715.0,231103.0,656082.0,887185.0,1485.0,+35.11%,[Trend Breakdown] Death Cross: SMA20 crossed below SMA50. (Market Health: 36.0%)
"Mar 18, 2015",NABIL,SELL,15,1901.0,28515.0,259618.0,631182.0,890800.0,3615.0,+14.52%,[Trend Breakdown] Death Cross: SMA20 crossed below SMA50. (Market Health: 36.0%)
"Mar 18, 2015",SANIMA,SELL,45,547.0,24615.0,284233.0,606612.0,890845.0,45.0,+0.18%,[Trend Breakdown] Death Cross: SMA20 crossed below SMA50. (Market Health: 36.0%)
"Mar 18, 2015",GFCL,SELL,94,226.0,21244.0,305477.0,585462.0,890939.0,94.0,+0.44%,[Trend Breakdown] Death Cross: SMA20 crossed below SMA50. (Market Health: 36.0%)
"Mar 24, 2015",HBL,SELL,15,860.0,12900.0,318377.0,573387.0,891764.0,825.0,+6.83%,[Trend Breakdown] Death Cross: SMA20 crossed below SMA50. (Market Health: 17.4%)
"Mar 24, 2015",BPCL,SELL,54,600.0,32400.0,350777.0,538395.0,889172.0,-2592.0,-7.41%,[Trend Breakdown] Death Cross: SMA20 crossed below SMA50. (Market Health: 17.4%)
"Mar 25, 2015",CZBIL,SELL,103,446.0,45938.0,396715.0,493693.0,890408.0,1236.0,+2.76%,[Trend Breakdown] Death Cross: SMA20 crossed below SMA50. (Market Health: 13.0%)
"Mar 26, 2015",MBL,SELL,80,547.0,43760.0,440475.0,448893.0,889368.0,-1040.0,-2.32%,[Trend Breakdown] Death Cross: SMA20 crossed below SMA50. (Market Health: 9.1%)
"Mar 30, 2015",ALICL,SELL,31,1230.0,38130.0,478605.0,410763.0,889368.0,0.0,+0.00%,[Trend Breakdown] Death Cross: SMA20 crossed below SMA50. (Market Health: 8.7%)
"Apr 13, 2015",JBBL,SELL,184,173.0,31832.0,510437.0,380035.0,890472.0,1104.0,+3.59%,[Trend Breakdown] Death Cross: SMA20 crossed below SMA50. (Market Health: 20.0%)
"Apr 16, 2015",ICFC,SELL,73,270.0,19710.0,530147.0,359595.0,889742.0,-730.0,-3.57%,[Trend Breakdown] Death Cross: SMA20 crossed below SMA50. (Market Health: 15.0%)
"Apr 22, 2015",NHPC,SELL,317,122.0,38674.0,568821.0,316800.0,885621.0,-4121.0,-9.63%,[Trend Breakdown] Death Cross: SMA20 crossed below SMA50. (Market Health: 27.3%)
"Jun 24, 2015",SANIMA,BUY,75,556.0,41700.0,527121.0,358500.0,885621.0,0.0,0.00%,"[Quant Buy] Confidence 70/100: Strong Uptrend, Stable RSI, Positive Momentum, Golden Cross (Market Health: 43.5%)"
"Jun 24, 2015",CZBIL,BUY,80,450.0,36000.0,491121.0,394500.0,885621.0,0.0,0.00%,"[Quant Buy] Confidence 60/100: Strong Uptrend, Stable RSI, Golden Cross (Market Health: 43.5%)"
"Jun 29, 2015",NABIL,BUY,23,1905.0,43815.0,447306.0,438315.0,885621.0,0.0,0.00%,"[Quant Buy] Confidence 75/100: Strong Uptrend, Stable RSI, Positive Momentum, Volume Breakout (Market Health: 54.5%)"
"Jun 29, 2015",EBL,BUY,20,2100.0,42000.0,405306.0,480315.0,885621.0,0.0,0.00%,"[Quant Buy] Confidence 70/100: Strong Uptrend, Stable RSI, Positive Momentum, Golden Cross (Market Health: 54.5%)"
"Jun 29, 2015",SBI,BUY,46,896.0,41216.0,364090.0,521531.0,885621.0,0.0,0.00%,"[Quant Buy] Confidence 70/100: Strong Uptrend, Stable RSI, Positive Momentum, Golden Cross (Market Health: 54.5%)"
"Jun 30, 2015",LICN,BUY,15,2850.0,42750.0,321340.0,564281.0,885621.0,0.0,0.00%,"[Quant Buy] Confidence 75/100: Strong Uptrend, Positive Momentum, Volume Breakout, Golden Cross (Market Health: 57.1%)"
"Jul 07, 2015",CHCL,BUY,25,1530.0,38250.0,283090.0,602531.0,885621.0,0.0,0.00%,"[Quant Buy] Confidence 65/100: Strong Uptrend, Stable RSI, Volume Breakout (Market Health: 45.8%)"
"Jul 09, 2015",KBL,BUY,112,379.0,42448.0,240642.0,644979.0,885621.0,0.0,0.00%,"[Quant Buy] Confidence 75/100: Strong Uptrend, Stable RSI, Positive Momentum, Volume Breakout (Market Health: 57.9%)"
"Jul 09, 2015",MBL,BUY,64,563.0,36032.0,204610.0,681011.0,885621.0,0.0,0.00%,"[Quant Buy] Confidence 75/100: Strong Uptrend, Stable RSI, Positive Momentum, Volume Breakout (Market Health: 57.9%)"
"Jul 14, 2015",PCBL,BUY,68,445.0,30260.0,174350.0,711271.0,885621.0,0.0,0.00%,"[Quant Buy] Confidence 75/100: Strong Uptrend, Stable RSI, Positive Momentum, Volume Breakout (Market Health: 54.2%)"
"Jul 16, 2015",BPCL,BUY,48,617.0,29616.0,144734.0,740887.0,885621.0,0.0,0.00%,"[Quant Buy] Confidence 85/100: Strong Uptrend, Stable RSI, Positive Momentum, Volume Breakout, Healthy Market Index (Market Health: 72.0%)"
"Jul 16, 2015",HBL,BUY,24,813.0,19512.0,125222.0,760399.0,885621.0,0.0,0.00%,"[Quant Buy] Confidence 70/100: Strong Uptrend, Stable RSI, Golden Cross, Healthy Market Index (Market Health: 72.0%)"
"Jul 26, 2015",GBIME,BUY,41,511.0,20951.0,104271.0,781350.0,885621.0,0.0,0.00%,"[Quant Buy] Confidence 85/100: Strong Uptrend, Positive Momentum, Volume Breakout, Golden Cross, Healthy Market Index (Market Health: 100.0%)"
"Jul 26, 2015",NHPC,BUY,127,131.0,16637.0,87634.0,797987.0,885621.0,0.0,0.00%,"[Quant Buy] Confidence 80/100: Strong Uptrend, Stable RSI, Positive Momentum, Golden Cross, Healthy Market Index (Market Health: 100.0%)"
"Jul 26, 2015",ADBL,BUY,22,511.0,11242.0,76392.0,809229.0,885621.0,0.0,0.00%,"[Quant Buy] Confidence 65/100: Strong Uptrend, Positive Momentum, Golden Cross, Healthy Market Index (Market Health: 100.0%)"
"Jul 26, 2015",JBBL,BUY,47,209.0,9823.0,66569.0,819052.0,885621.0,0.0,0.00%,"[Quant Buy] Confidence 65/100: Strong Uptrend, Positive Momentum, Golden Cross, Healthy Market Index (Market Health: 100.0%)"
"Jul 28, 2015",JFL,BUY,24,431.0,10344.0,56225.0,829396.0,885621.0,0.0,0.00%,"[Quant Buy] Confidence 80/100: Strong Uptrend, Stable RSI, Positive Momentum, Golden Cross, Healthy Market Index (Market Health: 91.3%)"
"Jul 28, 2015",CFCL,BUY,35,208.0,7280.0,48945.0,836676.0,885621.0,0.0,0.00%,"[Quant Buy] Confidence 65/100: Strong Uptrend, Positive Momentum, Golden Cross, Healthy Market Index (Market Health: 91.3%)"
"Aug 02, 2015",JBBL,SELL,47,173.0,8131.0,57076.0,826853.0,883929.0,-1692.0,-17.22%,[Stop Loss] Stop-Loss hit at -17.22%. (Market Health: 85.0%)
"Aug 04, 2015",ICFC,BUY,29,270.0,7830.0,49246.0,834683.0,883929.0,0.0,0.00%,"[Quant Buy] Confidence 70/100: Strong Uptrend, Stable RSI, Golden Cross, Healthy Market Index (Market Health: 87.0%)"
"Aug 05, 2015",BPCL,SELL,48,600.0,28800.0,78046.0,805067.0,883113.0,-816.0,-2.76%,[Trend Breakdown] Death Cross: SMA20 crossed below SMA50. (Market Health: 87.0%)
"Aug 06, 2015",EDBL,BUY,22,624.0,13728.0,64318.0,818795.0,883113.0,0.0,0.00%,"[Quant Buy] Confidence 90/100: Strong Uptrend, Stable RSI, Volume Breakout, Golden Cross, Healthy Market Index (Market Health: 87.0%)"
"Aug 06, 2015",JBBL,BUY,55,175.0,9625.0,54693.0,828420.0,883113.0,0.0,0.00%,"[Quant Buy] Confidence 75/100: Strong Uptrend, Stable RSI, Volume Breakout, Healthy Market Index (Market Health: 87.0%)"
"Aug 11, 2015",GFCL,BUY,37,232.0,8584.0,46109.0,837004.0,883113.0,0.0,0.00%,"[Quant Buy] Confidence 80/100: Strong Uptrend, Stable RSI, Positive Momentum, Golden Cross, Healthy Market Index (Market Health: 70.8%)"
"Aug 17, 2015",EBL,SELL,20,3168.0,63360.0,109469.0,795004.0,904473.0,21360.0,+50.86%,[Profit Booking] Target Achieved: +50.86% gain. (Market Health: 81.0%)
"Aug 17, 2015",SBI,SELL,46,1446.0,66516.0,175985.0,753788.0,929773.0,25300.0,+61.38%,[Profit Booking] Target Achieved: +61.38% gain. (Market Health: 81.0%)
"Aug 17, 2015",HBL,SELL,24,1234.0,29616.0,205601.0,734276.0,939877.0,10104.0,+51.78%,[Profit Booking] Target Achieved: +51.78% gain. (Market Health: 81.0%)
"Aug 17, 2015",BPCL,BUY,63,650.0,40950.0,164651.0,775226.0,939877.0,0.0,0.00%,"[Quant Buy] Confidence 100/100: Strong Uptrend, Stable RSI, Positive Momentum, Volume Breakout, Golden Cross, Healthy Market Index (Market Health: 81.0%)"
"Aug 19, 2015",SANIMA,SELL,75,845.0,63375.0,228026.0,733526.0,961552.0,21675.0,+51.98%,[Profit Booking] Target Achieved: +51.98% gain. (Market Health: 82.6%)
"Aug 19, 2015",CZBIL,SELL,80,731.0,58480.0,286506.0,697526.0,984032.0,22480.0,+62.44%,[Profit Booking] Target Achieved: +62.44% gain. (Market Health: 82.6%)
"Aug 19, 2015",NHPC,SELL,127,114.0,14478.0,300984.0,680889.0,981873.0,-2159.0,-12.98%,[Trend Breakdown] Death Cross: SMA20 crossed below SMA50. (Market Health: 82.6%)
"Aug 19, 2015",ALICL,BUY,42,1056.0,44352.0,256632.0,725241.0,981873.0,0.0,0.00%,"[Quant Buy] Confidence 75/100: Strong Uptrend, Stable RSI, Volume Breakout, Healthy Market Index (Market Health: 82.6%)"
"Aug 20, 2015",CHCL,SELL,25,1495.0,37375.0,294007.0,686991.0,980998.0,-875.0,-2.29%,[Trend Breakdown] Death Cross: SMA20 crossed below SMA50. (Market Health: 85.7%)
"Aug 27, 2015",BPCL,SELL,63,634.0,39942.0,333949.0,646041.0,979990.0,-1008.0,-2.46%,[Trend Breakdown] Death Cross: SMA20 crossed below SMA50. (Market Health: 87.0%)
"Sep 06, 2015",BPCL,BUY,75,632.0,47400.0,286549.0,693441.0,979990.0,0.0,0.00%,"[Quant Buy] Confidence 80/100: Strong Uptrend, Stable RSI, Positive Momentum, Golden Cross, Healthy Market Index (Market Health: 75.0%)"
"Sep 06, 2015",SBI,BUY,24,1518.0,36432.0,250117.0,729873.0,979990.0,0.0,0.00%,"[Quant Buy] Confidence 65/100: Strong Uptrend, Stable RSI, Positive Momentum, Healthy Market Index (Market Health: 75.0%)"
"Sep 09, 2015",JFL,SELL,24,365.0,8760.0,258877.0,719529.0,978406.0,-1584.0,-15.31%,[Stop Loss] Stop-Loss hit at -15.31%. (Market Health: 78.3%)
"Sep 10, 2015",HBL,BUY,32,1343.0,42976.0,215901.0,762505.0,978406.0,0.0,0.00%,"[Quant Buy] Confidence 85/100: Strong Uptrend, Stable RSI, Positive Momentum, Volume Breakout, Healthy Market Index (Market Health: 75.0%)"
"Sep 14, 2015",CZBIL,BUY,40,690.0,27600.0,188301.0,790105.0,978406.0,0.0,0.00%,"[Quant Buy] Confidence 65/100: Strong Uptrend, Stable RSI, Positive Momentum, Healthy Market Index (Market Health: 79.2%)"
"Sep 14, 2015",SANIMA,BUY,30,810.0,24300.0,164001.0,814405.0,978406.0,0.0,0.00%,"[Quant Buy] Confidence 65/100: Strong Uptrend, Stable RSI, Positive Momentum, Healthy Market Index (Market Health: 79.2%)"
"Sep 16, 2015",MBL,SELL,64,566.0,36224.0,200225.0,778373.0,978598.0,192.0,+0.53%,[Trend Breakdown] Death Cross: SMA20 crossed below SMA50. (Market Health: 79.2%)
"Sep 28, 2015",CZBIL,SELL,40,569.0,22760.0,222985.0,750773.0,973758.0,-4840.0,-17.54%,[Stop Loss] Stop-Loss hit at -17.54%. (Market Health: 68.4%)
"Oct 01, 2015",SANIMA,SELL,30,672.0,20160.0,243145.0,726473.0,969618.0,-4140.0,-17.04%,[Stop Loss] Stop-Loss hit at -17.04%. (Market Health: 57.1%)
"Oct 04, 2015",ADBL,SELL,22,451.0,9922.0,253067.0,715231.0,968298.0,-1320.0,-11.74%,[Trend Breakdown] Death Cross: SMA20 crossed below SMA50. (Market Health: 60.0%)
"Oct 06, 2015",BPCL,SELL,75,590.0,44250.0,297317.0,667831.0,965148.0,-3150.0,-6.65%,[Trend Breakdown] Death Cross: SMA20 crossed below SMA50. (Market Health: 47.6%)
"Oct 15, 2015",GFCL,SELL,37,212.0,7844.0,305161.0,659247.0,964408.0,-740.0,-8.62%,[Trend Breakdown] Death Cross: SMA20 crossed below SMA50. (Market Health: 27.3%)
"Oct 18, 2015",NABIL,SELL,23,2358.0,54234.0,359395.0,615432.0,974827.0,10419.0,+23.78%,[Trend Breakdown] Death Cross: SMA20 crossed below SMA50. (Market Health: 23.8%)
"Oct 19, 2015",GBIME,SELL,41,517.0,21197.0,380592.0,594481.0,975073.0,246.0,+1.17%,[Trend Breakdown] Death Cross: SMA20 crossed below SMA50. (Market Health: 36.8%)
"Oct 25, 2015",LICN,SELL,15,3350.0,50250.0,430842.0,551731.0,982573.0,7500.0,+17.54%,[Trend Breakdown] Death Cross: SMA20 crossed below SMA50. (Market Health: 18.8%)
"Oct 25, 2015",ALICL,SELL,42,1060.0,44520.0,475362.0,507379.0,982741.0,168.0,+0.38%,[Trend Breakdown] Death Cross: SMA20 crossed below SMA50. (Market Health: 18.8%)
"Oct 27, 2015",SBI,SELL,24,1280.0,30720.0,506082.0,470947.0,977029.0,-5712.0,-15.68%,[Stop Loss] Stop-Loss hit at -15.68%. (Market Health: 0.0%)
"Oct 28, 2015",JBBL,SELL,55,162.0,8910.0,514992.0,461322.0,976314.0,-715.0,-7.43%,[Trend Breakdown] Death Cross: SMA20 crossed below SMA50. (Market Health: 4.5%)
"Oct 29, 2015",HBL,SELL,32,1215.0,38880.0,553872.0,418346.0,972218.0,-4096.0,-9.53%,[Trend Breakdown] Death Cross: SMA20 crossed below SMA50. (Market Health: 4.8%)
"Nov 01, 2015",ICFC,SELL,29,223.0,6467.0,560339.0,410516.0,970855.0,-1363.0,-17.41%,[Stop Loss] Stop-Loss hit at -17.41%. (Market Health: 8.7%)
"Nov 02, 2015",PCBL,SELL,68,568.0,38624.0,598963.0,380256.0,979219.0,8364.0,+27.64%,[Trend Breakdown] Death Cross: SMA20 crossed below SMA50. (Market Health: 0.0%)
"Nov 03, 2015",KBL,SELL,112,404.0,45248.0,644211.0,337808.0,982019.0,2800.0,+6.60%,[Trend Breakdown] Death Cross: SMA20 crossed below SMA50. (Market Health: 14.3%)
"Nov 18, 2015",NMB,SELL,15,479.0,7185.0,651396.0,333758.0,985154.0,3135.0,+77.41%,[Profit Booking] Target Achieved: +77.41% gain. (Market Health: 10.0%)
"Nov 25, 2015",CFCL,SELL,35,236.0,8260.0,659656.0,326478.0,986134.0,980.0,+13.46%,[Trend Breakdown] Death Cross: SMA20 crossed below SMA50. (Market Health: 0.0%)
"Dec 02, 2015",PROFL,SELL,15,151.0,2265.0,661921.0,324603.0,986524.0,390.0,+20.80%,[Trend Breakdown] Death Cross: SMA20 crossed below SMA50. (Market Health: 13.6%)
"Dec 16, 2015",EDBL,SELL,22,590.0,12980.0,674901.0,310875.0,985776.0,-748.0,-5.45%,[Trend Breakdown] Death Cross: SMA20 crossed below SMA50. (Market Health: 22.7%)
"Dec 22, 2015",SANIMA,BUY,62,667.0,41354.0,633547.0,352229.0,985776.0,0.0,0.00%,"[Quant Buy] Confidence 70/100: Strong Uptrend, Stable RSI, Positive Momentum, Golden Cross (Market Health: 44.0%)"
"Dec 27, 2015",ADBL,BUY,107,502.0,53714.0,579833.0,405943.0,985776.0,0.0,0.00%,"[Quant Buy] Confidence 90/100: Strong Uptrend, Stable RSI, Positive Momentum, Volume Breakout, Golden Cross (Market Health: 46.2%)"
"Dec 27, 2015",PCBL,BUY,69,603.0,41607.0,538226.0,447550.0,985776.0,0.0,0.00%,"[Quant Buy] Confidence 70/100: Strong Uptrend, Stable RSI, Positive Momentum, Golden Cross (Market Health: 46.2%)"
"Dec 31, 2015",PCBL,SELL,69,494.0,34086.0,572312.0,405943.0,978255.0,-7521.0,-18.08%,[Stop Loss] Stop-Loss hit at -18.08%. (Market Health: 41.7%)
"Dec 31, 2015",ALICL,BUY,30,1200.0,36000.0,536312.0,441943.0,978255.0,0.0,0.00%,"[Quant Buy] Confidence 60/100: Strong Uptrend, Positive Momentum, Volume Breakout (Market Health: 41.7%)"
"Jan 05, 2016",CZBIL,BUY,77,577.0,44429.0,491883.0,486372.0,978255.0,0.0,0.00%,"[Quant Buy] Confidence 75/100: Strong Uptrend, Stable RSI, Positive Momentum, Volume Breakout (Market Health: 45.8%)"
"Jan 07, 2016",NHPC,BUY,450,120.0,54000.0,437883.0,540372.0,978255.0,0.0,0.00%,"[Quant Buy] Confidence 90/100: Strong Uptrend, Stable RSI, Positive Momentum, Volume Breakout, Golden Cross (Market Health: 42.9%)"
"Jan 10, 2016",SBI,BUY,29,1535.0,44515.0,393368.0,584887.0,978255.0,0.0,0.00%,"[Quant Buy] Confidence 75/100: Strong Uptrend, Stable RSI, Positive Momentum, Volume Breakout (Market Health: 59.1%)"
"Jan 12, 2016",GBIME,BUY,104,403.0,41912.0,351456.0,626799.0,978255.0,0.0,0.00%,"[Quant Buy] Confidence 70/100: Strong Uptrend, Stable RSI, Positive Momentum, Golden Cross (Market Health: 50.0%)"
"Jan 17, 2016",BPCL,BUY,64,601.0,38464.0,312992.0,665263.0,978255.0,0.0,0.00%,"[Quant Buy] Confidence 65/100: Strong Uptrend, Positive Momentum, Golden Cross, Healthy Market Index (Market Health: 68.4%)"
"Jan 19, 2016",SBI,SELL,29,1260.0,36540.0,349532.0,620748.0,970280.0,-7975.0,-17.92%,[Stop Loss] Stop-Loss hit at -17.92%. (Market Health: 65.0%)
"Jan 20, 2016",NMB,BUY,82,471.0,38622.0,310910.0,659370.0,970280.0,0.0,0.00%,"[Quant Buy] Confidence 65/100: Strong Uptrend, Positive Momentum, Golden Cross, Healthy Market Index (Market Health: 68.4%)"
"Jan 24, 2016",AHPC,BUY,111,349.0,38739.0,272171.0,698109.0,970280.0,0.0,0.00%,"[Quant Buy] Confidence 65/100: Strong Uptrend, Positive Momentum, Golden Cross, Healthy Market Index (Market Health: 63.2%)"
"Feb 01, 2016",CHCL,BUY,33,1281.0,42273.0,229898.0,740382.0,970280.0,0.0,0.00%,"[Quant Buy] Confidence 80/100: Strong Uptrend, Stable RSI, Positive Momentum, Golden Cross, Healthy Market Index (Market Health: 78.9%)"
"Feb 02, 2016",ICFC,BUY,150,259.0,38850.0,191048.0,779232.0,970280.0,0.0,0.00%,"[Quant Buy] Confidence 85/100: Strong Uptrend, Positive Momentum, Volume Breakout, Golden Cross, Healthy Market Index (Market Health: 73.7%)"
"Feb 03, 2016",GBBL,BUY,90,357.0,32130.0,158918.0,811362.0,970280.0,0.0,0.00%,"[Quant Buy] Confidence 85/100: Strong Uptrend, Positive Momentum, Volume Breakout, Golden Cross, Healthy Market Index (Market Health: 70.0%)"
"Feb 04, 2016",EDBL,BUY,33,666.0,21978.0,136940.0,833340.0,970280.0,0.0,0.00%,"[Quant Buy] Confidence 70/100: Strong Uptrend, Positive Momentum, Volume Breakout, Healthy Market Index (Market Health: 81.0%)"
"Feb 11, 2016",AHPC,SELL,111,295.0,32745.0,169685.0,794601.0,964286.0,-5994.0,-15.47%,[Stop Loss] Stop-Loss hit at -15.47%. (Market Health: 90.9%)
"Feb 14, 2016",HBL,BUY,26,1006.0,26156.0,143529.0,820757.0,964286.0,0.0,0.00%,"[Quant Buy] Confidence 80/100: Strong Uptrend, Stable RSI, Positive Momentum, Golden Cross, Healthy Market Index (Market Health: 87.0%)"
"Feb 15, 2016",AHPC,BUY,72,298.0,21456.0,122073.0,842213.0,964286.0,0.0,0.00%,"[Quant Buy] Confidence 75/100: Strong Uptrend, Stable RSI, Volume Breakout, Healthy Market Index (Market Health: 85.7%)"
"Feb 18, 2016",EDBL,SELL,33,670.0,22110.0,144183.0,820235.0,964418.0,132.0,+0.60%,[Trend Breakdown] Death Cross: SMA20 crossed below SMA50. (Market Health: 90.5%)
"Feb 22, 2016",EDBL,BUY,33,680.0,22440.0,121743.0,842675.0,964418.0,0.0,0.00%,"[Quant Buy] Confidence 80/100: Strong Uptrend, Stable RSI, Positive Momentum, Golden Cross, Healthy Market Index (Market Health: 81.8%)"
"Feb 25, 2016",GFCL,BUY,86,225.0,19350.0,102393.0,862025.0,964418.0,0.0,0.00%,"[Quant Buy] Confidence 80/100: Strong Uptrend, Stable RSI, Positive Momentum, Golden Cross, Healthy Market Index (Market Health: 90.5%)"
"Mar 03, 2016",PCBL,BUY,30,535.0,16050.0,86343.0,878075.0,964418.0,0.0,0.00%,"[Quant Buy] Confidence 80/100: Strong Uptrend, Stable RSI, Positive Momentum, Golden Cross, Healthy Market Index (Market Health: 81.8%)"
"Mar 06, 2016",JFL,BUY,29,346.0,10034.0,76309.0,888109.0,964418.0,0.0,0.00%,"[Quant Buy] Confidence 60/100: Stable RSI, Volume Breakout, Golden Cross, Healthy Market Index (Market Health: 78.3%)"
"Mar 15, 2016",NHPC,SELL,450,185.0,83250.0,159559.0,834109.0,993668.0,29250.0,+54.17%,[Profit Booking] Target Achieved: +54.17% gain. (Market Health: 87.0%)
"Mar 17, 2016",SBI,BUY,15,1416.0,21240.0,138319.0,855349.0,993668.0,0.0,0.00%,"[Quant Buy] Confidence 70/100: Strong Uptrend, Stable RSI, Golden Cross, Healthy Market Index (Market Health: 91.3%)"
"Mar 20, 2016",NHPC,BUY,90,214.0,19260.0,119059.0,874609.0,993668.0,0.0,0.00%,"[Quant Buy] Confidence 70/100: Strong Uptrend, Positive Momentum, Volume Breakout, Healthy Market Index (Market Health: 90.9%)"
"Mar 28, 2016",JFL,SELL,29,320.0,9280.0,128339.0,864575.0,992914.0,-754.0,-7.51%,[Trend Breakdown] Death Cross: SMA20 crossed below SMA50. (Market Health: 87.0%)
"Mar 29, 2016",EDBL,SELL,33,570.0,18810.0,147149.0,842135.0,989284.0,-3630.0,-16.18%,[Stop Loss] Stop-Loss hit at -16.18%. (Market Health: 79.2%)
"Mar 30, 2016",GMFIL,SELL,15,314.0,4710.0,151859.0,839165.0,991024.0,1740.0,+58.59%,[Profit Booking] Target Achieved: +58.59% gain. (Market Health: 79.2%)
"Mar 30, 2016",CHCL,SELL,33,1345.0,44385.0,196244.0,796892.0,993136.0,2112.0,+5.00%,[Trend Breakdown] Death Cross: SMA20 crossed below SMA50. (Market Health: 79.2%)
"Mar 30, 2016",NHPC,SELL,90,181.0,16290.0,212534.0,777632.0,990166.0,-2970.0,-15.42%,[Stop Loss] Stop-Loss hit at -15.42%. (Market Health: 79.2%)
"Apr 04, 2016",GMFIL,BUY,93,318.0,29574.0,182960.0,807206.0,990166.0,0.0,0.00%,"[Quant Buy] Confidence 70/100: Strong Uptrend, Positive Momentum, Volume Breakout, Healthy Market Index (Market Health: 70.8%)"
"Apr 11, 2016",PROFL,BUY,215,153.0,32895.0,150065.0,840101.0,990166.0,0.0,0.00%,"[Quant Buy] Confidence 90/100: Strong Uptrend, Stable RSI, Volume Breakout, Golden Cross, Healthy Market Index (Market Health: 66.7%)"
"Apr 18, 2016",AHPC,SELL,72,309.0,22248.0,172313.0,818645.0,990958.0,792.0,+3.69%,[Trend Breakdown] Death Cross: SMA20 crossed below SMA50. (Market Health: 78.3%)
"Apr 19, 2016",NHPC,BUY,117,190.0,22230.0,150083.0,840875.0,990958.0,0.0,0.00%,"[Quant Buy] Confidence 65/100: Strong Uptrend, Stable RSI, Positive Momentum, Healthy Market Index (Market Health: 78.3%)"
"Apr 21, 2016",ICFC,SELL,150,278.0,41700.0,191783.0,802025.0,993808.0,2850.0,+7.34%,[Trend Breakdown] Death Cross: SMA20 crossed below SMA50. (Market Health: 82.6%)
"Apr 27, 2016",ICFC,BUY,109,281.0,30629.0,161154.0,832654.0,993808.0,0.0,0.00%,"[Quant Buy] Confidence 80/100: Strong Uptrend, Stable RSI, Positive Momentum, Golden Cross, Healthy Market Index (Market Health: 77.3%)"
"May 04, 2016",ADBL,SELL,107,632.0,67624.0,228778.0,778940.0,1007718.0,13910.0,+25.90%,[Trend Breakdown] Death Cross: SMA20 crossed below SMA50. (Market Health: 81.8%)
"May 15, 2016",AHPC,BUY,109,335.0,36515.0,192263.0,815455.0,1007718.0,0.0,0.00%,"[Quant Buy] Confidence 80/100: Strong Uptrend, Stable RSI, Positive Momentum, Golden Cross, Healthy Market Index (Market Health: 76.2%)"
"May 17, 2016",BPCL,SELL,64,602.0,38528.0,230791.0,776991.0,1007782.0,64.0,+0.17%,[Trend Breakdown] Death Cross: SMA20 crossed below SMA50. (Market Health: 72.7%)
"May 18, 2016",ADBL,BUY,54,683.0,36882.0,193909.0,813873.0,1007782.0,0.0,0.00%,"[Quant Buy] Confidence 80/100: Strong Uptrend, Stable RSI, Positive Momentum, Golden Cross, Healthy Market Index (Market Health: 81.8%)"
"May 22, 2016",NHPC,SELL,117,168.0,19656.0,213565.0,791643.0,1005208.0,-2574.0,-11.58%,[Trend Breakdown] Death Cross: SMA20 crossed below SMA50. (Market Health: 81.0%)
"May 23, 2016",NABIL,BUY,15,2275.0,34125.0,179440.0,825768.0,1005208.0,0.0,0.00%,"[Quant Buy] Confidence 85/100: Strong Uptrend, Stable RSI, Positive Momentum, Volume Breakout, Healthy Market Index (Market Health: 78.3%)"
"May 24, 2016",NMB,SELL,82,719.0,58958.0,238398.0,787146.0,1025544.0,20336.0,+52.65%,[Profit Booking] Target Achieved: +52.65% gain. (Market Health: 81.0%)
"May 24, 2016",HBL,SELL,26,1512.0,39312.0,277710.0,760990.0,1038700.0,13156.0,+50.30%,[Profit Booking] Target Achieved: +50.30% gain. (Market Health: 81.0%)
"May 30, 2016",BPCL,BUY,69,683.0,47127.0,230583.0,808117.0,1038700.0,0.0,0.00%,"[Quant Buy] Confidence 85/100: Strong Uptrend, Positive Momentum, Volume Breakout, Golden Cross, Healthy Market Index (Market Health: 91.3%)"
"May 30, 2016",EDBL,BUY,58,632.0,36656.0,193927.0,844773.0,1038700.0,0.0,0.00%,"[Quant Buy] Confidence 80/100: Strong Uptrend, Stable RSI, Positive Momentum, Golden Cross, Healthy Market Index (Market Health: 91.3%)"
"May 30, 2016",HBL,BUY,16,1483.0,23728.0,170199.0,868501.0,1038700.0,0.0,0.00%,"[Quant Buy] Confidence 65/100: Strong Uptrend, Stable RSI, Positive Momentum, Healthy Market Index (Market Health: 91.3%)"
"Jun 05, 2016",CHCL,BUY,19,1370.0,26030.0,144169.0,894531.0,1038700.0,0.0,0.00%,"[Quant Buy] Confidence 80/100: Strong Uptrend, Stable RSI, Positive Momentum, Golden Cross, Healthy Market Index (Market Health: 60.9%)"
"Jun 06, 2016",NHPC,BUY,103,195.0,20085.0,124084.0,914616.0,1038700.0,0.0,0.00%,"[Quant Buy] Confidence 70/100: Strong Uptrend, Stable RSI, Golden Cross, Healthy Market Index (Market Health: 73.9%)"
"Jun 07, 2016",NMB,BUY,23,675.0,15525.0,108559.0,930141.0,1038700.0,0.0,0.00%,"[Quant Buy] Confidence 65/100: Strong Uptrend, Stable RSI, Positive Momentum, Healthy Market Index (Market Health: 82.6%)"
"Jun 09, 2016",JFL,BUY,52,330.0,17160.0,91399.0,947301.0,1038700.0,0.0,0.00%,"[Quant Buy] Confidence 80/100: Strong Uptrend, Stable RSI, Positive Momentum, Golden Cross, Healthy Market Index (Market Health: 87.0%)"
"Jun 12, 2016",CZBIL,SELL,77,565.0,43505.0,134904.0,902872.0,1037776.0,-924.0,-2.08%,[Trend Breakdown] Death Cross: SMA20 crossed below SMA50. (Market Health: 82.6%)
"Jun 14, 2016",SANIMA,SELL,62,671.0,41602.0,176506.0,861518.0,1038024.0,248.0,+0.60%,[Trend Breakdown] Death Cross: SMA20 crossed below SMA50. (Market Health: 87.0%)
"Jun 16, 2016",ALICL,SELL,30,1870.0,56100.0,232606.0,825518.0,1058124.0,20100.0,+55.83%,[Profit Booking] Target Achieved: +55.83% gain. (Market Health: 91.3%)
"Jun 20, 2016",ALICL,BUY,17,1733.0,29461.0,203145.0,854979.0,1058124.0,0.0,0.00%,"[Quant Buy] Confidence 65/100: Strong Uptrend, Stable RSI, Positive Momentum, Healthy Market Index (Market Health: 76.2%)"
"Jun 21, 2016",SBI,SELL,15,1740.0,26100.0,229245.0,833739.0,1062984.0,4860.0,+22.88%,[Trend Breakdown] Death Cross: SMA20 crossed below SMA50. (Market Health: 82.6%)
"Jun 26, 2016",GBIME,SELL,104,501.0,52104.0,281349.0,791827.0,1073176.0,10192.0,+24.32%,[Trend Breakdown] Death Cross: SMA20 crossed below SMA50. (Market Health: 87.0%)
"Jun 28, 2016",SBI,BUY,24,1985.0,47640.0,233709.0,839467.0,1073176.0,0.0,0.00%,"[Quant Buy] Confidence 85/100: Strong Uptrend, Positive Momentum, Volume Breakout, Golden Cross, Healthy Market Index (Market Health: 91.3%)"
"Jun 29, 2016",GFCL,SELL,86,338.0,29068.0,262777.0,820117.0,1082894.0,9718.0,+50.22%,[Profit Booking] Target Achieved: +50.22% gain. (Market Health: 91.3%)
"Jun 30, 2016",GBIME,BUY,65,522.0,33930.0,228847.0,854047.0,1082894.0,0.0,0.00%,"[Quant Buy] Confidence 65/100: Strong Uptrend, Stable RSI, Positive Momentum, Healthy Market Index (Market Health: 91.3%)"
"Jul 03, 2016",GFCL,BUY,90,330.0,29700.0,199147.0,883747.0,1082894.0,0.0,0.00%,"[Quant Buy] Confidence 65/100: Strong Uptrend, Stable RSI, Positive Momentum, Healthy Market Index (Market Health: 91.3%)"
"Jul 06, 2016",PROFL,SELL,215,235.0,50525.0,249672.0,850852.0,1100524.0,17630.0,+53.59%,[Profit Booking] Target Achieved: +53.59% gain. (Market Health: 87.0%)
"Jul 10, 2016",PROFL,BUY,149,234.0,34866.0,214806.0,885718.0,1100524.0,0.0,0.00%,"[Quant Buy] Confidence 70/100: Strong Uptrend, Positive Momentum, Volume Breakout, Healthy Market Index (Market Health: 87.0%)"
"Jul 18, 2016",PCBL,SELL,30,807.0,24210.0,239016.0,869668.0,1108684.0,8160.0,+50.84%,[Profit Booking] Target Achieved: +50.84% gain. (Market Health: 100.0%)
"Jul 19, 2016",MBL,BUY,45,892.0,40140.0,198876.0,909808.0,1108684.0,0.0,0.00%,"[Quant Buy] Confidence 85/100: Strong Uptrend, Positive Momentum, Volume Breakout, Golden Cross, Healthy Market Index (Market Health: 100.0%)"
"Jul 25, 2016",ADBL,SELL,54,1065.0,57510.0,256386.0,872926.0,1129312.0,20628.0,+55.93%,[Profit Booking] Target Achieved: +55.93% gain. (Market Health: 95.8%)
"Jul 25, 2016",PCBL,BUY,40,885.0,35400.0,220986.0,908326.0,1129312.0,0.0,0.00%,"[Quant Buy] Confidence 70/100: Strong Uptrend, Positive Momentum, Volume Breakout, Healthy Market Index (Market Health: 95.8%)"
"Jul 26, 2016",ICFC,SELL,109,430.0,46870.0,267856.0,877697.0,1145553.0,16241.0,+53.02%,[Profit Booking] Target Achieved: +53.02% gain. (Market Health: 91.7%)
"Jul 27, 2016",GMFIL,SELL,93,491.0,45663.0,313519.0,848123.0,1161642.0,16089.0,+54.40%,[Profit Booking] Target Achieved: +54.40% gain. (Market Health: 95.8%)
"Jul 27, 2016",GFCL,SELL,90,501.0,45090.0,358609.0,818423.0,1177032.0,15390.0,+51.82%,[Profit Booking] Target Achieved: +51.82% gain. (Market Health: 95.8%)
"Jul 27, 2016",CZBIL,BUY,50,771.0,38550.0,320059.0,856973.0,1177032.0,0.0,0.00%,"[Quant Buy] Confidence 65/100: Strong Uptrend, Positive Momentum, Golden Cross, Healthy Market Index (Market Health: 95.8%)"
"Jul 31, 2016",GFCL,BUY,77,545.0,41965.0,278094.0,898938.0,1177032.0,0.0,0.00%,"[Quant Buy] Confidence 70/100: Strong Uptrend, Positive Momentum, Volume Breakout, Healthy Market Index (Market Health: 95.7%)"
"Aug 01, 2016",ICFC,BUY,112,420.0,47040.0,231054.0,945978.0,1177032.0,0.0,0.00%,"[Quant Buy] Confidence 85/100: Strong Uptrend, Stable RSI, Positive Momentum, Volume Breakout, Healthy Market Index (Market Health: 91.7%)"
"Aug 01, 2016",GMFIL,BUY,67,442.0,29614.0,201440.0,975592.0,1177032.0,0.0,0.00%,"[Quant Buy] Confidence 65/100: Strong Uptrend, Stable RSI, Positive Momentum, Healthy Market Index (Market Health: 91.7%)"
"Aug 02, 2016",ADBL,BUY,24,1000.0,24000.0,177440.0,999592.0,1177032.0,0.0,0.00%,"[Quant Buy] Confidence 60/100: Strong Uptrend, Volume Breakout, Healthy Market Index (Market Health: 87.5%)"
"Aug 03, 2016",PCBL,SELL,40,698.0,27920.0,205360.0,964192.0,1169552.0,-7480.0,-21.13%,[Stop Loss] Stop-Loss hit at -21.13%. (Market Health: 82.6%)
"Aug 03, 2016",SANIMA,BUY,37,775.0,28675.0,176685.0,992867.0,1169552.0,0.0,0.00%,"[Quant Buy] Confidence 70/100: Strong Uptrend, Stable RSI, Golden Cross, Healthy Market Index (Market Health: 82.6%)"
"Aug 04, 2016",CHCL,SELL,19,1350.0,25650.0,202335.0,966837.0,1169172.0,-380.0,-1.46%,[Trend Breakdown] Death Cross: SMA20 crossed below SMA50. (Market Health: 75.0%)
"Aug 04, 2016",NHPC,SELL,103,190.0,19570.0,221905.0,946752.0,1168657.0,-515.0,-2.56%,[Trend Breakdown] Death Cross: SMA20 crossed below SMA50. (Market Health: 75.0%)
"Aug 08, 2016",GFCL,SELL,77,455.0,35035.0,256940.0,904787.0,1161727.0,-6930.0,-16.51%,[Stop Loss] Stop-Loss hit at -16.51%. (Market Health: 45.8%)
"Aug 23, 2016",NABIL,SELL,15,2289.0,34335.0,291275.0,870662.0,1161937.0,210.0,+0.62%,[Trend Breakdown] Death Cross: SMA20 crossed below SMA50. (Market Health: 31.8%)
"Aug 23, 2016",ALICL,SELL,17,1605.0,27285.0,318560.0,841201.0,1159761.0,-2176.0,-7.39%,[Trend Breakdown] Death Cross: SMA20 crossed below SMA50. (Market Health: 31.8%)
"Aug 24, 2016",AHPC,SELL,109,324.0,35316.0,353876.0,804686.0,1158562.0,-1199.0,-3.28%,[Trend Breakdown] Death Cross: SMA20 crossed below SMA50. (Market Health: 43.5%)
"Aug 29, 2016",HBL,SELL,16,1583.0,25328.0,379204.0,780958.0,1160162.0,1600.0,+6.74%,[Trend Breakdown] Death Cross: SMA20 crossed below SMA50. (Market Health: 50.0%)
"Aug 29, 2016",SBI,SELL,24,1888.0,45312.0,424516.0,733318.0,1157834.0,-2328.0,-4.89%,[Trend Breakdown] Death Cross: SMA20 crossed below SMA50. (Market Health: 50.0%)
"Aug 30, 2016",BPCL,SELL,69,877.0,60513.0,485029.0,686191.0,1171220.0,13386.0,+28.40%,[Trend Breakdown] Death Cross: SMA20 crossed below SMA50. (Market Health: 60.9%)
"Sep 01, 2016",GBIME,SELL,65,548.0,35620.0,520649.0,652261.0,1172910.0,1690.0,+4.98%,[Trend Breakdown] Death Cross: SMA20 crossed below SMA50. (Market Health: 62.5%)
"Sep 01, 2016",GFCL,BUY,102,500.0,51000.0,469649.0,703261.0,1172910.0,0.0,0.00%,"[Quant Buy] Confidence 85/100: Strong Uptrend, Stable RSI, Positive Momentum, Volume Breakout, Healthy Market Index (Market Health: 62.5%)"
"Sep 05, 2016",GMFIL,SELL,67,350.0,23450.0,493099.0,673647.0,1166746.0,-6164.0,-20.81%,[Stop Loss] Stop-Loss hit at -20.81%. (Market Health: 62.5%)
"Sep 05, 2016",HBL,BUY,23,1695.0,38985.0,454114.0,712632.0,1166746.0,0.0,0.00%,"[Quant Buy] Confidence 65/100: Strong Uptrend, Positive Momentum, Golden Cross, Healthy Market Index (Market Health: 62.5%)"
"Sep 08, 2016",SANIMA,SELL,37,760.0,28120.0,482234.0,683957.0,1166191.0,-555.0,-1.94%,[Trend Breakdown] Death Cross: SMA20 crossed below SMA50. (Market Health: 58.3%)
"Sep 14, 2016",SANIMA,BUY,46,775.0,35650.0,446584.0,719607.0,1166191.0,0.0,0.00%,"[Quant Buy] Confidence 60/100: Strong Uptrend, Stable RSI, Golden Cross (Market Health: 47.8%)"
"Sep 18, 2016",JFL,SELL,52,401.0,20852.0,467436.0,702447.0,1169883.0,3692.0,+21.52%,[Trend Breakdown] Death Cross: SMA20 crossed below SMA50. (Market Health: 39.1%)
"Sep 18, 2016",ICFC,SELL,112,375.0,42000.0,509436.0,655407.0,1164843.0,-5040.0,-10.71%,[Trend Breakdown] Death Cross: SMA20 crossed below SMA50. (Market Health: 39.1%)
"Sep 22, 2016",CZBIL,SELL,50,595.0,29750.0,539186.0,616857.0,1156043.0,-8800.0,-22.83%,[Stop Loss] Stop-Loss hit at -22.83%. (Market Health: 13.0%)
"Sep 26, 2016",EDBL,SELL,58,735.0,42630.0,581816.0,580201.0,1162017.0,5974.0,+16.30%,[Trend Breakdown] Death Cross: SMA20 crossed below SMA50. (Market Health: 9.1%)
"Sep 26, 2016",ADBL,SELL,24,675.0,16200.0,598016.0,556201.0,1154217.0,-7800.0,-32.50%,[Stop Loss] Stop-Loss hit at -32.50%. (Market Health: 9.1%)
"Sep 27, 2016",GFCL,SELL,102,405.0,41310.0,639326.0,505201.0,1144527.0,-9690.0,-19.00%,[Stop Loss] Stop-Loss hit at -19.00%. (Market Health: 8.7%)
"Sep 28, 2016",SANIMA,SELL,46,757.0,34822.0,674148.0,469551.0,1143699.0,-828.0,-2.32%,[Trend Breakdown] Death Cross: SMA20 crossed below SMA50. (Market Health: 8.3%)
"Oct 05, 2016",MBL,SELL,45,829.0,37305.0,711453.0,429411.0,1140864.0,-2835.0,-7.06%,[Trend Breakdown] Death Cross: SMA20 crossed below SMA50. (Market Health: 23.1%)
"Oct 06, 2016",NMB,SELL,23,815.0,18745.0,730198.0,413886.0,1144084.0,3220.0,+20.74%,[Trend Breakdown] Death Cross: SMA20 crossed below SMA50. (Market Health: 26.9%)
"Oct 24, 2016",HBL,SELL,23,1608.0,36984.0,767182.0,374901.0,1142083.0,-2001.0,-5.13%,[Trend Breakdown] Death Cross: SMA20 crossed below SMA50. (Market Health: 24.0%)
"Nov 07, 2016",PROFL,SELL,149,254.0,37846.0,805028.0,340035.0,1145063.0,2980.0,+8.55%,[Trend Breakdown] Death Cross: SMA20 crossed below SMA50. (Market Health: 19.2%)
"Jan 16, 2017",GBBL,SELL,90,385.0,34650.0,839678.0,307905.0,1147583.0,2520.0,+7.84%,[Trend Breakdown] Death Cross: SMA20 crossed below SMA50. (Market Health: 0.0%)
"Mar 22, 2017",HBL,BUY,53,957.0,50721.0,788957.0,358626.0,1147583.0,0.0,0.00%,"[Quant Buy] Confidence 85/100: Strong Uptrend, Positive Momentum, Volume Breakout, Golden Cross, Healthy Market Index (Market Health: 77.8%)"
"Mar 26, 2017",NHPC,BUY,329,155.0,50995.0,737962.0,409621.0,1147583.0,0.0,0.00%,"[Quant Buy] Confidence 85/100: Strong Uptrend, Positive Momentum, Volume Breakout, Golden Cross, Healthy Market Index (Market Health: 88.9%)"
"Mar 26, 2017",EDBL,BUY,75,600.0,45000.0,692962.0,454621.0,1147583.0,0.0,0.00%,"[Quant Buy] Confidence 75/100: Strong Uptrend, Stable RSI, Volume Breakout, Healthy Market Index (Market Health: 88.9%)"
"Mar 28, 2017",BPCL,BUY,73,693.0,50589.0,642373.0,505210.0,1147583.0,0.0,0.00%,"[Quant Buy] Confidence 85/100: Strong Uptrend, Positive Momentum, Volume Breakout, Golden Cross, Healthy Market Index (Market Health: 92.6%)"
"Mar 28, 2017",CHCL,BUY,53,955.0,50615.0,591758.0,555825.0,1147583.0,0.0,0.00%,"[Quant Buy] Confidence 85/100: Strong Uptrend, Positive Momentum, Volume Breakout, Golden Cross, Healthy Market Index (Market Health: 92.6%)"
"Mar 28, 2017",JBBL,BUY,164,310.0,50840.0,540918.0,606665.0,1147583.0,0.0,0.00%,"[Quant Buy] Confidence 85/100: Strong Uptrend, Positive Momentum, Volume Breakout, Golden Cross, Healthy Market Index (Market Health: 92.6%)"
"Mar 28, 2017",SANIMA,BUY,90,565.0,50850.0,490068.0,657515.0,1147583.0,0.0,0.00%,"[Quant Buy] Confidence 85/100: Strong Uptrend, Positive Momentum, Volume Breakout, Golden Cross, Healthy Market Index (Market Health: 92.6%)"
"Mar 28, 2017",ALICL,BUY,35,1348.0,47180.0,442888.0,704695.0,1147583.0,0.0,0.00%,"[Quant Buy] Confidence 80/100: Strong Uptrend, Stable RSI, Positive Momentum, Golden Cross, Healthy Market Index (Market Health: 92.6%)"
"Mar 29, 2017",AHPC,BUY,188,271.0,50948.0,391940.0,755643.0,1147583.0,0.0,0.00%,"[Quant Buy] Confidence 85/100: Strong Uptrend, Positive Momentum, Volume Breakout, Golden Cross, Healthy Market Index (Market Health: 92.6%)"
"Mar 29, 2017",MBL,BUY,119,426.0,50694.0,341246.0,806337.0,1147583.0,0.0,0.00%,"[Quant Buy] Confidence 85/100: Strong Uptrend, Positive Momentum, Volume Breakout, Golden Cross, Healthy Market Index (Market Health: 92.6%)"
"Mar 29, 2017",NABIL,BUY,32,1570.0,50240.0,291006.0,856577.0,1147583.0,0.0,0.00%,"[Quant Buy] Confidence 85/100: Strong Uptrend, Positive Momentum, Volume Breakout, Golden Cross, Healthy Market Index (Market Health: 92.6%)"
"Mar 29, 2017",NMB,BUY,85,578.0,49130.0,241876.0,905707.0,1147583.0,0.0,0.00%,"[Quant Buy] Confidence 85/100: Strong Uptrend, Positive Momentum, Volume Breakout, Golden Cross, Healthy Market Index (Market Health: 92.6%)"
"Mar 30, 2017",ADBL,BUY,71,574.0,40754.0,201122.0,946461.0,1147583.0,0.0,0.00%,"[Quant Buy] Confidence 85/100: Strong Uptrend, Positive Momentum, Volume Breakout, Golden Cross, Healthy Market Index (Market Health: 92.6%)"
"Mar 30, 2017",GBBL,BUY,78,435.0,33930.0,167192.0,980391.0,1147583.0,0.0,0.00%,"[Quant Buy] Confidence 85/100: Strong Uptrend, Positive Momentum, Volume Breakout, Golden Cross, Healthy Market Index (Market Health: 92.6%)"
"Mar 30, 2017",ICFC,BUY,103,275.0,28325.0,138867.0,1008716.0,1147583.0,0.0,0.00%,"[Quant Buy] Confidence 85/100: Strong Uptrend, Positive Momentum, Volume Breakout, Golden Cross, Healthy Market Index (Market Health: 92.6%)"
"Mar 30, 2017",GBIME,BUY,55,399.0,21945.0,116922.0,1030661.0,1147583.0,0.0,0.00%,"[Quant Buy] Confidence 80/100: Strong Uptrend, Stable RSI, Positive Momentum, Golden Cross, Healthy Market Index (Market Health: 92.6%)"
"Mar 30, 2017",JFL,BUY,58,260.0,15080.0,101842.0,1045741.0,1147583.0,0.0,0.00%,"[Quant Buy] Confidence 65/100: Strong Uptrend, Positive Momentum, Golden Cross, Healthy Market Index (Market Health: 92.6%)"
"Mar 30, 2017",PCBL,BUY,30,435.0,13050.0,88792.0,1058791.0,1147583.0,0.0,0.00%,"[Quant Buy] Confidence 65/100: Strong Uptrend, Positive Momentum, Golden Cross, Healthy Market Index (Market Health: 92.6%)"
"Apr 03, 2017",GMFIL,BUY,59,252.0,14868.0,73924.0,1073659.0,1147583.0,0.0,0.00%,"[Quant Buy] Confidence 85/100: Strong Uptrend, Positive Momentum, Volume Breakout, Golden Cross, Healthy Market Index (Market Health: 96.3%)"
"Apr 06, 2017",ADBL,SELL,71,482.0,34222.0,108146.0,1032905.0,1141051.0,-6532.0,-16.03%,[Stop Loss] Stop-Loss hit at -16.03%. (Market Health: 96.2%)
"Apr 09, 2017",SANIMA,SELL,90,480.0,43200.0,151346.0,982055.0,1133401.0,-7650.0,-15.04%,[Stop Loss] Stop-Loss hit at -15.04%. (Market Health: 92.3%)
"Apr 10, 2017",GFCL,BUY,59,330.0,19470.0,131876.0,1001525.0,1133401.0,0.0,0.00%,"[Quant Buy] Confidence 65/100: Strong Uptrend, Positive Momentum, Golden Cross, Healthy Market Index (Market Health: 92.6%)"
"Apr 11, 2017",PROFL,BUY,108,170.0,18360.0,113516.0,1019885.0,1133401.0,0.0,0.00%,"[Quant Buy] Confidence 70/100: Strong Uptrend, Stable RSI, Golden Cross, Healthy Market Index (Market Health: 96.3%)"
"Apr 12, 2017",GBBL,SELL,78,360.0,28080.0,141596.0,985955.0,1127551.0,-5850.0,-17.24%,[Stop Loss] Stop-Loss hit at -17.24%. (Market Health: 88.9%)
"Apr 19, 2017",CZBIL,BUY,45,433.0,19485.0,122111.0,1005440.0,1127551.0,0.0,0.00%,"[Quant Buy] Confidence 70/100: Strong Uptrend, Stable RSI, Golden Cross, Healthy Market Index (Market Health: 85.2%)"
"Apr 27, 2017",JBBL,SELL,164,259.0,42476.0,164587.0,954600.0,1119187.0,-8364.0,-16.45%,[Stop Loss] Stop-Loss hit at -16.45%. (Market Health: 77.8%)
"May 02, 2017",SBI,BUY,19,1465.0,27835.0,136752.0,982435.0,1119187.0,0.0,0.00%,"[Quant Buy] Confidence 85/100: Strong Uptrend, Stable RSI, Positive Momentum, Volume Breakout, Healthy Market Index (Market Health: 77.8%)"
"May 09, 2017",SBI,SELL,19,1059.0,20121.0,156873.0,954600.0,1111473.0,-7714.0,-27.71%,[Stop Loss] Stop-Loss hit at -27.71%. (Market Health: 66.7%)
"May 15, 2017",CZBIL,SELL,45,403.0,18135.0,175008.0,935115.0,1110123.0,-1350.0,-6.93%,[Trend Breakdown] Death Cross: SMA20 crossed below SMA50. (Market Health: 70.4%)
"May 16, 2017",PROFL,SELL,108,257.0,27756.0,202764.0,916755.0,1119519.0,9396.0,+51.18%,[Profit Booking] Target Achieved: +51.18% gain. (Market Health: 70.4%)
"May 17, 2017",NHPC,SELL,329,146.0,48034.0,250798.0,865760.0,1116558.0,-2961.0,-5.81%,[Trend Breakdown] Death Cross: SMA20 crossed below SMA50. (Market Health: 66.7%)
"May 24, 2017",GBIME,SELL,55,395.0,21725.0,272523.0,843815.0,1116338.0,-220.0,-1.00%,[Trend Breakdown] Death Cross: SMA20 crossed below SMA50. (Market Health: 48.1%)
"May 31, 2017",HBL,SELL,53,926.0,49078.0,321601.0,793094.0,1114695.0,-1643.0,-3.24%,[Trend Breakdown] Death Cross: SMA20 crossed below SMA50. (Market Health: 26.9%)
"Jun 01, 2017",CHCL,SELL,53,857.0,45421.0,367022.0,742479.0,1109501.0,-5194.0,-10.26%,[Trend Breakdown] Death Cross: SMA20 crossed below SMA50. (Market Health: 26.9%)
"Jun 01, 2017",MBL,SELL,119,379.0,45101.0,412123.0,691785.0,1103908.0,-5593.0,-11.03%,[Trend Breakdown] Death Cross: SMA20 crossed below SMA50. (Market Health: 26.9%)
"Jun 01, 2017",PCBL,SELL,30,420.0,12600.0,424723.0,678735.0,1103458.0,-450.0,-3.45%,[Trend Breakdown] Death Cross: SMA20 crossed below SMA50. (Market Health: 26.9%)
"Jun 04, 2017",NABIL,SELL,32,1480.0,47360.0,472083.0,628495.0,1100578.0,-2880.0,-5.73%,[Trend Breakdown] Death Cross: SMA20 crossed below SMA50. (Market Health: 18.5%)
"Jun 05, 2017",NMB,SELL,85,558.0,47430.0,519513.0,579365.0,1098878.0,-1700.0,-3.46%,[Trend Breakdown] Death Cross: SMA20 crossed below SMA50. (Market Health: 22.2%)
"Jun 07, 2017",GFCL,SELL,59,312.0,18408.0,537921.0,559895.0,1097816.0,-1062.0,-5.45%,[Trend Breakdown] Death Cross: SMA20 crossed below SMA50. (Market Health: 22.2%)
"Jun 11, 2017",ALICL,SELL,35,1490.0,52150.0,590071.0,512715.0,1102786.0,4970.0,+10.53%,[Trend Breakdown] Death Cross: SMA20 crossed below SMA50. (Market Health: 11.5%)
"Jun 13, 2017",BPCL,SELL,73,654.0,47742.0,637813.0,462126.0,1099939.0,-2847.0,-5.63%,[Trend Breakdown] Death Cross: SMA20 crossed below SMA50. (Market Health: 11.5%)
"Jun 14, 2017",AHPC,SELL,188,284.0,53392.0,691205.0,411178.0,1102383.0,2444.0,+4.80%,[Trend Breakdown] Death Cross: SMA20 crossed below SMA50. (Market Health: 12.0%)
"Jun 14, 2017",ICFC,SELL,103,294.0,30282.0,721487.0,382853.0,1104340.0,1957.0,+6.91%,[Trend Breakdown] Death Cross: SMA20 crossed below SMA50. (Market Health: 12.0%)
"Jun 18, 2017",EDBL,SELL,75,627.0,47025.0,768512.0,337853.0,1106365.0,2025.0,+4.50%,[Trend Breakdown] Death Cross: SMA20 crossed below SMA50. (Market Health: 11.1%)
"Jun 18, 2017",JFL,SELL,58,262.0,15196.0,783708.0,322773.0,1106481.0,116.0,+0.77%,[Trend Breakdown] Death Cross: SMA20 crossed below SMA50. (Market Health: 11.1%)
"Jun 20, 2017",GMFIL,SELL,59,265.0,15635.0,799343.0,307905.0,1107248.0,767.0,+5.16%,[Trend Breakdown] Death Cross: SMA20 crossed below SMA50. (Market Health: 8.0%)
"Jul 23, 2017",CZBIL,BUY,122,393.0,47946.0,751397.0,355851.0,1107248.0,0.0,0.00%,"[Quant Buy] Confidence 80/100: Strong Uptrend, Stable RSI, Volume Breakout, Golden Cross (Market Health: 40.7%)"
"Jul 31, 2017",PCBL,BUY,103,435.0,44805.0,706592.0,400656.0,1107248.0,0.0,0.00%,"[Quant Buy] Confidence 75/100: Strong Uptrend, Stable RSI, Positive Momentum, Volume Breakout (Market Health: 50.0%)"
"Aug 01, 2017",EDBL,BUY,68,658.0,44744.0,661848.0,445400.0,1107248.0,0.0,0.00%,"[Quant Buy] Confidence 75/100: Strong Uptrend, Positive Momentum, Volume Breakout, Golden Cross (Market Health: 42.9%)"
"Aug 02, 2017",GBIME,BUY,111,404.0,44844.0,617004.0,490244.0,1107248.0,0.0,0.00%,"[Quant Buy] Confidence 75/100: Strong Uptrend, Stable RSI, Positive Momentum, Volume Breakout (Market Health: 46.4%)"
"Aug 03, 2017",JFL,BUY,143,293.0,41899.0,575105.0,532143.0,1107248.0,0.0,0.00%,"[Quant Buy] Confidence 70/100: Strong Uptrend, Stable RSI, Positive Momentum, Golden Cross (Market Health: 50.0%)"
"Aug 03, 2017",NABIL,BUY,21,1667.0,35007.0,540098.0,567150.0,1107248.0,0.0,0.00%,"[Quant Buy] Confidence 60/100: Strong Uptrend, Positive Momentum, Volume Breakout (Market Health: 50.0%)"
"Aug 03, 2017",NHPC,BUY,250,144.0,36000.0,504098.0,603150.0,1107248.0,0.0,0.00%,"[Quant Buy] Confidence 60/100: Strong Uptrend, Stable RSI, Golden Cross (Market Health: 50.0%)"
"Aug 07, 2017",HBL,BUY,45,915.0,41175.0,462923.0,644325.0,1107248.0,0.0,0.00%,"[Quant Buy] Confidence 70/100: Strong Uptrend, Stable RSI, Positive Momentum, Golden Cross (Market Health: 57.1%)"
"Aug 09, 2017",ALICL,BUY,23,1628.0,37444.0,425479.0,681769.0,1107248.0,0.0,0.00%,"[Quant Buy] Confidence 65/100: Strong Uptrend, Stable RSI, Volume Breakout (Market Health: 53.6%)"
"Aug 09, 2017",CFCL,BUY,176,204.0,35904.0,389575.0,717673.0,1107248.0,0.0,0.00%,"[Quant Buy] Confidence 60/100: Strong Uptrend, Stable RSI, Golden Cross (Market Health: 53.6%)"
"Aug 13, 2017",GMFIL,BUY,166,270.0,44820.0,344755.0,762493.0,1107248.0,0.0,0.00%,"[Quant Buy] Confidence 75/100: Strong Uptrend, Stable RSI, Positive Momentum, Volume Breakout (Market Health: 46.4%)"
"Aug 16, 2017",CZBIL,SELL,122,380.0,46360.0,391115.0,714547.0,1105662.0,-1586.0,-3.31%,[Trend Breakdown] Death Cross: SMA20 crossed below SMA50. (Market Health: 40.7%)
"Aug 17, 2017",ADBL,BUY,88,443.0,38984.0,352131.0,753531.0,1105662.0,0.0,0.00%,"[Quant Buy] Confidence 65/100: Strong Uptrend, Stable RSI, Volume Breakout (Market Health: 40.7%)"
"Sep 04, 2017",GBIME,SELL,111,371.0,41181.0,393312.0,708687.0,1101999.0,-3663.0,-8.17%,[Trend Breakdown] Death Cross: SMA20 crossed below SMA50. (Market Health: 7.4%)
"Sep 06, 2017",EDBL,SELL,68,455.0,30940.0,424252.0,663943.0,1088195.0,-13804.0,-30.85%,[Stop Loss] Stop-Loss hit at -30.85%. (Market Health: 3.6%)
"Sep 10, 2017",HBL,SELL,45,850.0,38250.0,462502.0,622768.0,1085270.0,-2925.0,-7.10%,[Trend Breakdown] Death Cross: SMA20 crossed below SMA50. (Market Health: 3.6%)
"Sep 10, 2017",ADBL,SELL,88,425.0,37400.0,499902.0,583784.0,1083686.0,-1584.0,-4.06%,[Trend Breakdown] Death Cross: SMA20 crossed below SMA50. (Market Health: 3.6%)
"Sep 12, 2017",NABIL,SELL,21,1191.0,25011.0,524913.0,548777.0,1073690.0,-9996.0,-28.55%,[Stop Loss] Stop-Loss hit at -28.55%. (Market Health: 0.0%)
"Sep 12, 2017",CFCL,SELL,176,180.0,31680.0,556593.0,512873.0,1069466.0,-4224.0,-11.76%,[Trend Breakdown] Death Cross: SMA20 crossed below SMA50. (Market Health: 0.0%)
"Sep 12, 2017",GMFIL,SELL,166,255.0,42330.0,598923.0,468053.0,1066976.0,-2490.0,-5.56%,[Trend Breakdown] Death Cross: SMA20 crossed below SMA50. (Market Health: 0.0%)
"Sep 14, 2017",NHPC,SELL,250,134.0,33500.0,632423.0,432053.0,1064476.0,-2500.0,-6.94%,[Trend Breakdown] Death Cross: SMA20 crossed below SMA50. (Market Health: 3.6%)
"Sep 17, 2017",ALICL,SELL,23,1508.0,34684.0,667107.0,394609.0,1061716.0,-2760.0,-7.37%,[Trend Breakdown] Death Cross: SMA20 crossed below SMA50. (Market Health: 10.7%)
"Sep 18, 2017",JFL,SELL,143,265.0,37895.0,705002.0,352710.0,1057712.0,-4004.0,-9.56%,[Trend Breakdown] Death Cross: SMA20 crossed below SMA50. (Market Health: 3.6%)
"Sep 20, 2017",PCBL,SELL,103,430.0,44290.0,749292.0,307905.0,1057197.0,-515.0,-1.15%,[Trend Breakdown] Death Cross: SMA20 crossed below SMA50. (Market Health: 3.7%)
"Nov 29, 2017",BPCL,BUY,50,718.0,35900.0,713392.0,343805.0,1057197.0,0.0,0.00%,"[Quant Buy] Confidence 60/100: Strong Uptrend, Positive Momentum, Volume Breakout (Market Health: 53.6%)"
"Nov 29, 2017",CHCL,BUY,38,940.0,35720.0,677672.0,379525.0,1057197.0,0.0,0.00%,"[Quant Buy] Confidence 60/100: Strong Uptrend, Positive Momentum, Volume Breakout (Market Health: 53.6%)"
"Dec 06, 2017",SANIMA,BUY,100,358.0,35800.0,641872.0,415325.0,1057197.0,0.0,0.00%,"[Quant Buy] Confidence 60/100: Strong Uptrend, Stable RSI, Golden Cross (Market Health: 53.6%)"
"Jan 01, 2018",SANIMA,SELL,100,342.0,34200.0,676072.0,379525.0,1055597.0,-1600.0,-4.47%,[Trend Breakdown] Death Cross: SMA20 crossed below SMA50. (Market Health: 7.1%)
"Jan 23, 2018",BPCL,SELL,50,640.0,32000.0,708072.0,343625.0,1051697.0,-3900.0,-10.86%,[Trend Breakdown] Death Cross: SMA20 crossed below SMA50. (Market Health: 0.0%)
"Jan 24, 2018",CHCL,SELL,38,881.0,33478.0,741550.0,307905.0,1049455.0,-2242.0,-6.28%,[Trend Breakdown] Death Cross: SMA20 crossed below SMA50. (Market Health: 0.0%)
"Apr 10, 2018",CORBL,SELL,15,117.0,1755.0,743305.0,306345.0,1049650.0,195.0,+12.50%,[Trend Breakdown] Death Cross: SMA20 crossed below SMA50. (Market Health: 10.7%)
"Apr 22, 2018",SANIMA,BUY,133,381.0,50673.0,692632.0,357018.0,1049650.0,0.0,0.00%,"[Quant Buy] Confidence 85/100: Strong Uptrend, Positive Momentum, Volume Breakout, Golden Cross, Healthy Market Index (Market Health: 86.2%)"
"Apr 24, 2018",PCBL,BUY,153,332.0,50796.0,641836.0,407814.0,1049650.0,0.0,0.00%,"[Quant Buy] Confidence 85/100: Strong Uptrend, Positive Momentum, Volume Breakout, Golden Cross, Healthy Market Index (Market Health: 72.4%)"
"Apr 24, 2018",ADBL,BUY,108,359.0,38772.0,603064.0,446586.0,1049650.0,0.0,0.00%,"[Quant Buy] Confidence 65/100: Strong Uptrend, Positive Momentum, Golden Cross, Healthy Market Index (Market Health: 72.4%)"
"Apr 24, 2018",EBL,BUY,46,840.0,38640.0,564424.0,485226.0,1049650.0,0.0,0.00%,"[Quant Buy] Confidence 65/100: Strong Uptrend, Positive Momentum, Golden Cross, Healthy Market Index (Market Health: 72.4%)"
"Apr 25, 2018",GBBL,BUY,289,207.0,59823.0,504601.0,545049.0,1049650.0,0.0,0.00%,"[Quant Buy] Confidence 100/100: Strong Uptrend, Stable RSI, Positive Momentum, Volume Breakout, Golden Cross, Healthy Market Index (Market Health: 71.4%)"
"Apr 25, 2018",NMB,BUY,101,472.0,47672.0,456929.0,592721.0,1049650.0,0.0,0.00%,"[Quant Buy] Confidence 80/100: Strong Uptrend, Stable RSI, Positive Momentum, Golden Cross, Healthy Market Index (Market Health: 71.4%)"
"Apr 25, 2018",JFL,BUY,203,192.0,38976.0,417953.0,631697.0,1049650.0,0.0,0.00%,"[Quant Buy] Confidence 65/100: Strong Uptrend, Positive Momentum, Golden Cross, Healthy Market Index (Market Health: 71.4%)"
"Apr 26, 2018",ALICL,BUY,64,831.0,53184.0,364769.0,684881.0,1049650.0,0.0,0.00%,"[Quant Buy] Confidence 90/100: Strong Uptrend, Stable RSI, Volume Breakout, Golden Cross, Healthy Market Index (Market Health: 66.7%)"
"Apr 26, 2018",CHCL,BUY,50,830.0,41500.0,323269.0,726381.0,1049650.0,0.0,0.00%,"[Quant Buy] Confidence 70/100: Strong Uptrend, Stable RSI, Golden Cross, Healthy Market Index (Market Health: 66.7%)"
"Apr 29, 2018",CZBIL,BUY,133,269.0,35777.0,287492.0,762158.0,1049650.0,0.0,0.00%,"[Quant Buy] Confidence 60/100: Strong Uptrend, Stable RSI, Golden Cross (Market Health: 57.1%)"
"Apr 29, 2018",EDBL,BUY,95,361.0,34295.0,253197.0,796453.0,1049650.0,0.0,0.00%,"[Quant Buy] Confidence 60/100: Strong Uptrend, Stable RSI, Golden Cross (Market Health: 57.1%)"
"Apr 29, 2018",GBIME,BUY,95,317.0,30115.0,223082.0,826568.0,1049650.0,0.0,0.00%,"[Quant Buy] Confidence 60/100: Strong Uptrend, Stable RSI, Golden Cross (Market Health: 57.1%)"
"Apr 29, 2018",JBBL,BUY,171,156.0,26676.0,196406.0,853244.0,1049650.0,0.0,0.00%,"[Quant Buy] Confidence 60/100: Strong Uptrend, Stable RSI, Golden Cross (Market Health: 57.1%)"
"Apr 29, 2018",MBL,BUY,98,239.0,23422.0,172984.0,876666.0,1049650.0,0.0,0.00%,"[Quant Buy] Confidence 60/100: Strong Uptrend, Stable RSI, Golden Cross (Market Health: 57.1%)"
"Apr 29, 2018",SBI,BUY,36,568.0,20448.0,152536.0,897114.0,1049650.0,0.0,0.00%,"[Quant Buy] Confidence 60/100: Strong Uptrend, Stable RSI, Golden Cross (Market Health: 57.1%)"
"May 02, 2018",AHPC,BUY,117,182.0,21294.0,131242.0,918408.0,1049650.0,0.0,0.00%,"[Quant Buy] Confidence 70/100: Strong Uptrend, Stable RSI, Golden Cross, Healthy Market Index (Market Health: 67.9%)"
"May 08, 2018",HBL,BUY,27,615.0,16605.0,114637.0,935013.0,1049650.0,0.0,0.00%,"[Quant Buy] Confidence 65/100: Strong Uptrend, Stable RSI, Positive Momentum, Healthy Market Index (Market Health: 71.4%)"
"May 09, 2018",GFCL,BUY,116,138.0,16008.0,98629.0,951021.0,1049650.0,0.0,0.00%,"[Quant Buy] Confidence 70/100: Strong Uptrend, Stable RSI, Golden Cross, Healthy Market Index (Market Health: 64.3%)"
"May 20, 2018",CFCL,BUY,107,128.0,13696.0,84933.0,964717.0,1049650.0,0.0,0.00%,"[Quant Buy] Confidence 70/100: Strong Uptrend, Stable RSI, Positive Momentum, Golden Cross (Market Health: 44.4%)"
"May 27, 2018",SANIMA,SELL,133,344.0,45752.0,130685.0,914044.0,1044729.0,-4921.0,-9.71%,[Trend Breakdown] Death Cross: SMA20 crossed below SMA50. (Market Health: 21.4%)
"May 27, 2018",EBL,SELL,46,708.0,32568.0,163253.0,875404.0,1038657.0,-6072.0,-15.71%,[Stop Loss] Stop-Loss hit at -15.71%. (Market Health: 21.4%)
"May 28, 2018",SBI,SELL,36,533.0,19188.0,182441.0,854956.0,1037397.0,-1260.0,-6.16%,[Trend Breakdown] Death Cross: SMA20 crossed below SMA50. (Market Health: 44.8%)
"May 29, 2018",GFCL,SELL,116,127.0,14732.0,197173.0,838948.0,1036121.0,-1276.0,-7.97%,[Trend Breakdown] Death Cross: SMA20 crossed below SMA50. (Market Health: 42.9%)
"May 29, 2018",CFCL,SELL,107,120.0,12840.0,210013.0,825252.0,1035265.0,-856.0,-6.25%,[Trend Breakdown] Death Cross: SMA20 crossed below SMA50. (Market Health: 42.9%)
"May 29, 2018",LICN,BUY,17,1755.0,29835.0,180178.0,855087.0,1035265.0,0.0,0.00%,"[Quant Buy] Confidence 75/100: Strong Uptrend, Stable RSI, Positive Momentum, Volume Breakout (Market Health: 42.9%)"
"May 30, 2018",MBL,SELL,98,231.0,22638.0,202816.0,831665.0,1034481.0,-784.0,-3.35%,[Trend Breakdown] Death Cross: SMA20 crossed below SMA50. (Market Health: 32.1%)
"May 30, 2018",HBL,SELL,27,603.0,16281.0,219097.0,815060.0,1034157.0,-324.0,-1.95%,[Trend Breakdown] Death Cross: SMA20 crossed below SMA50. (Market Health: 32.1%)
"May 31, 2018",GBIME,SELL,95,303.0,28785.0,247882.0,784945.0,1032827.0,-1330.0,-4.42%,[Trend Breakdown] Death Cross: SMA20 crossed below SMA50. (Market Health: 37.0%)
"Jun 03, 2018",NMB,SELL,101,397.0,40097.0,287979.0,737273.0,1025252.0,-7575.0,-15.89%,[Stop Loss] Stop-Loss hit at -15.89%. (Market Health: 11.5%)
"Jun 03, 2018",EDBL,SELL,95,331.0,31445.0,319424.0,702978.0,1022402.0,-2850.0,-8.31%,[Trend Breakdown] Death Cross: SMA20 crossed below SMA50. (Market Health: 11.5%)
"Jun 03, 2018",JBBL,SELL,171,140.0,23940.0,343364.0,676302.0,1019666.0,-2736.0,-10.26%,[Trend Breakdown] Death Cross: SMA20 crossed below SMA50. (Market Health: 11.5%)
"Jun 03, 2018",AHPC,SELL,117,160.0,18720.0,362084.0,655008.0,1017092.0,-2574.0,-12.09%,[Trend Breakdown] Death Cross: SMA20 crossed below SMA50. (Market Health: 11.5%)
"Jun 04, 2018",CZBIL,SELL,133,250.0,33250.0,395334.0,619231.0,1014565.0,-2527.0,-7.06%,[Trend Breakdown] Death Cross: SMA20 crossed below SMA50. (Market Health: 7.4%)
"Jun 10, 2018",ADBL,SELL,108,317.0,34236.0,429570.0,580459.0,1010029.0,-4536.0,-11.70%,[Trend Breakdown] Death Cross: SMA20 crossed below SMA50. (Market Health: 0.0%)
"Jun 10, 2018",GBBL,SELL,289,178.0,51442.0,481012.0,520636.0,1001648.0,-8381.0,-14.01%,[Trend Breakdown] Death Cross: SMA20 crossed below SMA50. (Market Health: 0.0%)
"Jun 10, 2018",ALICL,SELL,64,679.0,43456.0,524468.0,467452.0,991920.0,-9728.0,-18.29%,[Stop Loss] Stop-Loss hit at -18.29%. (Market Health: 0.0%)
"Jun 13, 2018",PCBL,SELL,153,294.0,44982.0,569450.0,416656.0,986106.0,-5814.0,-11.45%,[Trend Breakdown] Death Cross: SMA20 crossed below SMA50. (Market Health: 3.6%)
"Jun 14, 2018",CHCL,SELL,50,775.0,38750.0,608200.0,375156.0,983356.0,-2750.0,-6.63%,[Trend Breakdown] Death Cross: SMA20 crossed below SMA50. (Market Health: 3.6%)
"Jun 17, 2018",JFL,SELL,203,167.0,33901.0,642101.0,336180.0,978281.0,-5075.0,-13.02%,[Trend Breakdown] Death Cross: SMA20 crossed below SMA50. (Market Health: 0.0%)
"Jun 20, 2018",LICN,SELL,17,1610.0,27370.0,669471.0,306345.0,975816.0,-2465.0,-8.26%,[Trend Breakdown] Death Cross: SMA20 crossed below SMA50. (Market Health: 0.0%)
"Aug 15, 2018",GBBL,BUY,267,191.0,50997.0,618474.0,357342.0,975816.0,0.0,0.00%,"[Quant Buy] Confidence 85/100: Strong Uptrend, Stable RSI, Positive Momentum, Volume Breakout, Healthy Market Index (Market Health: 64.3%)"
"Aug 15, 2018",HBL,BUY,88,576.0,50688.0,567786.0,408030.0,975816.0,0.0,0.00%,"[Quant Buy] Confidence 85/100: Strong Uptrend, Stable RSI, Positive Momentum, Volume Breakout, Healthy Market Index (Market Health: 64.3%)"
"Aug 15, 2018",ADBL,BUY,123,339.0,41697.0,526089.0,449727.0,975816.0,0.0,0.00%,"[Quant Buy] Confidence 70/100: Strong Uptrend, Positive Momentum, Volume Breakout, Healthy Market Index (Market Health: 64.3%)"
"Aug 15, 2018",GFCL,BUY,307,127.0,38989.0,487100.0,488716.0,975816.0,0.0,0.00%,"[Quant Buy] Confidence 65/100: Strong Uptrend, Stable RSI, Positive Momentum, Healthy Market Index (Market Health: 64.3%)"
"Aug 15, 2018",JBBL,BUY,268,145.0,38860.0,448240.0,527576.0,975816.0,0.0,0.00%,"[Quant Buy] Confidence 65/100: Strong Uptrend, Stable RSI, Positive Momentum, Healthy Market Index (Market Health: 64.3%)"
"Aug 16, 2018",GBIME,BUY,140,300.0,42000.0,406240.0,569576.0,975816.0,0.0,0.00%,"[Quant Buy] Confidence 70/100: Strong Uptrend, Stable RSI, Positive Momentum, Golden Cross (Market Health: 55.2%)"
"Aug 16, 2018",SBI,BUY,83,505.0,41915.0,364325.0,611491.0,975816.0,0.0,0.00%,"[Quant Buy] Confidence 70/100: Strong Uptrend, Stable RSI, Positive Momentum, Golden Cross (Market Health: 55.2%)"
"Aug 19, 2018",PCBL,BUY,183,294.0,53802.0,310523.0,665293.0,975816.0,0.0,0.00%,"[Quant Buy] Confidence 90/100: Strong Uptrend, Stable RSI, Positive Momentum, Volume Breakout, Golden Cross (Market Health: 50.0%)"
"Aug 29, 2018",SBI,SELL,83,497.0,41251.0,351774.0,623378.0,975152.0,-664.0,-1.58%,[Trend Breakdown] Death Cross: SMA20 crossed below SMA50. (Market Health: 25.0%)
"Sep 02, 2018",HBL,SELL,88,536.0,47168.0,398942.0,572690.0,971632.0,-3520.0,-6.94%,[Trend Breakdown] Death Cross: SMA20 crossed below SMA50. (Market Health: 50.0%)
"Sep 02, 2018",CZBIL,BUY,177,236.0,41772.0,357170.0,614462.0,971632.0,0.0,0.00%,"[Quant Buy] Confidence 70/100: Strong Uptrend, Stable RSI, Positive Momentum, Golden Cross (Market Health: 50.0%)"
"Sep 02, 2018",KBL,BUY,173,208.0,35984.0,321186.0,650446.0,971632.0,0.0,0.00%,"[Quant Buy] Confidence 60/100: Strong Uptrend, Positive Momentum, Volume Breakout (Market Health: 50.0%)"
"Sep 03, 2018",CFCL,BUY,371,121.0,44891.0,276295.0,695337.0,971632.0,0.0,0.00%,"[Quant Buy] Confidence 75/100: Strong Uptrend, Stable RSI, Positive Momentum, Volume Breakout (Market Health: 57.7%)"
"Sep 05, 2018",JFL,BUY,234,200.0,46800.0,229495.0,742137.0,971632.0,0.0,0.00%,"[Quant Buy] Confidence 85/100: Strong Uptrend, Stable RSI, Positive Momentum, Volume Breakout, Healthy Market Index (Market Health: 75.0%)"
"Sep 05, 2018",LICN,BUY,18,1619.0,29142.0,200353.0,771279.0,971632.0,0.0,0.00%,"[Quant Buy] Confidence 65/100: Strong Uptrend, Stable RSI, Positive Momentum, Healthy Market Index (Market Health: 75.0%)"
"Sep 06, 2018",NABIL,BUY,35,965.0,33775.0,166578.0,805054.0,971632.0,0.0,0.00%,"[Quant Buy] Confidence 85/100: Strong Uptrend, Stable RSI, Positive Momentum, Volume Breakout, Healthy Market Index (Market Health: 64.3%)"
"Sep 10, 2018",SANIMA,BUY,61,326.0,19886.0,146692.0,824940.0,971632.0,0.0,0.00%,"[Quant Buy] Confidence 60/100: Strong Uptrend, Stable RSI, Golden Cross (Market Health: 50.0%)"
"Sep 11, 2018",MBL,BUY,82,213.0,17466.0,129226.0,842406.0,971632.0,0.0,0.00%,"[Quant Buy] Confidence 60/100: Strong Uptrend, Stable RSI, Golden Cross (Market Health: 59.3%)"
"Sep 13, 2018",BPCL,BUY,38,464.0,17632.0,111594.0,860038.0,971632.0,0.0,0.00%,"[Quant Buy] Confidence 70/100: Strong Uptrend, Positive Momentum, Volume Breakout, Healthy Market Index (Market Health: 67.9%)"
"Sep 25, 2018",NMB,BUY,38,377.0,14326.0,97268.0,874364.0,971632.0,0.0,0.00%,"[Quant Buy] Confidence 65/100: Strong Uptrend, Positive Momentum, Golden Cross, Healthy Market Index (Market Health: 72.4%)"
"Sep 25, 2018",SBI,BUY,24,511.0,12264.0,85004.0,886628.0,971632.0,0.0,0.00%,"[Quant Buy] Confidence 65/100: Strong Uptrend, Stable RSI, Positive Momentum, Healthy Market Index (Market Health: 72.4%)"
"Sep 27, 2018",NHPC,BUY,191,89.0,16999.0,68005.0,903627.0,971632.0,0.0,0.00%,"[Quant Buy] Confidence 100/100: Strong Uptrend, Stable RSI, Positive Momentum, Volume Breakout, Golden Cross, Healthy Market Index (Market Health: 63.0%)"
"Sep 27, 2018",HBL,BUY,17,558.0,9486.0,58519.0,913113.0,971632.0,0.0,0.00%,"[Quant Buy] Confidence 70/100: Strong Uptrend, Stable RSI, Golden Cross, Healthy Market Index (Market Health: 63.0%)"
"Oct 03, 2018",JFL,SELL,234,168.0,39312.0,97831.0,866313.0,964144.0,-7488.0,-16.00%,[Stop Loss] Stop-Loss hit at -16.00%. (Market Health: 44.4%)
"Oct 08, 2018",SBI,SELL,24,485.0,11640.0,109471.0,854049.0,963520.0,-624.0,-5.09%,[Trend Breakdown] Death Cross: SMA20 crossed below SMA50. (Market Health: 42.3%)
"Oct 08, 2018",HBL,SELL,17,527.0,8959.0,118430.0,844563.0,962993.0,-527.0,-5.56%,[Trend Breakdown] Death Cross: SMA20 crossed below SMA50. (Market Health: 42.3%)
"Oct 09, 2018",LICN,SELL,18,1519.0,27342.0,145772.0,815421.0,961193.0,-1800.0,-6.18%,[Trend Breakdown] Death Cross: SMA20 crossed below SMA50. (Market Health: 32.1%)
"Oct 14, 2018",GBBL,SELL,267,179.0,47793.0,193565.0,764424.0,957989.0,-3204.0,-6.28%,[Trend Breakdown] Death Cross: SMA20 crossed below SMA50. (Market Health: 48.0%)
"Oct 24, 2018",JBBL,SELL,268,138.0,36984.0,230549.0,725564.0,956113.0,-1876.0,-4.83%,[Trend Breakdown] Death Cross: SMA20 crossed below SMA50. (Market Health: 61.5%)
"Oct 24, 2018",NABIL,SELL,35,962.0,33670.0,264219.0,691789.0,956008.0,-105.0,-0.31%,[Trend Breakdown] Death Cross: SMA20 crossed below SMA50. (Market Health: 61.5%)
"Nov 01, 2018",CZBIL,SELL,177,241.0,42657.0,306876.0,650017.0,956893.0,885.0,+2.12%,[Trend Breakdown] Death Cross: SMA20 crossed below SMA50. (Market Health: 36.0%)
"Nov 01, 2018",NHPC,SELL,191,78.0,14898.0,321774.0,633018.0,954792.0,-2101.0,-12.36%,[Trend Breakdown] Death Cross: SMA20 crossed below SMA50. (Market Health: 36.0%)
"Nov 12, 2018",SANIMA,SELL,61,320.0,19520.0,341294.0,613132.0,954426.0,-366.0,-1.84%,[Trend Breakdown] Death Cross: SMA20 crossed below SMA50. (Market Health: 8.3%)
"Nov 15, 2018",MBL,SELL,82,220.0,18040.0,359334.0,595666.0,955000.0,574.0,+3.29%,[Trend Breakdown] Death Cross: SMA20 crossed below SMA50. (Market Health: 10.7%)
"Nov 18, 2018",ADBL,SELL,123,345.0,42435.0,401769.0,553969.0,955738.0,738.0,+1.77%,[Trend Breakdown] Death Cross: SMA20 crossed below SMA50. (Market Health: 11.5%)
"Nov 19, 2018",CFCL,SELL,371,115.0,42665.0,444434.0,509078.0,953512.0,-2226.0,-4.96%,[Trend Breakdown] Death Cross: SMA20 crossed below SMA50. (Market Health: 11.1%)
"Nov 20, 2018",GBIME,SELL,140,313.0,43820.0,488254.0,467078.0,955332.0,1820.0,+4.33%,[Trend Breakdown] Death Cross: SMA20 crossed below SMA50. (Market Health: 4.2%)
"Nov 20, 2018",BPCL,SELL,38,444.0,16872.0,505126.0,449446.0,954572.0,-760.0,-4.31%,[Trend Breakdown] Death Cross: SMA20 crossed below SMA50. (Market Health: 4.2%)
"Nov 20, 2018",NMB,SELL,38,342.0,12996.0,518122.0,435120.0,953242.0,-1330.0,-9.28%,[Trend Breakdown] Death Cross: SMA20 crossed below SMA50. (Market Health: 4.2%)
"Nov 25, 2018",PCBL,SELL,183,321.0,58743.0,576865.0,381318.0,958183.0,4941.0,+9.18%,[Trend Breakdown] Death Cross: SMA20 crossed below SMA50. (Market Health: 7.4%)
"Nov 27, 2018",GFCL,SELL,307,118.0,36226.0,613091.0,342329.0,955420.0,-2763.0,-7.09%,[Trend Breakdown] Death Cross: SMA20 crossed below SMA50. (Market Health: 7.1%)
"Dec 02, 2018",KBL,SELL,173,243.0,42039.0,655130.0,306345.0,961475.0,6055.0,+16.83%,[Trend Breakdown] Death Cross: SMA20 crossed below SMA50. (Market Health: 3.8%)
"Dec 23, 2018",NMB,BUY,91,392.0,35672.0,619458.0,342017.0,961475.0,0.0,0.00%,"[Quant Buy] Confidence 60/100: Strong Uptrend, Positive Momentum, Volume Breakout (Market Health: 42.3%)"
"Dec 26, 2018",GBIME,BUY,109,328.0,35752.0,583706.0,377769.0,961475.0,0.0,0.00%,"[Quant Buy] Confidence 60/100: Strong Uptrend, Positive Momentum, Volume Breakout (Market Health: 48.3%)"
"Dec 26, 2018",ICFC,BUY,230,156.0,35880.0,547826.0,413649.0,961475.0,0.0,0.00%,"[Quant Buy] Confidence 60/100: Strong Uptrend, Stable RSI, Golden Cross (Market Health: 48.3%)"
"Dec 27, 2018",JFL,BUY,238,176.0,41888.0,505938.0,455537.0,961475.0,0.0,0.00%,"[Quant Buy] Confidence 70/100: Strong Uptrend, Stable RSI, Positive Momentum, Golden Cross (Market Health: 51.9%)"
"Dec 30, 2018",GBBL,BUY,185,194.0,35890.0,470048.0,491427.0,961475.0,0.0,0.00%,"[Quant Buy] Confidence 60/100: Strong Uptrend, Stable RSI, Golden Cross (Market Health: 42.3%)"
"Dec 31, 2018",NMB,SELL,91,329.0,29939.0,499987.0,455755.0,955742.0,-5733.0,-16.07%,[Stop Loss] Stop-Loss hit at -16.07%. (Market Health: 34.6%)
"Dec 31, 2018",GBIME,SELL,109,277.0,30193.0,530180.0,420003.0,950183.0,-5559.0,-15.55%,[Stop Loss] Stop-Loss hit at -15.55%. (Market Health: 34.6%)
"Jan 10, 2019",KBL,BUY,213,253.0,53889.0,476291.0,473892.0,950183.0,0.0,0.00%,"[Quant Buy] Confidence 90/100: Strong Uptrend, Stable RSI, Positive Momentum, Volume Breakout, Golden Cross (Market Health: 44.0%)"
"Jan 10, 2019",JBBL,BUY,326,138.0,44988.0,431303.0,518880.0,950183.0,0.0,0.00%,"[Quant Buy] Confidence 75/100: Strong Uptrend, Stable RSI, Positive Momentum, Volume Breakout (Market Health: 44.0%)"
"Jan 13, 2019",ADBL,BUY,103,349.0,35947.0,395356.0,554827.0,950183.0,0.0,0.00%,"[Quant Buy] Confidence 60/100: Strong Uptrend, Positive Momentum, Volume Breakout (Market Health: 46.2%)"
"Jan 23, 2019",ICFC,SELL,230,155.0,35650.0,431006.0,518947.0,949953.0,-230.0,-0.64%,[Trend Breakdown] Death Cross: SMA20 crossed below SMA50. (Market Health: 37.5%)
"Feb 05, 2019",JFL,SELL,238,169.0,40222.0,471228.0,477059.0,948287.0,-1666.0,-3.98%,[Trend Breakdown] Death Cross: SMA20 crossed below SMA50. (Market Health: 22.2%)
"Feb 05, 2019",ADBL,SELL,103,338.0,34814.0,506042.0,441112.0,947154.0,-1133.0,-3.15%,[Trend Breakdown] Death Cross: SMA20 crossed below SMA50. (Market Health: 22.2%)
"Feb 07, 2019",KBL,SELL,213,238.0,50694.0,556736.0,387223.0,943959.0,-3195.0,-5.93%,[Trend Breakdown] Death Cross: SMA20 crossed below SMA50. (Market Health: 26.9%)
"Feb 12, 2019",GBBL,SELL,185,182.0,33670.0,590406.0,351333.0,941739.0,-2220.0,-6.19%,[Trend Breakdown] Death Cross: SMA20 crossed below SMA50. (Market Health: 14.8%)
"Feb 24, 2019",JBBL,SELL,326,134.0,43684.0,634090.0,306345.0,940435.0,-1304.0,-2.90%,[Trend Breakdown] Death Cross: SMA20 crossed below SMA50. (Market Health: 8.0%)
"Mar 11, 2019",MBL,BUY,248,217.0,53816.0,580274.0,360161.0,940435.0,0.0,0.00%,"[Quant Buy] Confidence 90/100: Strong Uptrend, Stable RSI, Positive Momentum, Volume Breakout, Golden Cross (Market Health: 48.1%)"
"Mar 11, 2019",CIT,BUY,17,2618.0,44506.0,535768.0,404667.0,940435.0,0.0,0.00%,"[Quant Buy] Confidence 75/100: Strong Uptrend, Stable RSI, Positive Momentum, Volume Breakout (Market Health: 48.1%)"
"Mar 12, 2019",EDBL,BUY,177,288.0,50976.0,484792.0,455643.0,940435.0,0.0,0.00%,"[Quant Buy] Confidence 85/100: Strong Uptrend, Stable RSI, Positive Momentum, Volume Breakout, Healthy Market Index (Market Health: 70.4%)"
"Mar 24, 2019",NHPC,BUY,583,72.0,41976.0,442816.0,497619.0,940435.0,0.0,0.00%,"[Quant Buy] Confidence 70/100: Strong Uptrend, Stable RSI, Positive Momentum, Golden Cross (Market Health: 42.3%)"
"Mar 26, 2019",SBI,BUY,107,391.0,41837.0,400979.0,539456.0,940435.0,0.0,0.00%,"[Quant Buy] Confidence 70/100: Strong Uptrend, Stable RSI, Golden Cross, Healthy Market Index (Market Health: 61.5%)"
"Mar 27, 2019",AHPC,BUY,346,104.0,35984.0,364995.0,575440.0,940435.0,0.0,0.00%,"[Quant Buy] Confidence 60/100: Strong Uptrend, Stable RSI, Golden Cross (Market Health: 52.0%)"
"Mar 31, 2019",CZBIL,BUY,258,209.0,53922.0,311073.0,629362.0,940435.0,0.0,0.00%,"[Quant Buy] Confidence 90/100: Strong Uptrend, Stable RSI, Positive Momentum, Volume Breakout, Golden Cross (Market Health: 50.0%)"
"Mar 31, 2019",SANIMA,BUY,139,302.0,41978.0,269095.0,671340.0,940435.0,0.0,0.00%,"[Quant Buy] Confidence 70/100: Strong Uptrend, Stable RSI, Positive Momentum, Golden Cross (Market Health: 50.0%)"
"Mar 31, 2019",HBL,BUY,76,458.0,34808.0,234287.0,706148.0,940435.0,0.0,0.00%,"[Quant Buy] Confidence 65/100: Strong Uptrend, Stable RSI, Volume Breakout (Market Health: 50.0%)"
"Apr 01, 2019",NMB,BUY,120,331.0,39720.0,194567.0,745868.0,940435.0,0.0,0.00%,"[Quant Buy] Confidence 85/100: Strong Uptrend, Stable RSI, Positive Momentum, Volume Breakout, Healthy Market Index (Market Health: 66.7%)"
"Apr 01, 2019",BPCL,BUY,85,362.0,30770.0,163797.0,776638.0,940435.0,0.0,0.00%,"[Quant Buy] Confidence 80/100: Strong Uptrend, Stable RSI, Positive Momentum, Golden Cross, Healthy Market Index (Market Health: 66.7%)"
"Apr 01, 2019",GMFIL,BUY,201,130.0,26130.0,137667.0,802768.0,940435.0,0.0,0.00%,"[Quant Buy] Confidence 80/100: Strong Uptrend, Stable RSI, Positive Momentum, Golden Cross, Healthy Market Index (Market Health: 66.7%)"
"Apr 01, 2019",GBBL,BUY,108,190.0,20520.0,117147.0,823288.0,940435.0,0.0,0.00%,"[Quant Buy] Confidence 75/100: Strong Uptrend, Stable RSI, Volume Breakout, Healthy Market Index (Market Health: 66.7%)"
"Apr 01, 2019",EBL,BUY,28,573.0,16044.0,101103.0,839332.0,940435.0,0.0,0.00%,"[Quant Buy] Confidence 70/100: Strong Uptrend, Positive Momentum, Volume Breakout, Healthy Market Index (Market Health: 66.7%)"
"Apr 01, 2019",GBIME,BUY,49,264.0,12936.0,88167.0,852268.0,940435.0,0.0,0.00%,"[Quant Buy] Confidence 65/100: Strong Uptrend, Stable RSI, Positive Momentum, Healthy Market Index (Market Health: 66.7%)"
"Apr 02, 2019",PCBL,BUY,54,325.0,17550.0,70617.0,869818.0,940435.0,0.0,0.00%,"[Quant Buy] Confidence 100/100: Strong Uptrend, Stable RSI, Positive Momentum, Volume Breakout, Golden Cross, Healthy Market Index (Market Health: 70.4%)"
"Apr 03, 2019",JBBL,BUY,66,138.0,9108.0,61509.0,878926.0,940435.0,0.0,0.00%,"[Quant Buy] Confidence 65/100: Strong Uptrend, Stable RSI, Positive Momentum, Healthy Market Index (Market Health: 73.1%)"
"Apr 04, 2019",KBL,BUY,51,241.0,12291.0,49218.0,891217.0,940435.0,0.0,0.00%,"[Quant Buy] Confidence 100/100: Strong Uptrend, Stable RSI, Positive Momentum, Volume Breakout, Golden Cross, Healthy Market Index (Market Health: 69.2%)"
"Apr 04, 2019",JFL,BUY,45,174.0,7830.0,41388.0,899047.0,940435.0,0.0,0.00%,"[Quant Buy] Confidence 80/100: Strong Uptrend, Stable RSI, Positive Momentum, Golden Cross, Healthy Market Index (Market Health: 69.2%)"
"Apr 07, 2019",ICFC,BUY,42,157.0,6594.0,34794.0,905641.0,940435.0,0.0,0.00%,"[Quant Buy] Confidence 80/100: Strong Uptrend, Stable RSI, Positive Momentum, Golden Cross, Healthy Market Index (Market Health: 74.1%)"
"Apr 09, 2019",GFCL,BUY,46,121.0,5566.0,29228.0,911207.0,940435.0,0.0,0.00%,"[Quant Buy] Confidence 80/100: Strong Uptrend, Stable RSI, Positive Momentum, Golden Cross, Healthy Market Index (Market Health: 73.1%)"
"Apr 18, 2019",CIT,SELL,17,2550.0,43350.0,72578.0,866701.0,939279.0,-1156.0,-2.60%,[Trend Breakdown] Death Cross: SMA20 crossed below SMA50. (Market Health: 84.6%)
"Apr 23, 2019",ADBL,BUY,27,346.0,9342.0,63236.0,876043.0,939279.0,0.0,0.00%,"[Quant Buy] Confidence 65/100: Strong Uptrend, Positive Momentum, Golden Cross, Healthy Market Index (Market Health: 77.8%)"
"Apr 28, 2019",CFCL,BUY,111,113.0,12543.0,50693.0,888586.0,939279.0,0.0,0.00%,"[Quant Buy] Confidence 100/100: Strong Uptrend, Stable RSI, Positive Momentum, Volume Breakout, Golden Cross, Healthy Market Index (Market Health: 89.3%)"
"Apr 28, 2019",CHCL,BUY,15,549.0,8235.0,42458.0,896821.0,939279.0,0.0,0.00%,"[Quant Buy] Confidence 85/100: Strong Uptrend, Positive Momentum, Volume Breakout, Golden Cross, Healthy Market Index (Market Health: 89.3%)"
"May 12, 2019",KBL,SELL,51,221.0,11271.0,53729.0,884530.0,938259.0,-1020.0,-8.30%,[Trend Breakdown] Death Cross: SMA20 crossed below SMA50. (Market Health: 84.6%)
"May 12, 2019",ALICL,BUY,15,441.0,6615.0,47114.0,891145.0,938259.0,0.0,0.00%,"[Quant Buy] Confidence 65/100: Strong Uptrend, Stable RSI, Positive Momentum, Healthy Market Index (Market Health: 84.6%)"
"May 13, 2019",NHPC,SELL,583,70.0,40810.0,87924.0,849169.0,937093.0,-1166.0,-2.78%,[Trend Breakdown] Death Cross: SMA20 crossed below SMA50. (Market Health: 96.2%)
"May 13, 2019",CORBL,BUY,116,98.0,11368.0,76556.0,860537.0,937093.0,0.0,0.00%,"[Quant Buy] Confidence 65/100: Strong Uptrend, Stable RSI, Positive Momentum, Healthy Market Index (Market Health: 96.2%)"
"May 22, 2019",PROFL,BUY,106,108.0,11448.0,65108.0,871985.0,937093.0,0.0,0.00%,"[Quant Buy] Confidence 75/100: Strong Uptrend, Stable RSI, Volume Breakout, Healthy Market Index (Market Health: 96.3%)"
"Jun 06, 2019",PCBL,SELL,54,300.0,16200.0,81308.0,854435.0,935743.0,-1350.0,-7.69%,[Trend Breakdown] Death Cross: SMA20 crossed below SMA50. (Market Health: 67.9%)
"Jun 12, 2019",ALICL,SELL,15,393.0,5895.0,87203.0,847820.0,935023.0,-720.0,-10.88%,[Trend Breakdown] Death Cross: SMA20 crossed below SMA50. (Market Health: 65.4%)
"Jun 12, 2019",PROFL,SELL,106,114.0,12084.0,99287.0,836372.0,935659.0,636.0,+5.56%,[Trend Breakdown] Death Cross: SMA20 crossed below SMA50. (Market Health: 65.4%)
"Jun 17, 2019",CZBIL,SELL,258,221.0,57018.0,156305.0,782450.0,938755.0,3096.0,+5.74%,[Trend Breakdown] Death Cross: SMA20 crossed below SMA50. (Market Health: 48.1%)
"Jun 19, 2019",SBI,SELL,107,461.0,49327.0,205632.0,740613.0,946245.0,7490.0,+17.90%,[Trend Breakdown] Death Cross: SMA20 crossed below SMA50. (Market Health: 46.2%)
"Jun 19, 2019",GMFIL,SELL,201,123.0,24723.0,230355.0,714483.0,944838.0,-1407.0,-5.38%,[Trend Breakdown] Death Cross: SMA20 crossed below SMA50. (Market Health: 46.2%)
"Jun 20, 2019",CHCL,SELL,15,511.0,7665.0,238020.0,706248.0,944268.0,-570.0,-6.92%,[Trend Breakdown] Death Cross: SMA20 crossed below SMA50. (Market Health: 46.4%)
"Jun 23, 2019",GBIME,SELL,49,300.0,14700.0,252720.0,693312.0,946032.0,1764.0,+13.64%,[Trend Breakdown] Death Cross: SMA20 crossed below SMA50. (Market Health: 40.7%)
"Jun 24, 2019",HBL,SELL,76,555.0,42180.0,294900.0,658504.0,953404.0,7372.0,+21.18%,[Trend Breakdown] Death Cross: SMA20 crossed below SMA50. (Market Health: 44.4%)
"Jun 25, 2019",SANIMA,SELL,139,350.0,48650.0,343550.0,616526.0,960076.0,6672.0,+15.89%,[Trend Breakdown] Death Cross: SMA20 crossed below SMA50. (Market Health: 40.0%)
"Jun 26, 2019",EDBL,SELL,177,294.0,52038.0,395588.0,565550.0,961138.0,1062.0,+2.08%,[Trend Breakdown] Death Cross: SMA20 crossed below SMA50. (Market Health: 38.5%)
"Jun 30, 2019",MBL,SELL,248,264.0,65472.0,461060.0,511734.0,972794.0,11656.0,+21.66%,[Trend Breakdown] Death Cross: SMA20 crossed below SMA50. (Market Health: 19.2%)
"Jun 30, 2019",EBL,SELL,28,653.0,18284.0,479344.0,495690.0,975034.0,2240.0,+13.96%,[Trend Breakdown] Death Cross: SMA20 crossed below SMA50. (Market Health: 19.2%)
"Jul 02, 2019",AHPC,SELL,346,106.0,36676.0,516020.0,459706.0,975726.0,692.0,+1.92%,[Trend Breakdown] Death Cross: SMA20 crossed below SMA50. (Market Health: 28.6%)
"Jul 08, 2019",GBBL,SELL,108,221.0,23868.0,539888.0,439186.0,979074.0,3348.0,+16.32%,[Trend Breakdown] Death Cross: SMA20 crossed below SMA50. (Market Health: 22.2%)
"Jul 08, 2019",ICFC,SELL,42,161.0,6762.0,546650.0,432592.0,979242.0,168.0,+2.55%,[Trend Breakdown] Death Cross: SMA20 crossed below SMA50. (Market Health: 22.2%)
"Jul 09, 2019",ADBL,SELL,27,405.0,10935.0,557585.0,423250.0,980835.0,1593.0,+17.05%,[Trend Breakdown] Death Cross: SMA20 crossed below SMA50. (Market Health: 28.0%)
"Jul 15, 2019",BPCL,SELL,85,409.0,34765.0,592350.0,392480.0,984830.0,3995.0,+12.98%,[Trend Breakdown] Death Cross: SMA20 crossed below SMA50. (Market Health: 39.1%)
"Jul 16, 2019",ICFC,BUY,250,168.0,42000.0,550350.0,434480.0,984830.0,0.0,0.00%,"[Quant Buy] Confidence 70/100: Strong Uptrend, Stable RSI, Positive Momentum, Golden Cross (Market Health: 44.0%)"
"Jul 21, 2019",KBL,BUY,190,221.0,41990.0,508360.0,476470.0,984830.0,0.0,0.00%,"[Quant Buy] Confidence 70/100: Strong Uptrend, Stable RSI, Positive Momentum, Golden Cross (Market Health: 54.2%)"
"Jul 28, 2019",ICFC,SELL,250,160.0,40000.0,548360.0,434470.0,982830.0,-2000.0,-4.76%,[Trend Breakdown] Death Cross: SMA20 crossed below SMA50. (Market Health: 23.1%)
"Jul 30, 2019",GBBL,BUY,159,226.0,35934.0,512426.0,470404.0,982830.0,0.0,0.00%,"[Quant Buy] Confidence 60/100: Strong Uptrend, Stable RSI, Golden Cross (Market Health: 44.4%)"
"Jul 31, 2019",PROFL,BUY,327,110.0,35970.0,476456.0,506374.0,982830.0,0.0,0.00%,"[Quant Buy] Confidence 60/100: Strong Uptrend, Stable RSI, Golden Cross (Market Health: 44.4%)"
"Aug 07, 2019",CORBL,SELL,116,121.0,14036.0,490492.0,495006.0,985498.0,2668.0,+23.47%,[Trend Breakdown] Death Cross: SMA20 crossed below SMA50. (Market Health: 24.0%)
"Aug 13, 2019",CFCL,SELL,111,115.0,12765.0,503257.0,482463.0,985720.0,222.0,+1.77%,[Trend Breakdown] Death Cross: SMA20 crossed below SMA50. (Market Health: 15.4%)
"Aug 13, 2019",GBBL,SELL,159,215.0,34185.0,537442.0,446529.0,983971.0,-1749.0,-4.87%,[Trend Breakdown] Death Cross: SMA20 crossed below SMA50. (Market Health: 15.4%)
"Aug 13, 2019",PROFL,SELL,327,101.0,33027.0,570469.0,410559.0,981028.0,-2943.0,-8.18%,[Trend Breakdown] Death Cross: SMA20 crossed below SMA50. (Market Health: 15.4%)
"Aug 14, 2019",KBL,SELL,190,206.0,39140.0,609609.0,368569.0,978178.0,-2850.0,-6.79%,[Trend Breakdown] Death Cross: SMA20 crossed below SMA50. (Market Health: 7.4%)
"Aug 20, 2019",JBBL,SELL,66,156.0,10296.0,619905.0,359461.0,979366.0,1188.0,+13.04%,[Trend Breakdown] Death Cross: SMA20 crossed below SMA50. (Market Health: 19.2%)
"Sep 29, 2019",GFCL,SELL,46,133.0,6118.0,626023.0,353895.0,979918.0,552.0,+9.92%,[Trend Breakdown] Death Cross: SMA20 crossed below SMA50. (Market Health: 4.2%)
"Nov 17, 2019",JFL,SELL,45,195.0,8775.0,634798.0,346065.0,980863.0,945.0,+12.07%,[Trend Breakdown] Death Cross: SMA20 crossed below SMA50. (Market Health: 25.9%)
"Dec 09, 2019",JBBL,BUY,272,165.0,44880.0,589918.0,390945.0,980863.0,0.0,0.00%,"[Quant Buy] Confidence 75/100: Strong Uptrend, Stable RSI, Positive Momentum, Volume Breakout (Market Health: 51.9%)"
"Dec 09, 2019",ALICL,BUY,104,344.0,35776.0,554142.0,426721.0,980863.0,0.0,0.00%,"[Quant Buy] Confidence 60/100: Strong Uptrend, Positive Momentum, Volume Breakout (Market Health: 51.9%)"
"Dec 10, 2019",EDBL,BUY,155,290.0,44950.0,509192.0,471671.0,980863.0,0.0,0.00%,"[Quant Buy] Confidence 75/100: Strong Uptrend, Stable RSI, Positive Momentum, Volume Breakout (Market Health: 48.1%)"
"Dec 12, 2019",CFCL,BUY,413,116.0,47908.0,461284.0,519579.0,980863.0,0.0,0.00%,"[Quant Buy] Confidence 80/100: Strong Uptrend, Stable RSI, Positive Momentum, Golden Cross, Healthy Market Index (Market Health: 65.4%)"
"Dec 12, 2019",ICFC,BUY,240,162.0,38880.0,422404.0,558459.0,980863.0,0.0,0.00%,"[Quant Buy] Confidence 65/100: Strong Uptrend, Stable RSI, Positive Momentum, Healthy Market Index (Market Health: 65.4%)"
"Dec 16, 2019",PCBL,BUY,161,279.0,44919.0,377485.0,603378.0,980863.0,0.0,0.00%,"[Quant Buy] Confidence 75/100: Strong Uptrend, Stable RSI, Positive Momentum, Volume Breakout (Market Health: 50.0%)"
"Dec 17, 2019",AHPC,BUY,424,99.0,41976.0,335509.0,645354.0,980863.0,0.0,0.00%,"[Quant Buy] Confidence 70/100: Strong Uptrend, Stable RSI, Positive Momentum, Golden Cross (Market Health: 51.9%)"
"Dec 19, 2019",SANIMA,BUY,135,310.0,41850.0,293659.0,687204.0,980863.0,0.0,0.00%,"[Quant Buy] Confidence 70/100: Strong Uptrend, Stable RSI, Golden Cross, Healthy Market Index (Market Health: 63.0%)"
"Dec 24, 2019",HBL,BUY,106,498.0,52788.0,240871.0,739992.0,980863.0,0.0,0.00%,"[Quant Buy] Confidence 90/100: Strong Uptrend, Stable RSI, Volume Breakout, Golden Cross, Healthy Market Index (Market Health: 60.7%)"
"Dec 24, 2019",LICN,BUY,37,1035.0,38295.0,202576.0,778287.0,980863.0,0.0,0.00%,"[Quant Buy] Confidence 80/100: Strong Uptrend, Stable RSI, Positive Momentum, Golden Cross, Healthy Market Index (Market Health: 60.7%)"
"Dec 25, 2019",NMB,SELL,120,324.0,38880.0,241456.0,738567.0,980023.0,-840.0,-2.11%,[Trend Breakdown] Death Cross: SMA20 crossed below SMA50. (Market Health: 57.1%)
"Dec 25, 2019",CIT,BUY,17,2013.0,34221.0,207235.0,772788.0,980023.0,0.0,0.00%,"[Quant Buy] Confidence 75/100: Strong Uptrend, Positive Momentum, Volume Breakout, Golden Cross (Market Health: 57.1%)"
"Dec 25, 2019",JFL,BUY,148,196.0,29008.0,178227.0,801796.0,980023.0,0.0,0.00%,"[Quant Buy] Confidence 70/100: Strong Uptrend, Stable RSI, Positive Momentum, Golden Cross (Market Health: 57.1%)"
"Dec 26, 2019",GFCL,BUY,211,135.0,28485.0,149742.0,830281.0,980023.0,0.0,0.00%,"[Quant Buy] Confidence 80/100: Strong Uptrend, Stable RSI, Volume Breakout, Golden Cross (Market Health: 53.8%)"
"Dec 30, 2019",PCBL,SELL,161,237.0,38157.0,187899.0,785362.0,973261.0,-6762.0,-15.05%,[Stop Loss] Stop-Loss hit at -15.05%. (Market Health: 42.9%)
"Dec 30, 2019",JFL,SELL,148,162.0,23976.0,211875.0,756354.0,968229.0,-5032.0,-17.35%,[Stop Loss] Stop-Loss hit at -17.35%. (Market Health: 42.9%)
"Jan 01, 2020",ICFC,SELL,240,146.0,35040.0,246915.0,717474.0,964389.0,-3840.0,-9.88%,[Trend Breakdown] Death Cross: SMA20 crossed below SMA50. (Market Health: 32.1%)
"Jan 02, 2020",AHPC,SELL,424,92.0,39008.0,285923.0,675498.0,961421.0,-2968.0,-7.07%,[Trend Breakdown] Death Cross: SMA20 crossed below SMA50. (Market Health: 32.1%)
"Jan 06, 2020",KBL,BUY,276,186.0,51336.0,234587.0,726834.0,961421.0,0.0,0.00%,"[Quant Buy] Confidence 90/100: Strong Uptrend, Stable RSI, Positive Momentum, Volume Breakout, Golden Cross (Market Health: 46.4%)"
"Jan 06, 2020",GMFIL,BUY,260,117.0,30420.0,204167.0,757254.0,961421.0,0.0,0.00%,"[Quant Buy] Confidence 65/100: Strong Uptrend, Stable RSI, Volume Breakout (Market Health: 46.4%)"
"Jan 08, 2020",PROFL,BUY,291,98.0,28518.0,175649.0,785772.0,961421.0,0.0,0.00%,"[Quant Buy] Confidence 70/100: Strong Uptrend, Stable RSI, Positive Momentum, Golden Cross (Market Health: 59.3%)"
"Jan 09, 2020",CZBIL,BUY,126,194.0,24444.0,151205.0,810216.0,961421.0,0.0,0.00%,"[Quant Buy] Confidence 70/100: Strong Uptrend, Stable RSI, Positive Momentum, Golden Cross (Market Health: 57.1%)"
"Jan 14, 2020",MBL,BUY,92,229.0,21068.0,130137.0,831284.0,961421.0,0.0,0.00%,"[Quant Buy] Confidence 70/100: Strong Uptrend, Stable RSI, Golden Cross, Healthy Market Index (Market Health: 75.0%)"
"Jan 14, 2020",EBL,BUY,28,596.0,16688.0,113449.0,847972.0,961421.0,0.0,0.00%,"[Quant Buy] Confidence 65/100: Strong Uptrend, Positive Momentum, Golden Cross, Healthy Market Index (Market Health: 75.0%)"
"Jan 15, 2020",CHCL,BUY,35,420.0,14700.0,98749.0,862672.0,961421.0,0.0,0.00%,"[Quant Buy] Confidence 65/100: Strong Uptrend, Positive Momentum, Golden Cross, Healthy Market Index (Market Health: 89.3%)"
"Jan 16, 2020",SBI,BUY,40,419.0,16760.0,81989.0,879432.0,961421.0,0.0,0.00%,"[Quant Buy] Confidence 85/100: Strong Uptrend, Positive Momentum, Volume Breakout, Golden Cross, Healthy Market Index (Market Health: 89.3%)"
"Jan 19, 2020",NHPC,BUY,292,56.0,16352.0,65637.0,895784.0,961421.0,0.0,0.00%,"[Quant Buy] Confidence 100/100: Strong Uptrend, Stable RSI, Positive Momentum, Volume Breakout, Golden Cross, Healthy Market Index (Market Health: 96.4%)"
"Jan 19, 2020",CORBL,BUY,77,144.0,11088.0,54549.0,906872.0,961421.0,0.0,0.00%,"[Quant Buy] Confidence 85/100: Strong Uptrend, Positive Momentum, Volume Breakout, Golden Cross, Healthy Market Index (Market Health: 96.4%)"
"Jan 19, 2020",GBBL,BUY,38,240.0,9120.0,45429.0,915992.0,961421.0,0.0,0.00%,"[Quant Buy] Confidence 85/100: Strong Uptrend, Positive Momentum, Volume Breakout, Golden Cross, Healthy Market Index (Market Health: 96.4%)"
"Jan 19, 2020",ICFC,BUY,39,195.0,7605.0,37824.0,923597.0,961421.0,0.0,0.00%,"[Quant Buy] Confidence 85/100: Strong Uptrend, Positive Momentum, Volume Breakout, Golden Cross, Healthy Market Index (Market Health: 96.4%)"
"Jan 22, 2020",ALICL,SELL,104,525.0,54600.0,92424.0,887821.0,980245.0,18824.0,+52.62%,[Profit Booking] Target Achieved: +52.62% gain. (Market Health: 82.8%)
"Jan 28, 2020",ALICL,BUY,24,533.0,12792.0,79632.0,900613.0,980245.0,0.0,0.00%,"[Quant Buy] Confidence 70/100: Strong Uptrend, Positive Momentum, Volume Breakout, Healthy Market Index (Market Health: 72.4%)"
"Feb 02, 2020",NABIL,BUY,18,752.0,13536.0,66096.0,914149.0,980245.0,0.0,0.00%,"[Quant Buy] Confidence 85/100: Strong Uptrend, Stable RSI, Positive Momentum, Volume Breakout, Healthy Market Index (Market Health: 89.7%)"
"Feb 02, 2020",AHPC,BUY,95,97.0,9215.0,56881.0,923364.0,980245.0,0.0,0.00%,"[Quant Buy] Confidence 70/100: Strong Uptrend, Stable RSI, Golden Cross, Healthy Market Index (Market Health: 89.7%)"
"Feb 03, 2020",PCBL,BUY,39,285.0,11115.0,45766.0,934479.0,980245.0,0.0,0.00%,"[Quant Buy] Confidence 100/100: Strong Uptrend, Stable RSI, Positive Momentum, Volume Breakout, Golden Cross, Healthy Market Index (Market Health: 93.1%)"
"Feb 05, 2020",NMB,BUY,19,367.0,6973.0,38793.0,941452.0,980245.0,0.0,0.00%,"[Quant Buy] Confidence 80/100: Strong Uptrend, Stable RSI, Positive Momentum, Golden Cross, Healthy Market Index (Market Health: 93.1%)"
"Feb 11, 2020",JFL,BUY,29,183.0,5307.0,33486.0,946759.0,980245.0,0.0,0.00%,"[Quant Buy] Confidence 70/100: Strong Uptrend, Stable RSI, Golden Cross, Healthy Market Index (Market Health: 86.2%)"
"Feb 17, 2020",BPCL,BUY,16,350.0,5600.0,27886.0,952359.0,980245.0,0.0,0.00%,"[Quant Buy] Confidence 85/100: Strong Uptrend, Positive Momentum, Volume Breakout, Golden Cross, Healthy Market Index (Market Health: 93.1%)"
"Feb 25, 2020",LICN,SELL,37,1660.0,61420.0,89306.0,914064.0,1003370.0,23125.0,+60.39%,[Profit Booking] Target Achieved: +60.39% gain. (Market Health: 96.6%)
"Feb 25, 2020",CIT,SELL,17,3036.0,51612.0,140918.0,879843.0,1020761.0,17391.0,+50.82%,[Profit Booking] Target Achieved: +50.82% gain. (Market Health: 96.6%)
"Feb 26, 2020",ADBL,BUY,43,453.0,19479.0,121439.0,899322.0,1020761.0,0.0,0.00%,"[Quant Buy] Confidence 70/100: Strong Uptrend, Positive Momentum, Volume Breakout, Healthy Market Index (Market Health: 100.0%)"
"Mar 01, 2020",EDBL,SELL,155,435.0,67425.0,188864.0,854372.0,1043236.0,22475.0,+50.00%,[Profit Booking] Target Achieved: +50.00% gain. (Market Health: 100.0%)
"Mar 01, 2020",LICN,BUY,16,1632.0,26112.0,162752.0,880484.0,1043236.0,0.0,0.00%,"[Quant Buy] Confidence 70/100: Strong Uptrend, Positive Momentum, Volume Breakout, Healthy Market Index (Market Health: 100.0%)"
"Mar 10, 2020",ADBL,SELL,43,380.0,16340.0,179092.0,861005.0,1040097.0,-3139.0,-16.11%,[Stop Loss] Stop-Loss hit at -16.11%. (Market Health: 53.6%)
"Mar 10, 2020",LICN,SELL,16,1350.0,21600.0,200692.0,834893.0,1035585.0,-4512.0,-17.28%,[Stop Loss] Stop-Loss hit at -17.28%. (Market Health: 53.6%)
"Mar 11, 2020",EDBL,BUY,83,410.0,34030.0,166662.0,868923.0,1035585.0,0.0,0.00%,"[Quant Buy] Confidence 85/100: Strong Uptrend, Stable RSI, Positive Momentum, Volume Breakout, Healthy Market Index (Market Health: 89.7%)"
"Mar 15, 2020",CORBL,SELL,77,120.0,9240.0,175902.0,857835.0,1033737.0,-1848.0,-16.67%,[Stop Loss] Stop-Loss hit at -16.67%. (Market Health: 13.8%)
"Mar 17, 2020",ICFC,SELL,39,165.0,6435.0,182337.0,850230.0,1032567.0,-1170.0,-15.38%,[Stop Loss] Stop-Loss hit at -15.38%. (Market Health: 3.4%)
"Mar 18, 2020",CFCL,SELL,413,126.0,52038.0,234375.0,802322.0,1036697.0,4130.0,+8.62%,[Trend Breakdown] Death Cross: SMA20 crossed below SMA50. (Market Health: 3.4%)
"Mar 18, 2020",JFL,SELL,29,169.0,4901.0,239276.0,797015.0,1036291.0,-406.0,-7.65%,[Trend Breakdown] Death Cross: SMA20 crossed below SMA50. (Market Health: 3.4%)
"Mar 19, 2020",CHCL,SELL,35,377.0,13195.0,252471.0,782315.0,1034786.0,-1505.0,-10.24%,[Trend Breakdown] Death Cross: SMA20 crossed below SMA50. (Market Health: 3.6%)
"May 12, 2020",GMFIL,SELL,260,114.0,29640.0,282111.0,751895.0,1034006.0,-780.0,-2.56%,[Trend Breakdown] Death Cross: SMA20 crossed below SMA50. (Market Health: 0.0%)
"May 12, 2020",EDBL,SELL,83,314.0,26062.0,308173.0,717865.0,1026038.0,-7968.0,-23.41%,[Stop Loss] Stop-Loss hit at -23.41%. (Market Health: 0.0%)
"Jun 29, 2020",GBBL,SELL,38,196.0,7448.0,315621.0,708745.0,1024366.0,-1672.0,-18.33%,[Stop Loss] Stop-Loss hit at -18.33%. (Market Health: 0.0%)
"Jun 29, 2020",PCBL,SELL,39,233.0,9087.0,324708.0,697630.0,1022338.0,-2028.0,-18.25%,[Stop Loss] Stop-Loss hit at -18.25%. (Market Health: 0.0%)
"Jun 30, 2020",KBL,SELL,276,177.0,48852.0,373560.0,646294.0,1019854.0,-2484.0,-4.84%,[Trend Breakdown] Death Cross: SMA20 crossed below SMA50. (Market Health: 0.0%)
"Jun 30, 2020",CZBIL,SELL,126,180.0,22680.0,396240.0,621850.0,1018090.0,-1764.0,-7.22%,[Trend Breakdown] Death Cross: SMA20 crossed below SMA50. (Market Health: 0.0%)
"Jul 01, 2020",JBBL,SELL,272,179.0,48688.0,444928.0,576970.0,1021898.0,3808.0,+8.48%,[Trend Breakdown] Death Cross: SMA20 crossed below SMA50. (Market Health: 15.4%)
"Jul 01, 2020",SANIMA,SELL,135,341.0,46035.0,490963.0,535120.0,1026083.0,4185.0,+10.00%,[Trend Breakdown] Death Cross: SMA20 crossed below SMA50. (Market Health: 15.4%)
"Jul 01, 2020",ALICL,SELL,24,591.0,14184.0,505147.0,522328.0,1027475.0,1392.0,+10.88%,[Trend Breakdown] Death Cross: SMA20 crossed below SMA50. (Market Health: 15.4%)
"Jul 01, 2020",AHPC,SELL,95,97.0,9215.0,514362.0,513113.0,1027475.0,0.0,+0.00%,[Trend Breakdown] Death Cross: SMA20 crossed below SMA50. (Market Health: 15.4%)
"Jul 02, 2020",HBL,SELL,106,514.0,54484.0,568846.0,460325.0,1029171.0,1696.0,+3.21%,[Trend Breakdown] Death Cross: SMA20 crossed below SMA50. (Market Health: 7.4%)
"Jul 02, 2020",MBL,SELL,92,212.0,19504.0,588350.0,439257.0,1027607.0,-1564.0,-7.42%,[Trend Breakdown] Death Cross: SMA20 crossed below SMA50. (Market Health: 7.4%)
"Jul 02, 2020",NHPC,SELL,292,49.0,14308.0,602658.0,422905.0,1025563.0,-2044.0,-12.50%,[Trend Breakdown] Death Cross: SMA20 crossed below SMA50. (Market Health: 7.4%)
"Jul 05, 2020",GFCL,SELL,211,148.0,31228.0,633886.0,394420.0,1028306.0,2743.0,+9.63%,[Trend Breakdown] Death Cross: SMA20 crossed below SMA50. (Market Health: 0.0%)
"Jul 05, 2020",EBL,SELL,28,630.0,17640.0,651526.0,377732.0,1029258.0,952.0,+5.70%,[Trend Breakdown] Death Cross: SMA20 crossed below SMA50. (Market Health: 0.0%)
"Jul 05, 2020",NABIL,SELL,18,729.0,13122.0,664648.0,364196.0,1028844.0,-414.0,-3.06%,[Trend Breakdown] Death Cross: SMA20 crossed below SMA50. (Market Health: 0.0%)
"Jul 05, 2020",BPCL,SELL,16,336.0,5376.0,670024.0,358596.0,1028620.0,-224.0,-4.00%,[Trend Breakdown] Death Cross: SMA20 crossed below SMA50. (Market Health: 0.0%)
"Jul 06, 2020",SBI,SELL,40,408.0,16320.0,686344.0,341836.0,1028180.0,-440.0,-2.63%,[Trend Breakdown] Death Cross: SMA20 crossed below SMA50. (Market Health: 3.7%)
"Jul 07, 2020",PROFL,SELL,291,103.0,29973.0,716317.0,313318.0,1029635.0,1455.0,+5.10%,[Trend Breakdown] Death Cross: SMA20 crossed below SMA50. (Market Health: 13.8%)
"Jul 07, 2020",NMB,SELL,19,392.0,7448.0,723765.0,306345.0,1030110.0,475.0,+6.81%,[Trend Breakdown] Death Cross: SMA20 crossed below SMA50. (Market Health: 13.8%)
"Jul 26, 2020",ALICL,BUY,77,662.0,50974.0,672791.0,357319.0,1030110.0,0.0,0.00%,"[Quant Buy] Confidence 85/100: Strong Uptrend, Positive Momentum, Volume Breakout, Golden Cross, Healthy Market Index (Market Health: 72.4%)"
"Jul 27, 2020",NABIL,BUY,52,860.0,44720.0,628071.0,402039.0,1030110.0,0.0,0.00%,"[Quant Buy] Confidence 75/100: Strong Uptrend, Volume Breakout, Golden Cross, Healthy Market Index (Market Health: 71.4%)"
"Jul 27, 2020",BPCL,BUY,114,367.0,41838.0,586233.0,443877.0,1030110.0,0.0,0.00%,"[Quant Buy] Confidence 70/100: Strong Uptrend, Stable RSI, Golden Cross, Healthy Market Index (Market Health: 71.4%)"
"Jul 29, 2020",ADBL,BUY,92,422.0,38824.0,547409.0,482701.0,1030110.0,0.0,0.00%,"[Quant Buy] Confidence 65/100: Strong Uptrend, Volume Breakout, Golden Cross (Market Health: 51.7%)"
"Aug 10, 2020",LICN,BUY,31,1450.0,44950.0,502459.0,527651.0,1030110.0,0.0,0.00%,"[Quant Buy] Confidence 75/100: Strong Uptrend, Stable RSI, Positive Momentum, Volume Breakout (Market Health: 55.2%)"
"Aug 12, 2020",CIT,BUY,16,2600.0,41600.0,460859.0,569251.0,1030110.0,0.0,0.00%,"[Quant Buy] Confidence 70/100: Strong Uptrend, Stable RSI, Positive Momentum, Golden Cross (Market Health: 48.3%)"
"Aug 24, 2020",CHCL,BUY,113,395.0,44635.0,416224.0,613886.0,1030110.0,0.0,0.00%,"[Quant Buy] Confidence 75/100: Strong Uptrend, Stable RSI, Positive Momentum, Volume Breakout (Market Health: 58.6%)"
"Aug 25, 2020",EBL,BUY,54,720.0,38880.0,377344.0,652766.0,1030110.0,0.0,0.00%,"[Quant Buy] Confidence 65/100: Strong Uptrend, Stable RSI, Positive Momentum, Healthy Market Index (Market Health: 69.0%)"
"Aug 25, 2020",GBBL,BUY,163,238.0,38794.0,338550.0,691560.0,1030110.0,0.0,0.00%,"[Quant Buy] Confidence 65/100: Strong Uptrend, Stable RSI, Positive Momentum, Healthy Market Index (Market Health: 69.0%)"
"Aug 25, 2020",HBL,BUY,70,554.0,38780.0,299770.0,730340.0,1030110.0,0.0,0.00%,"[Quant Buy] Confidence 65/100: Strong Uptrend, Stable RSI, Positive Momentum, Healthy Market Index (Market Health: 69.0%)"
"Aug 25, 2020",NMB,BUY,92,421.0,38732.0,261038.0,769072.0,1030110.0,0.0,0.00%,"[Quant Buy] Confidence 65/100: Strong Uptrend, Stable RSI, Positive Momentum, Healthy Market Index (Market Health: 69.0%)"
"Aug 25, 2020",SANIMA,BUY,99,341.0,33759.0,227279.0,802831.0,1030110.0,0.0,0.00%,"[Quant Buy] Confidence 65/100: Strong Uptrend, Stable RSI, Positive Momentum, Healthy Market Index (Market Health: 69.0%)"
"Aug 26, 2020",KBL,BUY,204,189.0,38556.0,188723.0,841387.0,1030110.0,0.0,0.00%,"[Quant Buy] Confidence 85/100: Strong Uptrend, Stable RSI, Positive Momentum, Volume Breakout, Healthy Market Index (Market Health: 75.9%)"
"Aug 26, 2020",MBL,BUY,139,230.0,31970.0,156753.0,873357.0,1030110.0,0.0,0.00%,"[Quant Buy] Confidence 85/100: Strong Uptrend, Stable RSI, Positive Momentum, Volume Breakout, Healthy Market Index (Market Health: 75.9%)"
"Aug 26, 2020",SBI,BUY,61,433.0,26413.0,130340.0,899770.0,1030110.0,0.0,0.00%,"[Quant Buy] Confidence 85/100: Strong Uptrend, Stable RSI, Positive Momentum, Volume Breakout, Healthy Market Index (Market Health: 75.9%)"
"Aug 26, 2020",PCBL,BUY,63,286.0,18018.0,112322.0,917788.0,1030110.0,0.0,0.00%,"[Quant Buy] Confidence 70/100: Strong Uptrend, Positive Momentum, Volume Breakout, Healthy Market Index (Market Health: 75.9%)"
"Aug 26, 2020",CZBIL,BUY,74,197.0,14578.0,97744.0,932366.0,1030110.0,0.0,0.00%,"[Quant Buy] Confidence 65/100: Strong Uptrend, Stable RSI, Positive Momentum, Healthy Market Index (Market Health: 75.9%)"
"Aug 26, 2020",GFCL,BUY,83,153.0,12699.0,85045.0,945065.0,1030110.0,0.0,0.00%,"[Quant Buy] Confidence 65/100: Strong Uptrend, Stable RSI, Positive Momentum, Healthy Market Index (Market Health: 75.9%)"
"Aug 27, 2020",NHPC,BUY,251,54.0,13554.0,71491.0,958619.0,1030110.0,0.0,0.00%,"[Quant Buy] Confidence 80/100: Strong Uptrend, Stable RSI, Positive Momentum, Golden Cross, Healthy Market Index (Market Health: 79.3%)"
"Aug 27, 2020",GBIME,BUY,36,256.0,9216.0,62275.0,967835.0,1030110.0,0.0,0.00%,"[Quant Buy] Confidence 65/100: Strong Uptrend, Stable RSI, Positive Momentum, Healthy Market Index (Market Health: 79.3%)"
"Aug 31, 2020",AHPC,BUY,124,100.0,12400.0,49875.0,980235.0,1030110.0,0.0,0.00%,"[Quant Buy] Confidence 100/100: Strong Uptrend, Stable RSI, Positive Momentum, Volume Breakout, Golden Cross, Healthy Market Index (Market Health: 86.2%)"
"Aug 31, 2020",GMFIL,BUY,56,123.0,6888.0,42987.0,987123.0,1030110.0,0.0,0.00%,"[Quant Buy] Confidence 70/100: Stable RSI, Positive Momentum, Volume Breakout, Golden Cross, Healthy Market Index (Market Health: 86.2%)"
"Aug 31, 2020",ICFC,BUY,33,178.0,5874.0,37113.0,992997.0,1030110.0,0.0,0.00%,"[Quant Buy] Confidence 70/100: Strong Uptrend, Positive Momentum, Volume Breakout, Healthy Market Index (Market Health: 86.2%)"
"Sep 03, 2020",CFCL,BUY,47,126.0,5922.0,31191.0,998919.0,1030110.0,0.0,0.00%,"[Quant Buy] Confidence 80/100: Strong Uptrend, Stable RSI, Positive Momentum, Golden Cross, Healthy Market Index (Market Health: 96.6%)"
"Sep 03, 2020",PROFL,BUY,46,107.0,4922.0,26269.0,1003841.0,1030110.0,0.0,0.00%,"[Quant Buy] Confidence 80/100: Strong Uptrend, Stable RSI, Positive Momentum, Golden Cross, Healthy Market Index (Market Health: 96.6%)"
"Sep 06, 2020",KBL,SELL,204,190.0,38760.0,65029.0,965285.0,1030314.0,204.0,+0.53%,[Trend Breakdown] Death Cross: SMA20 crossed below SMA50. (Market Health: 86.2%)
"Sep 06, 2020",ICFC,SELL,33,174.0,5742.0,70771.0,959411.0,1030182.0,-132.0,-2.25%,[Trend Breakdown] Death Cross: SMA20 crossed below SMA50. (Market Health: 86.2%)
"Sep 08, 2020",MBL,SELL,139,224.0,31136.0,101907.0,927441.0,1029348.0,-834.0,-2.61%,[Trend Breakdown] Death Cross: SMA20 crossed below SMA50. (Market Health: 69.0%)
"Sep 09, 2020",SANIMA,SELL,99,340.0,33660.0,135567.0,893682.0,1029249.0,-99.0,-0.29%,[Trend Breakdown] Death Cross: SMA20 crossed below SMA50. (Market Health: 65.5%)
"Sep 09, 2020",JFL,BUY,113,167.0,18871.0,116696.0,912553.0,1029249.0,0.0,0.00%,"[Quant Buy] Confidence 70/100: Strong Uptrend, Stable RSI, Golden Cross, Healthy Market Index (Market Health: 65.5%)"
"Sep 10, 2020",CZBIL,SELL,74,194.0,14356.0,131052.0,897975.0,1029027.0,-222.0,-1.52%,[Trend Breakdown] Death Cross: SMA20 crossed below SMA50. (Market Health: 72.4%)
"Sep 10, 2020",CORBL,BUY,132,129.0,17028.0,114024.0,915003.0,1029027.0,0.0,0.00%,"[Quant Buy] Confidence 65/100: Strong Uptrend, Positive Momentum, Golden Cross, Healthy Market Index (Market Health: 72.4%)"
"Sep 16, 2020",AHPC,SELL,124,162.0,20088.0,134112.0,902603.0,1036715.0,7688.0,+62.00%,[Profit Booking] Target Achieved: +62.00% gain. (Market Health: 79.3%)
"Sep 20, 2020",AHPC,BUY,112,167.0,18704.0,115408.0,921307.0,1036715.0,0.0,0.00%,"[Quant Buy] Confidence 70/100: Strong Uptrend, Positive Momentum, Volume Breakout, Healthy Market Index (Market Health: 96.6%)"
"Sep 21, 2020",NHPC,SELL,251,84.0,21084.0,136492.0,907753.0,1044245.0,7530.0,+55.56%,[Profit Booking] Target Achieved: +55.56% gain. (Market Health: 100.0%)
"Sep 21, 2020",CZBIL,BUY,111,209.0,23199.0,113293.0,930952.0,1044245.0,0.0,0.00%,"[Quant Buy] Confidence 85/100: Strong Uptrend, Positive Momentum, Volume Breakout, Golden Cross, Healthy Market Index (Market Health: 100.0%)"
"Sep 22, 2020",KBL,BUY,89,203.0,18067.0,95226.0,949019.0,1044245.0,0.0,0.00%,"[Quant Buy] Confidence 80/100: Strong Uptrend, Stable RSI, Positive Momentum, Golden Cross, Healthy Market Index (Market Health: 86.2%)"
"Sep 27, 2020",EBL,SELL,54,732.0,39528.0,134754.0,910139.0,1044893.0,648.0,+1.67%,[Trend Breakdown] Death Cross: SMA20 crossed below SMA50. (Market Health: 82.8%)
"Sep 27, 2020",NMB,SELL,92,419.0,38548.0,173302.0,871407.0,1044709.0,-184.0,-0.48%,[Trend Breakdown] Death Cross: SMA20 crossed below SMA50. (Market Health: 82.8%)
"Sep 27, 2020",NHPC,BUY,278,87.0,24186.0,149116.0,895593.0,1044709.0,0.0,0.00%,"[Quant Buy] Confidence 70/100: Strong Uptrend, Positive Momentum, Volume Breakout, Healthy Market Index (Market Health: 82.8%)"
"Sep 28, 2020",ICFC,BUY,99,195.0,19305.0,129811.0,914898.0,1044709.0,0.0,0.00%,"[Quant Buy] Confidence 65/100: Strong Uptrend, Stable RSI, Positive Momentum, Healthy Market Index (Market Health: 82.8%)"
"Sep 30, 2020",JBBL,BUY,141,184.0,25944.0,103867.0,940842.0,1044709.0,0.0,0.00%,"[Quant Buy] Confidence 100/100: Strong Uptrend, Stable RSI, Positive Momentum, Volume Breakout, Golden Cross, Healthy Market Index (Market Health: 75.9%)"
"Oct 01, 2020",MBL,BUY,69,239.0,16491.0,87376.0,957333.0,1044709.0,0.0,0.00%,"[Quant Buy] Confidence 80/100: Strong Uptrend, Stable RSI, Positive Momentum, Golden Cross, Healthy Market Index (Market Health: 86.2%)"
"Oct 04, 2020",CORBL,SELL,132,201.0,26532.0,113908.0,940305.0,1054213.0,9504.0,+55.81%,[Profit Booking] Target Achieved: +55.81% gain. (Market Health: 89.7%)
"Oct 07, 2020",AHPC,SELL,112,262.0,29344.0,143252.0,921601.0,1064853.0,10640.0,+56.89%,[Profit Booking] Target Achieved: +56.89% gain. (Market Health: 93.1%)
"Oct 08, 2020",GMFIL,SELL,56,185.0,10360.0,153612.0,914713.0,1068325.0,3472.0,+50.41%,[Profit Booking] Target Achieved: +50.41% gain. (Market Health: 86.2%)
"Oct 11, 2020",EDBL,BUY,74,330.0,24420.0,129192.0,939133.0,1068325.0,0.0,0.00%,"[Quant Buy] Confidence 80/100: Strong Uptrend, Stable RSI, Positive Momentum, Golden Cross, Healthy Market Index (Market Health: 79.3%)"
"Oct 14, 2020",SANIMA,BUY,56,345.0,19320.0,109872.0,958453.0,1068325.0,0.0,0.00%,"[Quant Buy] Confidence 75/100: Strong Uptrend, Stable RSI, Volume Breakout, Healthy Market Index (Market Health: 79.3%)"
"Oct 14, 2020",GMFIL,BUY,80,177.0,14160.0,95712.0,972613.0,1068325.0,0.0,0.00%,"[Quant Buy] Confidence 65/100: Strong Uptrend, Stable RSI, Positive Momentum, Healthy Market Index (Market Health: 79.3%)"
"Oct 18, 2020",SBI,SELL,61,412.0,25132.0,120844.0,946200.0,1067044.0,-1281.0,-4.85%,[Trend Breakdown] Death Cross: SMA20 crossed below SMA50. (Market Health: 72.4%)
"Oct 18, 2020",SANIMA,SELL,56,340.0,19040.0,139884.0,926880.0,1066764.0,-280.0,-1.45%,[Trend Breakdown] Death Cross: SMA20 crossed below SMA50. (Market Health: 72.4%)
"Oct 19, 2020",LICN,SELL,31,1483.0,45973.0,185857.0,881930.0,1067787.0,1023.0,+2.28%,[Trend Breakdown] Death Cross: SMA20 crossed below SMA50. (Market Health: 79.3%)
"Oct 20, 2020",ICFC,SELL,99,294.0,29106.0,214963.0,862625.0,1077588.0,9801.0,+50.77%,[Profit Booking] Target Achieved: +50.77% gain. (Market Health: 82.8%)
"Oct 20, 2020",CORBL,BUY,137,203.0,27811.0,187152.0,890436.0,1077588.0,0.0,0.00%,"[Quant Buy] Confidence 65/100: Strong Uptrend, Stable RSI, Positive Momentum, Healthy Market Index (Market Health: 82.8%)"
"Oct 28, 2020",AHPC,BUY,101,239.0,24139.0,163013.0,914575.0,1077588.0,0.0,0.00%,"[Quant Buy] Confidence 65/100: Strong Uptrend, Stable RSI, Positive Momentum, Healthy Market Index (Market Health: 100.0%)"
"Oct 29, 2020",SANIMA,BUY,91,355.0,32305.0,130708.0,946880.0,1077588.0,0.0,0.00%,"[Quant Buy] Confidence 100/100: Strong Uptrend, Stable RSI, Positive Momentum, Volume Breakout, Golden Cross, Healthy Market Index (Market Health: 100.0%)"
"Nov 02, 2020",SANIMA,SELL,91,322.0,29302.0,160010.0,914575.0,1074585.0,-3003.0,-9.30%,[Trend Breakdown] Death Cross: SMA20 crossed below SMA50. (Market Health: 93.1%)
"Nov 04, 2020",ALICL,SELL,77,738.0,56826.0,216836.0,863601.0,1080437.0,5852.0,+11.48%,[Trend Breakdown] Death Cross: SMA20 crossed below SMA50. (Market Health: 89.7%)
"Nov 05, 2020",MBL,SELL,69,229.0,15801.0,232637.0,847110.0,1079747.0,-690.0,-4.18%,[Trend Breakdown] Death Cross: SMA20 crossed below SMA50. (Market Health: 86.2%)
"Nov 09, 2020",CIT,SELL,16,3964.0,63424.0,296061.0,805510.0,1101571.0,21824.0,+52.46%,[Profit Booking] Target Achieved: +52.46% gain. (Market Health: 79.3%)
"Nov 10, 2020",LICN,BUY,32,1562.0,49984.0,246077.0,855494.0,1101571.0,0.0,0.00%,"[Quant Buy] Confidence 85/100: Strong Uptrend, Positive Momentum, Volume Breakout, Golden Cross, Healthy Market Index (Market Health: 82.8%)"
"Nov 11, 2020",ICFC,BUY,123,299.0,36777.0,209300.0,892271.0,1101571.0,0.0,0.00%,"[Quant Buy] Confidence 75/100: Strong Uptrend, Stable RSI, Volume Breakout, Healthy Market Index (Market Health: 93.1%)"
"Nov 12, 2020",ALICL,BUY,45,782.0,35190.0,174110.0,927461.0,1101571.0,0.0,0.00%,"[Quant Buy] Confidence 85/100: Strong Uptrend, Positive Momentum, Volume Breakout, Golden Cross, Healthy Market Index (Market Health: 93.1%)"
"Nov 18, 2020",NMB,BUY,65,427.0,27755.0,146355.0,955216.0,1101571.0,0.0,0.00%,"[Quant Buy] Confidence 80/100: Strong Uptrend, Stable RSI, Positive Momentum, Golden Cross, Healthy Market Index (Market Health: 89.7%)"
"Nov 19, 2020",GFCL,SELL,83,232.0,19256.0,165611.0,942517.0,1108128.0,6557.0,+51.63%,[Profit Booking] Target Achieved: +51.63% gain. (Market Health: 89.7%)
"Nov 23, 2020",JFL,SELL,113,264.0,29832.0,195443.0,923646.0,1119089.0,10961.0,+58.08%,[Profit Booking] Target Achieved: +58.08% gain. (Market Health: 89.7%)
"Nov 23, 2020",NHPC,SELL,278,131.0,36418.0,231861.0,899460.0,1131321.0,12232.0,+50.57%,[Profit Booking] Target Achieved: +50.57% gain. (Market Health: 89.7%)
"Nov 23, 2020",GFCL,BUY,142,212.0,30104.0,201757.0,929564.0,1131321.0,0.0,0.00%,"[Quant Buy] Confidence 65/100: Strong Uptrend, Stable RSI, Positive Momentum, Healthy Market Index (Market Health: 89.7%)"
"Nov 25, 2020",MBL,BUY,168,239.0,40152.0,161605.0,969716.0,1131321.0,0.0,0.00%,"[Quant Buy] Confidence 100/100: Strong Uptrend, Stable RSI, Positive Momentum, Volume Breakout, Golden Cross, Healthy Market Index (Market Health: 89.7%)"
"Nov 26, 2020",SBI,BUY,63,430.0,27090.0,134515.0,996806.0,1131321.0,0.0,0.00%,"[Quant Buy] Confidence 85/100: Strong Uptrend, Stable RSI, Positive Momentum, Volume Breakout, Healthy Market Index (Market Health: 93.1%)"
"Nov 29, 2020",CHCL,SELL,113,601.0,67913.0,202428.0,952171.0,1154599.0,23278.0,+52.15%,[Profit Booking] Target Achieved: +52.15% gain. (Market Health: 100.0%)
"Nov 30, 2020",NHPC,BUY,197,133.0,26201.0,176227.0,978372.0,1154599.0,0.0,0.00%,"[Quant Buy] Confidence 65/100: Strong Uptrend, Stable RSI, Positive Momentum, Healthy Market Index (Market Health: 96.6%)"
"Dec 03, 2020",CHCL,BUY,37,655.0,24235.0,151992.0,1002607.0,1154599.0,0.0,0.00%,"[Quant Buy] Confidence 70/100: Strong Uptrend, Positive Momentum, Volume Breakout, Healthy Market Index (Market Health: 90.0%)"
"Dec 08, 2020",JFL,BUY,79,249.0,19671.0,132321.0,1022278.0,1154599.0,0.0,0.00%,"[Quant Buy] Confidence 65/100: Strong Uptrend, Stable RSI, Positive Momentum, Healthy Market Index (Market Health: 80.0%)"
"Dec 15, 2020",CFCL,SELL,47,159.0,7473.0,139794.0,1016356.0,1156150.0,1551.0,+26.19%,[Trend Breakdown] Death Cross: SMA20 crossed below SMA50. (Market Health: 80.0%)
"Dec 15, 2020",PROFL,SELL,46,130.0,5980.0,145774.0,1011434.0,1157208.0,1058.0,+21.50%,[Trend Breakdown] Death Cross: SMA20 crossed below SMA50. (Market Health: 80.0%)
"Dec 15, 2020",CHCL,SELL,37,541.0,20017.0,165791.0,987199.0,1152990.0,-4218.0,-17.40%,[Stop Loss] Stop-Loss hit at -17.40%. (Market Health: 80.0%)
"Dec 17, 2020",AHPC,SELL,101,218.0,22018.0,187809.0,963060.0,1150869.0,-2121.0,-8.79%,[Trend Breakdown] Death Cross: SMA20 crossed below SMA50. (Market Health: 73.3%)
"Dec 22, 2020",NABIL,SELL,52,1354.0,70408.0,258217.0,918340.0,1176557.0,25688.0,+57.44%,[Profit Booking] Target Achieved: +57.44% gain. (Market Health: 73.3%)
"Dec 22, 2020",EBL,BUY,47,714.0,33558.0,224659.0,951898.0,1176557.0,0.0,0.00%,"[Quant Buy] Confidence 65/100: Strong Uptrend, Stable RSI, Positive Momentum, Healthy Market Index (Market Health: 73.3%)"
"Dec 27, 2020",ICFC,SELL,123,284.0,34932.0,259591.0,915121.0,1174712.0,-1845.0,-5.02%,[Trend Breakdown] Death Cross: SMA20 crossed below SMA50. (Market Health: 53.3%)
"Dec 27, 2020",SBI,SELL,63,414.0,26082.0,285673.0,888031.0,1173704.0,-1008.0,-3.72%,[Trend Breakdown] Death Cross: SMA20 crossed below SMA50. (Market Health: 53.3%)
"Dec 27, 2020",NABIL,BUY,24,1384.0,33216.0,252457.0,921247.0,1173704.0,0.0,0.00%,"[Quant Buy] Confidence 60/100: Strong Uptrend, Positive Momentum, Volume Breakout (Market Health: 53.3%)"
"Dec 28, 2020",KBL,SELL,89,235.0,20915.0,273372.0,903180.0,1176552.0,2848.0,+15.76%,[Trend Breakdown] Death Cross: SMA20 crossed below SMA50. (Market Health: 56.7%)
"Dec 30, 2020",CORBL,SELL,137,207.0,28359.0,301731.0,875369.0,1177100.0,548.0,+1.97%,[Trend Breakdown] Death Cross: SMA20 crossed below SMA50. (Market Health: 46.7%)
"Dec 31, 2020",NHPC,SELL,197,112.0,22064.0,323795.0,849168.0,1172963.0,-4137.0,-15.79%,[Stop Loss] Stop-Loss hit at -15.79%. (Market Health: 43.3%)
"Dec 31, 2020",NABIL,SELL,24,1100.0,26400.0,350195.0,815952.0,1166147.0,-6816.0,-20.52%,[Stop Loss] Stop-Loss hit at -20.52%. (Market Health: 43.3%)
"Jan 03, 2021",PCBL,SELL,63,468.0,29484.0,379679.0,797934.0,1177613.0,11466.0,+63.64%,[Profit Booking] Target Achieved: +63.64% gain. (Market Health: 53.3%)
"Jan 04, 2021",GFCL,SELL,142,194.0,27548.0,407227.0,767830.0,1175057.0,-2556.0,-8.49%,[Trend Breakdown] Death Cross: SMA20 crossed below SMA50. (Market Health: 50.0%)
"Jan 05, 2021",ADBL,SELL,92,435.0,40020.0,447247.0,729006.0,1176253.0,1196.0,+3.08%,[Trend Breakdown] Death Cross: SMA20 crossed below SMA50. (Market Health: 46.7%)
"Jan 05, 2021",HBL,SELL,70,565.0,39550.0,486797.0,690226.0,1177023.0,770.0,+1.99%,[Trend Breakdown] Death Cross: SMA20 crossed below SMA50. (Market Health: 46.7%)
"Jan 05, 2021",NMB,SELL,65,409.0,26585.0,513382.0,662471.0,1175853.0,-1170.0,-4.22%,[Trend Breakdown] Death Cross: SMA20 crossed below SMA50. (Market Health: 46.7%)
"Jan 07, 2021",SANIMA,BUY,119,376.0,44744.0,468638.0,707215.0,1175853.0,0.0,0.00%,"[Quant Buy] Confidence 75/100: Strong Uptrend, Positive Momentum, Volume Breakout, Golden Cross (Market Health: 53.3%)"
"Jan 10, 2021",KBL,BUY,155,289.0,44795.0,423843.0,752010.0,1175853.0,0.0,0.00%,"[Quant Buy] Confidence 75/100: Strong Uptrend, Positive Momentum, Volume Breakout, Golden Cross (Market Health: 60.0%)"
"Jan 10, 2021",PCBL,BUY,87,444.0,38628.0,385215.0,790638.0,1175853.0,0.0,0.00%,"[Quant Buy] Confidence 65/100: Strong Uptrend, Stable RSI, Volume Breakout (Market Health: 60.0%)"
"Jan 11, 2021",BPCL,SELL,114,402.0,45828.0,431043.0,748800.0,1179843.0,3990.0,+9.54%,[Trend Breakdown] Death Cross: SMA20 crossed below SMA50. (Market Health: 63.3%)
"Jan 11, 2021",CORBL,BUY,138,282.0,38916.0,392127.0,787716.0,1179843.0,0.0,0.00%,"[Quant Buy] Confidence 65/100: Strong Uptrend, Positive Momentum, Golden Cross, Healthy Market Index (Market Health: 63.3%)"
"Jan 13, 2021",CFCL,BUY,260,196.0,50960.0,341167.0,838676.0,1179843.0,0.0,0.00%,"[Quant Buy] Confidence 85/100: Strong Uptrend, Positive Momentum, Volume Breakout, Golden Cross, Healthy Market Index (Market Health: 66.7%)"
"Jan 17, 2021",GBBL,SELL,163,357.0,58191.0,399358.0,799882.0,1199240.0,19397.0,+50.00%,[Profit Booking] Target Achieved: +50.00% gain. (Market Health: 76.7%)
"Jan 18, 2021",SBI,BUY,106,449.0,47594.0,351764.0,847476.0,1199240.0,0.0,0.00%,"[Quant Buy] Confidence 80/100: Strong Uptrend, Stable RSI, Positive Momentum, Golden Cross, Healthy Market Index (Market Health: 76.7%)"
"Jan 19, 2021",CORBL,SELL,138,453.0,62514.0,414278.0,808560.0,1222838.0,23598.0,+60.64%,[Profit Booking] Target Achieved: +60.64% gain. (Market Health: 73.3%)
"Jan 20, 2021",LICN,SELL,32,2398.0,76736.0,491014.0,758576.0,1249590.0,26752.0,+53.52%,[Profit Booking] Target Achieved: +53.52% gain. (Market Health: 76.7%)
"Jan 21, 2021",GFCL,BUY,193,263.0,50759.0,440255.0,809335.0,1249590.0,0.0,0.00%,"[Quant Buy] Confidence 85/100: Strong Uptrend, Positive Momentum, Volume Breakout, Golden Cross, Healthy Market Index (Market Health: 73.3%)"
"Jan 21, 2021",PROFL,BUY,281,181.0,50861.0,389394.0,860196.0,1249590.0,0.0,0.00%,"[Quant Buy] Confidence 85/100: Strong Uptrend, Positive Momentum, Volume Breakout, Golden Cross, Healthy Market Index (Market Health: 73.3%)"
"Jan 24, 2021",ALICL,SELL,45,1175.0,52875.0,442269.0,825006.0,1267275.0,17685.0,+50.26%,[Profit Booking] Target Achieved: +50.26% gain. (Market Health: 73.3%)
"Jan 24, 2021",CORBL,BUY,73,572.0,41756.0,400513.0,866762.0,1267275.0,0.0,0.00%,"[Quant Buy] Confidence 70/100: Strong Uptrend, Positive Momentum, Volume Breakout, Healthy Market Index (Market Health: 73.3%)"
"Jan 24, 2021",GBBL,BUY,114,368.0,41952.0,358561.0,908714.0,1267275.0,0.0,0.00%,"[Quant Buy] Confidence 70/100: Strong Uptrend, Positive Momentum, Volume Breakout, Healthy Market Index (Market Health: 73.3%)"
"Jan 25, 2021",GBIME,SELL,36,337.0,12132.0,370693.0,899498.0,1270191.0,2916.0,+31.64%,[Trend Breakdown] Death Cross: SMA20 crossed below SMA50. (Market Health: 79.3%)
"Jan 25, 2021",NABIL,BUY,43,1176.0,50568.0,320125.0,950066.0,1270191.0,0.0,0.00%,"[Quant Buy] Confidence 85/100: Strong Uptrend, Stable RSI, Positive Momentum, Volume Breakout, Healthy Market Index (Market Health: 79.3%)"
"Jan 26, 2021",CHCL,BUY,65,592.0,38480.0,281645.0,988546.0,1270191.0,0.0,0.00%,"[Quant Buy] Confidence 65/100: Strong Uptrend, Positive Momentum, Golden Cross, Healthy Market Index (Market Health: 76.7%)"
"Jan 28, 2021",GBBL,SELL,114,305.0,34770.0,316415.0,946594.0,1263009.0,-7182.0,-17.12%,[Stop Loss] Stop-Loss hit at -17.12%. (Market Health: 73.3%)
"Jan 28, 2021",LICN,BUY,16,2522.0,40352.0,276063.0,986946.0,1263009.0,0.0,0.00%,"[Quant Buy] Confidence 70/100: Strong Uptrend, Positive Momentum, Volume Breakout, Healthy Market Index (Market Health: 73.3%)"
"Jan 31, 2021",PROFL,SELL,281,150.0,42150.0,318213.0,936085.0,1254298.0,-8711.0,-17.13%,[Stop Loss] Stop-Loss hit at -17.13%. (Market Health: 63.3%)
"Jan 31, 2021",AHPC,BUY,173,242.0,41866.0,276347.0,977951.0,1254298.0,0.0,0.00%,"[Quant Buy] Confidence 70/100: Strong Uptrend, Stable RSI, Golden Cross, Healthy Market Index (Market Health: 63.3%)"
"Feb 01, 2021",NHPC,BUY,335,140.0,46900.0,229447.0,1024851.0,1254298.0,0.0,0.00%,"[Quant Buy] Confidence 85/100: Strong Uptrend, Positive Momentum, Volume Breakout, Golden Cross, Healthy Market Index (Market Health: 66.7%)"
"Feb 02, 2021",ALICL,BUY,25,1260.0,31500.0,197947.0,1056351.0,1254298.0,0.0,0.00%,"[Quant Buy] Confidence 70/100: Strong Uptrend, Positive Momentum, Volume Breakout, Healthy Market Index (Market Health: 66.7%)"
"Feb 02, 2021",ICFC,BUY,93,296.0,27528.0,170419.0,1083879.0,1254298.0,0.0,0.00%,"[Quant Buy] Confidence 70/100: Strong Uptrend, Stable RSI, Golden Cross, Healthy Market Index (Market Health: 66.7%)"
"Feb 03, 2021",GBIME,BUY,72,400.0,28800.0,141619.0,1112679.0,1254298.0,0.0,0.00%,"[Quant Buy] Confidence 85/100: Strong Uptrend, Positive Momentum, Volume Breakout, Golden Cross, Healthy Market Index (Market Health: 70.0%)"
"Feb 04, 2021",NABBC,SELL,15,645.0,9675.0,151294.0,1106274.0,1257568.0,3270.0,+51.05%,[Profit Booking] Target Achieved: +51.05% gain. (Market Health: 70.0%)
"Feb 04, 2021",PROFL,BUY,122,160.0,19520.0,131774.0,1125794.0,1257568.0,0.0,0.00%,"[Quant Buy] Confidence 65/100: Strong Uptrend, Stable RSI, Positive Momentum, Healthy Market Index (Market Health: 70.0%)"
"Feb 07, 2021",JBBL,SELL,141,222.0,31302.0,163076.0,1099850.0,1262926.0,5358.0,+20.65%,[Trend Breakdown] Death Cross: SMA20 crossed below SMA50. (Market Health: 76.7%)
"Feb 09, 2021",GBBL,BUY,71,318.0,22578.0,140498.0,1122428.0,1262926.0,0.0,0.00%,"[Quant Buy] Confidence 70/100: Strong Uptrend, Positive Momentum, Volume Breakout, Healthy Market Index (Market Health: 83.3%)"
"Feb 14, 2021",NMB,BUY,51,440.0,22440.0,118058.0,1144868.0,1262926.0,0.0,0.00%,"[Quant Buy] Confidence 80/100: Strong Uptrend, Stable RSI, Positive Momentum, Golden Cross, Healthy Market Index (Market Health: 90.0%)"
"Feb 16, 2021",CZBIL,SELL,111,322.0,35742.0,153800.0,1121669.0,1275469.0,12543.0,+54.07%,[Profit Booking] Target Achieved: +54.07% gain. (Market Health: 90.0%)
"Feb 18, 2021",GBBL,SELL,71,334.0,23714.0,177514.0,1099091.0,1276605.0,1136.0,+5.03%,[Trend Breakdown] Death Cross: SMA20 crossed below SMA50. (Market Health: 93.3%)
"Feb 21, 2021",JBBL,BUY,95,241.0,22895.0,154619.0,1121986.0,1276605.0,0.0,0.00%,"[Quant Buy] Confidence 65/100: Strong Uptrend, Positive Momentum, Golden Cross, Healthy Market Index (Market Health: 93.3%)"
"Feb 22, 2021",CZBIL,BUY,63,316.0,19908.0,134711.0,1141894.0,1276605.0,0.0,0.00%,"[Quant Buy] Confidence 65/100: Strong Uptrend, Stable RSI, Positive Momentum, Healthy Market Index (Market Health: 90.0%)"
"Mar 04, 2021",SBI,SELL,106,419.0,44414.0,179125.0,1094300.0,1273425.0,-3180.0,-6.68%,[Trend Breakdown] Death Cross: SMA20 crossed below SMA50. (Market Health: 60.0%)
"Mar 09, 2021",AHPC,SELL,173,370.0,64010.0,243135.0,1052434.0,1295569.0,22144.0,+52.89%,[Profit Booking] Target Achieved: +52.89% gain. (Market Health: 53.3%)
"Mar 10, 2021",EBL,SELL,47,752.0,35344.0,278479.0,1018876.0,1297355.0,1786.0,+5.32%,[Trend Breakdown] Death Cross: SMA20 crossed below SMA50. (Market Health: 50.0%)
"Mar 10, 2021",CHCL,SELL,65,552.0,35880.0,314359.0,980396.0,1294755.0,-2600.0,-6.76%,[Trend Breakdown] Death Cross: SMA20 crossed below SMA50. (Market Health: 50.0%)
"Mar 14, 2021",LICN,SELL,16,2100.0,33600.0,347959.0,940044.0,1288003.0,-6752.0,-16.73%,[Stop Loss] Stop-Loss hit at -16.73%. (Market Health: 26.7%)
"Mar 16, 2021",JFL,SELL,79,260.0,20540.0,368499.0,920373.0,1288872.0,869.0,+4.42%,[Trend Breakdown] Death Cross: SMA20 crossed below SMA50. (Market Health: 23.3%)
"Mar 17, 2021",JBBL,SELL,95,222.0,21090.0,389589.0,897478.0,1287067.0,-1805.0,-7.88%,[Trend Breakdown] Death Cross: SMA20 crossed below SMA50. (Market Health: 30.0%)
"Mar 18, 2021",PCBL,SELL,87,428.0,37236.0,426825.0,858850.0,1285675.0,-1392.0,-3.60%,[Trend Breakdown] Death Cross: SMA20 crossed below SMA50. (Market Health: 53.3%)
"Mar 21, 2021",NMB,SELL,51,428.0,21828.0,448653.0,836410.0,1285063.0,-612.0,-2.73%,[Trend Breakdown] Death Cross: SMA20 crossed below SMA50. (Market Health: 46.7%)
"Mar 22, 2021",SANIMA,SELL,119,359.0,42721.0,491374.0,791666.0,1283040.0,-2023.0,-4.52%,[Trend Breakdown] Death Cross: SMA20 crossed below SMA50. (Market Health: 30.0%)
"Mar 22, 2021",CFCL,SELL,260,199.0,51740.0,543114.0,740706.0,1283820.0,780.0,+1.53%,[Trend Breakdown] Death Cross: SMA20 crossed below SMA50. (Market Health: 30.0%)
"Mar 23, 2021",GMFIL,SELL,80,211.0,16880.0,559994.0,726546.0,1286540.0,2720.0,+19.21%,[Trend Breakdown] Death Cross: SMA20 crossed below SMA50. (Market Health: 36.7%)
"Mar 23, 2021",ICFC,SELL,93,297.0,27621.0,587615.0,699018.0,1286633.0,93.0,+0.34%,[Trend Breakdown] Death Cross: SMA20 crossed below SMA50. (Market Health: 36.7%)
"Mar 24, 2021",PROFL,SELL,122,159.0,19398.0,607013.0,679498.0,1286511.0,-122.0,-0.62%,[Trend Breakdown] Death Cross: SMA20 crossed below SMA50. (Market Health: 40.0%)
"Mar 25, 2021",GFCL,SELL,193,252.0,48636.0,655649.0,628739.0,1284388.0,-2123.0,-4.18%,[Trend Breakdown] Death Cross: SMA20 crossed below SMA50. (Market Health: 36.7%)
"Mar 25, 2021",ALICL,SELL,25,1245.0,31125.0,686774.0,597239.0,1284013.0,-375.0,-1.19%,[Trend Breakdown] Death Cross: SMA20 crossed below SMA50. (Market Health: 36.7%)
"Mar 29, 2021",CZBIL,SELL,63,305.0,19215.0,705989.0,577331.0,1283320.0,-693.0,-3.48%,[Trend Breakdown] Death Cross: SMA20 crossed below SMA50. (Market Health: 33.3%)
"Mar 30, 2021",MBL,SELL,168,302.0,50736.0,756725.0,537179.0,1293904.0,10584.0,+26.36%,[Trend Breakdown] Death Cross: SMA20 crossed below SMA50. (Market Health: 43.3%)
"Apr 04, 2021",CZBIL,BUY,142,316.0,44872.0,711853.0,582051.0,1293904.0,0.0,0.00%,"[Quant Buy] Confidence 75/100: Strong Uptrend, Positive Momentum, Volume Breakout, Golden Cross (Market Health: 60.0%)"
"Apr 08, 2021",EDBL,SELL,74,512.0,37888.0,749741.0,557631.0,1307372.0,13468.0,+55.15%,[Profit Booking] Target Achieved: +55.15% gain. (Market Health: 70.0%)
"Apr 08, 2021",JBBL,BUY,196,260.0,50960.0,698781.0,608591.0,1307372.0,0.0,0.00%,"[Quant Buy] Confidence 85/100: Strong Uptrend, Positive Momentum, Volume Breakout, Golden Cross, Healthy Market Index (Market Health: 70.0%)"
"Apr 08, 2021",MBL,BUY,154,311.0,47894.0,650887.0,656485.0,1307372.0,0.0,0.00%,"[Quant Buy] Confidence 80/100: Strong Uptrend, Stable RSI, Positive Momentum, Golden Cross, Healthy Market Index (Market Health: 70.0%)"
"Apr 08, 2021",CHCL,BUY,58,670.0,38860.0,612027.0,695345.0,1307372.0,0.0,0.00%,"[Quant Buy] Confidence 65/100: Strong Uptrend, Positive Momentum, Golden Cross, Healthy Market Index (Market Health: 70.0%)"
"Apr 12, 2021",BPCL,BUY,114,420.0,47880.0,564147.0,743225.0,1307372.0,0.0,0.00%,"[Quant Buy] Confidence 80/100: Strong Uptrend, Stable RSI, Positive Momentum, Golden Cross, Healthy Market Index (Market Health: 73.3%)"
"Apr 12, 2021",EDBL,BUY,75,555.0,41625.0,522522.0,784850.0,1307372.0,0.0,0.00%,"[Quant Buy] Confidence 70/100: Strong Uptrend, Positive Momentum, Volume Breakout, Healthy Market Index (Market Health: 73.3%)"
"Apr 12, 2021",GBBL,BUY,116,335.0,38860.0,483662.0,823710.0,1307372.0,0.0,0.00%,"[Quant Buy] Confidence 65/100: Strong Uptrend, Positive Momentum, Golden Cross, Healthy Market Index (Market Health: 73.3%)"
"Apr 13, 2021",GBIME,SELL,72,450.0,32400.0,516062.0,794910.0,1310972.0,3600.0,+12.50%,[Trend Breakdown] Death Cross: SMA20 crossed below SMA50. (Market Health: 83.3%)
"Apr 13, 2021",GMFIL,BUY,203,251.0,50953.0,465109.0,845863.0,1310972.0,0.0,0.00%,"[Quant Buy] Confidence 85/100: Strong Uptrend, Positive Momentum, Volume Breakout, Golden Cross, Healthy Market Index (Market Health: 83.3%)"
"Apr 13, 2021",PROFL,BUY,286,178.0,50908.0,414201.0,896771.0,1310972.0,0.0,0.00%,"[Quant Buy] Confidence 85/100: Strong Uptrend, Positive Momentum, Volume Breakout, Golden Cross, Healthy Market Index (Market Health: 83.3%)"
"Apr 13, 2021",SANIMA,BUY,129,393.0,50697.0,363504.0,947468.0,1310972.0,0.0,0.00%,"[Quant Buy] Confidence 85/100: Strong Uptrend, Positive Momentum, Volume Breakout, Golden Cross, Healthy Market Index (Market Health: 83.3%)"
"Apr 15, 2021",CFCL,BUY,214,238.0,50932.0,312572.0,998400.0,1310972.0,0.0,0.00%,"[Quant Buy] Confidence 85/100: Strong Uptrend, Positive Momentum, Volume Breakout, Golden Cross, Healthy Market Index (Market Health: 90.0%)"
"Apr 15, 2021",ICFC,BUY,150,340.0,51000.0,261572.0,1049400.0,1310972.0,0.0,0.00%,"[Quant Buy] Confidence 85/100: Strong Uptrend, Positive Momentum, Volume Breakout, Golden Cross, Healthy Market Index (Market Health: 90.0%)"
"Apr 22, 2021",CORBL,SELL,73,669.0,48837.0,310409.0,1007644.0,1318053.0,7081.0,+16.96%,[Trend Breakdown] Death Cross: SMA20 crossed below SMA50. (Market Health: 60.0%)
"Apr 29, 2021",GFCL,BUY,149,281.0,41869.0,268540.0,1049513.0,1318053.0,0.0,0.00%,"[Quant Buy] Confidence 70/100: Strong Uptrend, Stable RSI, Positive Momentum, Golden Cross (Market Health: 40.0%)"
"May 03, 2021",ALICL,BUY,29,1288.0,37352.0,231188.0,1086865.0,1318053.0,0.0,0.00%,"[Quant Buy] Confidence 70/100: Strong Uptrend, Stable RSI, Positive Momentum, Golden Cross (Market Health: 50.0%)"
"May 03, 2021",JFL,BUY,121,266.0,32186.0,199002.0,1119051.0,1318053.0,0.0,0.00%,"[Quant Buy] Confidence 70/100: Strong Uptrend, Stable RSI, Positive Momentum, Golden Cross (Market Health: 50.0%)"
"May 10, 2021",NHPC,SELL,335,160.0,53600.0,252602.0,1072151.0,1324753.0,6700.0,+14.29%,[Trend Breakdown] Death Cross: SMA20 crossed below SMA50. (Market Health: 66.7%)
"May 11, 2021",CORBL,BUY,60,670.0,40200.0,212402.0,1112351.0,1324753.0,0.0,0.00%,"[Quant Buy] Confidence 80/100: Strong Uptrend, Stable RSI, Positive Momentum, Golden Cross, Healthy Market Index (Market Health: 66.7%)"
"May 16, 2021",NABIL,SELL,43,1288.0,55384.0,267786.0,1061783.0,1329569.0,4816.0,+9.52%,[Trend Breakdown] Death Cross: SMA20 crossed below SMA50. (Market Health: 86.2%)
"May 17, 2021",AHPC,BUY,138,329.0,45402.0,222384.0,1107185.0,1329569.0,0.0,0.00%,"[Quant Buy] Confidence 85/100: Strong Uptrend, Positive Momentum, Volume Breakout, Golden Cross, Healthy Market Index (Market Health: 89.7%)"
"May 17, 2021",NABBC,BUY,59,636.0,37524.0,184860.0,1144709.0,1329569.0,0.0,0.00%,"[Quant Buy] Confidence 85/100: Strong Uptrend, Positive Momentum, Volume Breakout, Golden Cross, Healthy Market Index (Market Health: 89.7%)"
"May 18, 2021",PROFL,SELL,286,268.0,76648.0,261508.0,1093801.0,1355309.0,25740.0,+50.56%,[Profit Booking] Target Achieved: +50.56% gain. (Market Health: 93.1%)
"May 18, 2021",NHPC,BUY,224,198.0,44352.0,217156.0,1138153.0,1355309.0,0.0,0.00%,"[Quant Buy] Confidence 85/100: Strong Uptrend, Positive Momentum, Volume Breakout, Golden Cross, Healthy Market Index (Market Health: 93.1%)"
"May 23, 2021",GFCL,SELL,149,435.0,64815.0,281971.0,1096284.0,1378255.0,22946.0,+54.80%,[Profit Booking] Target Achieved: +54.80% gain. (Market Health: 96.6%)
"May 23, 2021",PROFL,BUY,145,272.0,39440.0,242531.0,1135724.0,1378255.0,0.0,0.00%,"[Quant Buy] Confidence 70/100: Strong Uptrend, Positive Momentum, Volume Breakout, Healthy Market Index (Market Health: 96.6%)"
"May 24, 2021",PCBL,BUY,90,454.0,40860.0,201671.0,1176584.0,1378255.0,0.0,0.00%,"[Quant Buy] Confidence 85/100: Strong Uptrend, Positive Momentum, Volume Breakout, Golden Cross, Healthy Market Index (Market Health: 100.0%)"
"May 24, 2021",NABIL,BUY,19,1320.0,25080.0,176591.0,1201664.0,1378255.0,0.0,0.00%,"[Quant Buy] Confidence 65/100: Strong Uptrend, Positive Momentum, Golden Cross, Healthy Market Index (Market Health: 100.0%)"
"May 30, 2021",NMB,BUY,68,438.0,29784.0,146807.0,1231448.0,1378255.0,0.0,0.00%,"[Quant Buy] Confidence 85/100: Strong Uptrend, Positive Momentum, Volume Breakout, Golden Cross, Healthy Market Index (Market Health: 93.1%)"
"May 30, 2021",GFCL,BUY,44,464.0,20416.0,126391.0,1251864.0,1378255.0,0.0,0.00%,"[Quant Buy] Confidence 70/100: Strong Uptrend, Positive Momentum, Volume Breakout, Healthy Market Index (Market Health: 93.1%)"
"Jun 01, 2021",NABIL,SELL,19,1292.0,24548.0,150939.0,1226784.0,1377723.0,-532.0,-2.12%,[Trend Breakdown] Death Cross: SMA20 crossed below SMA50. (Market Health: 86.2%)
"Jun 01, 2021",ADBL,BUY,48,437.0,20976.0,129963.0,1247760.0,1377723.0,0.0,0.00%,"[Quant Buy] Confidence 70/100: Strong Uptrend, Stable RSI, Golden Cross, Healthy Market Index (Market Health: 86.2%)"
"Jun 02, 2021",JBBL,SELL,196,400.0,78400.0,208363.0,1196800.0,1405163.0,27440.0,+53.85%,[Profit Booking] Target Achieved: +53.85% gain. (Market Health: 93.1%)
"Jun 02, 2021",GMFIL,SELL,203,413.0,83839.0,292202.0,1145847.0,1438049.0,32886.0,+64.54%,[Profit Booking] Target Achieved: +64.54% gain. (Market Health: 93.1%)
"Jun 02, 2021",CFCL,SELL,214,374.0,80036.0,372238.0,1094915.0,1467153.0,29104.0,+57.14%,[Profit Booking] Target Achieved: +57.14% gain. (Market Health: 93.1%)
"Jun 02, 2021",GBIME,BUY,95,438.0,41610.0,330628.0,1136525.0,1467153.0,0.0,0.00%,"[Quant Buy] Confidence 70/100: Strong Uptrend, Stable RSI, Golden Cross, Healthy Market Index (Market Health: 93.1%)"
"Jun 03, 2021",LICN,BUY,21,2390.0,50190.0,280438.0,1186715.0,1467153.0,0.0,0.00%,"[Quant Buy] Confidence 85/100: Strong Uptrend, Stable RSI, Positive Momentum, Volume Breakout, Healthy Market Index (Market Health: 93.1%)"
"Jun 06, 2021",NABIL,BUY,35,1330.0,46550.0,233888.0,1233265.0,1467153.0,0.0,0.00%,"[Quant Buy] Confidence 85/100: Strong Uptrend, Stable RSI, Positive Momentum, Volume Breakout, Healthy Market Index (Market Health: 100.0%)"
"Jun 06, 2021",CFCL,BUY,88,370.0,32560.0,201328.0,1265825.0,1467153.0,0.0,0.00%,"[Quant Buy] Confidence 70/100: Strong Uptrend, Positive Momentum, Volume Breakout, Healthy Market Index (Market Health: 100.0%)"
"Jun 06, 2021",JBBL,BUY,68,409.0,27812.0,173516.0,1293637.0,1467153.0,0.0,0.00%,"[Quant Buy] Confidence 70/100: Strong Uptrend, Positive Momentum, Volume Breakout, Healthy Market Index (Market Health: 100.0%)"
"Jun 07, 2021",GBBL,SELL,116,517.0,59972.0,233488.0,1254777.0,1488265.0,21112.0,+54.33%,[Profit Booking] Target Achieved: +54.33% gain. (Market Health: 96.6%)
"Jun 07, 2021",ICFC,SELL,150,528.0,79200.0,312688.0,1203777.0,1516465.0,28200.0,+55.29%,[Profit Booking] Target Achieved: +55.29% gain. (Market Health: 96.6%)
"Jun 07, 2021",JFL,SELL,121,420.0,50820.0,363508.0,1171591.0,1535099.0,18634.0,+57.89%,[Profit Booking] Target Achieved: +57.89% gain. (Market Health: 96.6%)
"Jun 07, 2021",GMFIL,BUY,92,453.0,41676.0,321832.0,1213267.0,1535099.0,0.0,0.00%,"[Quant Buy] Confidence 70/100: Strong Uptrend, Positive Momentum, Volume Breakout, Healthy Market Index (Market Health: 96.6%)"
"Jun 08, 2021",SBI,BUY,141,424.0,59784.0,262048.0,1273051.0,1535099.0,0.0,0.00%,"[Quant Buy] Confidence 100/100: Strong Uptrend, Stable RSI, Positive Momentum, Volume Breakout, Golden Cross, Healthy Market Index (Market Health: 96.6%)"
"Jun 10, 2021",AHPC,SELL,138,526.0,72588.0,334636.0,1227649.0,1562285.0,27186.0,+59.88%,[Profit Booking] Target Achieved: +59.88% gain. (Market Health: 96.6%)
"Jun 10, 2021",GFCL,SELL,44,733.0,32252.0,366888.0,1207233.0,1574121.0,11836.0,+57.97%,[Profit Booking] Target Achieved: +57.97% gain. (Market Health: 96.6%)
"Jun 13, 2021",EDBL,SELL,75,885.0,66375.0,433263.0,1165608.0,1598871.0,24750.0,+59.46%,[Profit Booking] Target Achieved: +59.46% gain. (Market Health: 96.6%)
"Jun 13, 2021",NHPC,SELL,224,309.0,69216.0,502479.0,1121256.0,1623735.0,24864.0,+56.06%,[Profit Booking] Target Achieved: +56.06% gain. (Market Health: 96.6%)
"Jun 13, 2021",PROFL,SELL,145,421.0,61045.0,563524.0,1081816.0,1645340.0,21605.0,+54.78%,[Profit Booking] Target Achieved: +54.78% gain. (Market Health: 96.6%)
"Jun 13, 2021",GBBL,BUY,70,598.0,41860.0,521664.0,1123676.0,1645340.0,0.0,0.00%,"[Quant Buy] Confidence 70/100: Strong Uptrend, Positive Momentum, Volume Breakout, Healthy Market Index (Market Health: 96.6%)"
"Jun 13, 2021",ICFC,BUY,61,682.0,41602.0,480062.0,1165278.0,1645340.0,0.0,0.00%,"[Quant Buy] Confidence 70/100: Strong Uptrend, Positive Momentum, Volume Breakout, Healthy Market Index (Market Health: 96.6%)"
"Jun 13, 2021",JFL,BUY,84,499.0,41916.0,438146.0,1207194.0,1645340.0,0.0,0.00%,"[Quant Buy] Confidence 70/100: Strong Uptrend, Positive Momentum, Volume Breakout, Healthy Market Index (Market Health: 96.6%)"
"Jun 14, 2021",AHPC,BUY,93,547.0,50871.0,387275.0,1258065.0,1645340.0,0.0,0.00%,"[Quant Buy] Confidence 85/100: Strong Uptrend, Stable RSI, Positive Momentum, Volume Breakout, Healthy Market Index (Market Health: 100.0%)"
"Jun 17, 2021",NHPC,BUY,130,298.0,38740.0,348535.0,1296805.0,1645340.0,0.0,0.00%,"[Quant Buy] Confidence 65/100: Strong Uptrend, Stable RSI, Positive Momentum, Healthy Market Index (Market Health: 96.6%)"
"Jun 17, 2021",PROFL,BUY,100,390.0,39000.0,309535.0,1335805.0,1645340.0,0.0,0.00%,"[Quant Buy] Confidence 65/100: Strong Uptrend, Stable RSI, Positive Momentum, Healthy Market Index (Market Health: 96.6%)"
"Jun 21, 2021",ICFC,SELL,61,566.0,34526.0,344061.0,1294203.0,1638264.0,-7076.0,-17.01%,[Stop Loss] Stop-Loss hit at -17.01%. (Market Health: 75.9%)
"Jun 21, 2021",JFL,SELL,84,400.0,33600.0,377661.0,1252287.0,1629948.0,-8316.0,-19.84%,[Stop Loss] Stop-Loss hit at -19.84%. (Market Health: 75.9%)
"Jun 28, 2021",GBBL,SELL,70,498.0,34860.0,412521.0,1210427.0,1622948.0,-7000.0,-16.72%,[Stop Loss] Stop-Loss hit at -16.72%. (Market Health: 82.8%)
"Jun 28, 2021",AHPC,SELL,93,460.0,42780.0,455301.0,1159556.0,1614857.0,-8091.0,-15.90%,[Stop Loss] Stop-Loss hit at -15.90%. (Market Health: 82.8%)
"Jun 28, 2021",EDBL,BUY,50,771.0,38550.0,416751.0,1198106.0,1614857.0,0.0,0.00%,"[Quant Buy] Confidence 65/100: Strong Uptrend, Stable RSI, Positive Momentum, Healthy Market Index (Market Health: 82.8%)"
"Jun 28, 2021",JFL,BUY,95,408.0,38760.0,377991.0,1236866.0,1614857.0,0.0,0.00%,"[Quant Buy] Confidence 65/100: Strong Uptrend, Stable RSI, Positive Momentum, Healthy Market Index (Market Health: 82.8%)"
"Jun 29, 2021",PROFL,SELL,100,310.0,31000.0,408991.0,1197866.0,1606857.0,-8000.0,-20.51%,[Stop Loss] Stop-Loss hit at -20.51%. (Market Health: 79.3%)
"Jul 05, 2021",GFCL,BUY,60,640.0,38400.0,370591.0,1236266.0,1606857.0,0.0,0.00%,"[Quant Buy] Confidence 65/100: Strong Uptrend, Stable RSI, Positive Momentum, Healthy Market Index (Market Health: 75.9%)"
"Jul 06, 2021",GBBL,BUY,78,500.0,39000.0,331591.0,1275266.0,1606857.0,0.0,0.00%,"[Quant Buy] Confidence 65/100: Strong Uptrend, Stable RSI, Positive Momentum, Healthy Market Index (Market Health: 72.4%)"
"Jul 08, 2021",CHCL,SELL,58,668.0,38744.0,370335.0,1236406.0,1606741.0,-116.0,-0.30%,[Trend Breakdown] Death Cross: SMA20 crossed below SMA50. (Market Health: 75.9%)
"Jul 11, 2021",ALICL,SELL,29,1370.0,39730.0,410065.0,1199054.0,1609119.0,2378.0,+6.37%,[Trend Breakdown] Death Cross: SMA20 crossed below SMA50. (Market Health: 89.7%)
"Jul 11, 2021",AHPC,BUY,84,459.0,38556.0,371509.0,1237610.0,1609119.0,0.0,0.00%,"[Quant Buy] Confidence 65/100: Strong Uptrend, Stable RSI, Positive Momentum, Healthy Market Index (Market Health: 89.7%)"
"Jul 11, 2021",EBL,BUY,52,749.0,38948.0,332561.0,1276558.0,1609119.0,0.0,0.00%,"[Quant Buy] Confidence 65/100: Strong Uptrend, Stable RSI, Positive Momentum, Healthy Market Index (Market Health: 89.7%)"
"Jul 11, 2021",ICFC,BUY,66,583.0,38478.0,294083.0,1315036.0,1609119.0,0.0,0.00%,"[Quant Buy] Confidence 65/100: Strong Uptrend, Stable RSI, Positive Momentum, Healthy Market Index (Market Health: 89.7%)"
"Jul 11, 2021",PROFL,BUY,103,368.0,37904.0,256179.0,1352940.0,1609119.0,0.0,0.00%,"[Quant Buy] Confidence 65/100: Strong Uptrend, Stable RSI, Positive Momentum, Healthy Market Index (Market Health: 89.7%)"
"Jul 12, 2021",LICN,SELL,21,2332.0,48972.0,305151.0,1302750.0,1607901.0,-1218.0,-2.43%,[Trend Breakdown] Death Cross: SMA20 crossed below SMA50. (Market Health: 79.3%)
"Jul 13, 2021",GBIME,SELL,95,443.0,42085.0,347236.0,1261140.0,1608376.0,475.0,+1.14%,[Trend Breakdown] Death Cross: SMA20 crossed below SMA50. (Market Health: 86.2%)
"Jul 15, 2021",SBI,SELL,141,409.0,57669.0,404905.0,1201356.0,1606261.0,-2115.0,-3.54%,[Trend Breakdown] Death Cross: SMA20 crossed below SMA50. (Market Health: 82.8%)
"Jul 19, 2021",NABBC,SELL,59,686.0,40474.0,445379.0,1163832.0,1609211.0,2950.0,+7.86%,[Trend Breakdown] Death Cross: SMA20 crossed below SMA50. (Market Health: 96.6%)
"Jul 25, 2021",GBIME,BUY,102,500.0,51000.0,394379.0,1214832.0,1609211.0,0.0,0.00%,"[Quant Buy] Confidence 85/100: Strong Uptrend, Positive Momentum, Volume Breakout, Golden Cross, Healthy Market Index (Market Health: 89.7%)"
"Jul 25, 2021",SBI,BUY,115,441.0,50715.0,343664.0,1265547.0,1609211.0,0.0,0.00%,"[Quant Buy] Confidence 85/100: Strong Uptrend, Positive Momentum, Volume Breakout, Golden Cross, Healthy Market Index (Market Health: 89.7%)"
"Jul 27, 2021",JFL,SELL,95,623.0,59185.0,402849.0,1226787.0,1629636.0,20425.0,+52.70%,[Profit Booking] Target Achieved: +52.70% gain. (Market Health: 96.6%)
"Aug 01, 2021",NABBC,BUY,63,799.0,50337.0,352512.0,1277124.0,1629636.0,0.0,0.00%,"[Quant Buy] Confidence 85/100: Strong Uptrend, Positive Momentum, Volume Breakout, Golden Cross, Healthy Market Index (Market Health: 100.0%)"
"Aug 03, 2021",LICN,BUY,19,2495.9,47422.1,305089.9,1324546.1,1629636.0,0.0,0.00%,"[Quant Buy] Confidence 80/100: Strong Uptrend, Stable RSI, Positive Momentum, Golden Cross, Healthy Market Index (Market Health: 100.0%)"
"Aug 05, 2021",JFL,BUY,64,647.0,41408.0,263681.9,1365954.1,1629636.0,0.0,0.00%,"[Quant Buy] Confidence 70/100: Strong Uptrend, Positive Momentum, Volume Breakout, Healthy Market Index (Market Health: 96.6%)"
"Aug 08, 2021",BPCL,SELL,114,669.0,76266.0,339947.9,1318074.1,1658022.0,28386.0,+59.29%,[Profit Booking] Target Achieved: +59.29% gain. (Market Health: 96.6%)
"Aug 08, 2021",CHCL,BUY,81,740.0,59940.0,280007.9,1378014.1,1658022.0,0.0,0.00%,"[Quant Buy] Confidence 100/100: Strong Uptrend, Stable RSI, Positive Momentum, Volume Breakout, Golden Cross, Healthy Market Index (Market Health: 96.6%)"
"Aug 09, 2021",CFCL,SELL,88,585.0,51480.0,331487.9,1345454.1,1676942.0,18920.0,+58.11%,[Profit Booking] Target Achieved: +58.11% gain. (Market Health: 96.6%)
"Aug 11, 2021",ICFC,SELL,66,894.4,59030.4,390518.3,1306976.1,1697494.4,20552.4,+53.41%,[Profit Booking] Target Achieved: +53.41% gain. (Market Health: 100.0%)
"Aug 11, 2021",ALICL,BUY,33,1417.0,46761.0,343757.3,1353737.1,1697494.4,0.0,0.00%,"[Quant Buy] Confidence 80/100: Strong Uptrend, Stable RSI, Positive Momentum, Golden Cross, Healthy Market Index (Market Health: 100.0%)"
"Aug 12, 2021",CORBL,SELL,60,1020.0,61200.0,404957.3,1313537.1,1718494.4,21000.0,+52.24%,[Profit Booking] Target Achieved: +52.24% gain. (Market Health: 100.0%)
"Aug 15, 2021",EDBL,SELL,50,1170.0,58500.0,463457.3,1274987.1,1738444.4,19950.0,+51.75%,[Profit Booking] Target Achieved: +51.75% gain. (Market Health: 93.1%)
"Aug 15, 2021",BPCL,BUY,72,620.0,44640.0,418817.3,1319627.1,1738444.4,0.0,0.00%,"[Quant Buy] Confidence 75/100: Strong Uptrend, Stable RSI, Volume Breakout, Healthy Market Index (Market Health: 93.1%)"
"Aug 15, 2021",CFCL,BUY,64,652.0,41728.0,377089.3,1361355.1,1738444.4,0.0,0.00%,"[Quant Buy] Confidence 70/100: Strong Uptrend, Positive Momentum, Volume Breakout, Healthy Market Index (Market Health: 93.1%)"
"Aug 15, 2021",ICFC,BUY,41,1020.0,41820.0,335269.3,1403175.1,1738444.4,0.0,0.00%,"[Quant Buy] Confidence 70/100: Strong Uptrend, Positive Momentum, Volume Breakout, Healthy Market Index (Market Health: 93.1%)"
"Aug 16, 2021",CORBL,BUY,39,1073.6,41870.4,293398.9,1445045.5,1738444.4,0.0,0.00%,"[Quant Buy] Confidence 70/100: Strong Uptrend, Positive Momentum, Volume Breakout, Healthy Market Index (Market Health: 93.1%)"
"Aug 17, 2021",NHPC,SELL,130,482.7,62751.0,356149.9,1406305.5,1762455.4,24011.0,+61.98%,[Profit Booking] Target Achieved: +61.98% gain. (Market Health: 89.7%)
"Aug 18, 2021",JBBL,SELL,68,623.0,42364.0,398513.9,1378493.5,1777007.4,14552.0,+52.32%,[Profit Booking] Target Achieved: +52.32% gain. (Market Health: 93.1%)
"Aug 18, 2021",AHPC,SELL,84,690.8,58027.2,456541.1,1339937.5,1796478.6,19471.2,+50.50%,[Profit Booking] Target Achieved: +50.50% gain. (Market Health: 93.1%)
"Aug 24, 2021",NHPC,BUY,117,432.9,50649.3,405891.8,1390586.8,1796478.6,0.0,0.00%,"[Quant Buy] Confidence 85/100: Strong Uptrend, Stable RSI, Positive Momentum, Volume Breakout, Healthy Market Index (Market Health: 86.2%)"
"Aug 24, 2021",AHPC,BUY,58,670.0,38860.0,367031.8,1429446.8,1796478.6,0.0,0.00%,"[Quant Buy] Confidence 65/100: Strong Uptrend, Stable RSI, Positive Momentum, Healthy Market Index (Market Health: 86.2%)"
"Aug 25, 2021",JBBL,BUY,68,567.8,38610.4,328421.4,1468057.2,1796478.6,0.0,0.00%,"[Quant Buy] Confidence 65/100: Strong Uptrend, Stable RSI, Positive Momentum, Healthy Market Index (Market Health: 79.3%)"
"Aug 26, 2021",GMFIL,SELL,92,702.9,64666.8,393088.2,1426381.2,1819469.4,22990.8,+55.17%,[Profit Booking] Target Achieved: +55.17% gain. (Market Health: 75.9%)
"Aug 29, 2021",GFCL,SELL,60,974.0,58440.0,451528.2,1387981.2,1839509.4,20040.0,+52.19%,[Profit Booking] Target Achieved: +52.19% gain. (Market Health: 65.5%)
"Aug 29, 2021",SBI,SELL,115,390.0,44850.0,496378.2,1337266.2,1833644.4,-5865.0,-11.56%,[Trend Breakdown] Death Cross: SMA20 crossed below SMA50. (Market Health: 65.5%)
"Sep 01, 2021",GMFIL,BUY,58,670.0,38860.0,457518.2,1376126.2,1833644.4,0.0,0.00%,"[Quant Buy] Confidence 65/100: Strong Uptrend, Stable RSI, Positive Momentum, Healthy Market Index (Market Health: 62.1%)"
"Sep 02, 2021",CHCL,SELL,81,626.0,50706.0,508224.2,1316186.2,1824410.4,-9234.0,-15.41%,[Stop Loss] Stop-Loss hit at -15.41%. (Market Health: 62.1%)
"Sep 02, 2021",GFCL,BUY,43,892.0,38356.0,469868.2,1354542.2,1824410.4,0.0,0.00%,"[Quant Buy] Confidence 65/100: Strong Uptrend, Stable RSI, Positive Momentum, Healthy Market Index (Market Health: 62.1%)"
"Sep 05, 2021",KBL,SELL,155,342.0,53010.0,522878.2,1309747.2,1832625.4,8215.0,+18.34%,[Trend Breakdown] Death Cross: SMA20 crossed below SMA50. (Market Health: 37.9%)
"Sep 05, 2021",LICN,SELL,19,2100.0,39900.0,562778.2,1262325.1,1825103.3,-7522.1,-15.86%,[Stop Loss] Stop-Loss hit at -15.86%. (Market Health: 37.9%)
"Sep 05, 2021",ICFC,SELL,41,864.9,35460.9,598239.1,1220505.1,1818744.2,-6359.1,-15.21%,[Stop Loss] Stop-Loss hit at -15.21%. (Market Health: 37.9%)
"Sep 06, 2021",PROFL,SELL,103,554.0,57062.0,655301.1,1182601.1,1837902.2,19158.0,+50.54%,[Profit Booking] Target Achieved: +50.54% gain. (Market Health: 69.0%)
"Sep 08, 2021",NMB,SELL,68,430.9,29301.2,684602.3,1152817.1,1837419.4,-482.8,-1.62%,[Trend Breakdown] Death Cross: SMA20 crossed below SMA50. (Market Health: 44.8%)
"Sep 08, 2021",EBL,SELL,52,720.0,37440.0,722042.3,1113869.1,1835911.4,-1508.0,-3.87%,[Trend Breakdown] Death Cross: SMA20 crossed below SMA50. (Market Health: 44.8%)
"Sep 08, 2021",EDBL,BUY,41,1086.0,44526.0,677516.3,1158395.1,1835911.4,0.0,0.00%,"[Quant Buy] Confidence 75/100: Strong Uptrend, Stable RSI, Positive Momentum, Volume Breakout (Market Health: 44.8%)"
"Sep 12, 2021",GBIME,SELL,102,440.0,44880.0,722396.3,1107395.1,1829791.4,-6120.0,-12.00%,[Trend Breakdown] Death Cross: SMA20 crossed below SMA50. (Market Health: 51.7%)
"Sep 12, 2021",ALICL,SELL,33,1355.0,44715.0,767111.3,1060634.1,1827745.4,-2046.0,-4.38%,[Trend Breakdown] Death Cross: SMA20 crossed below SMA50. (Market Health: 51.7%)
"Sep 14, 2021",SANIMA,SELL,129,502.0,64758.0,831869.3,1009937.1,1841806.4,14061.0,+27.74%,[Trend Breakdown] Death Cross: SMA20 crossed below SMA50. (Market Health: 58.6%)
"Sep 15, 2021",CZBIL,SELL,142,410.0,58220.0,890089.3,965065.1,1855154.4,13348.0,+29.75%,[Trend Breakdown] Death Cross: SMA20 crossed below SMA50. (Market Health: 51.7%)
"Sep 15, 2021",MBL,SELL,154,394.0,60676.0,950765.3,917171.1,1867936.4,12782.0,+26.69%,[Trend Breakdown] Death Cross: SMA20 crossed below SMA50. (Market Health: 51.7%)
"Sep 20, 2021",PCBL,SELL,90,462.0,41580.0,992345.3,876311.1,1868656.4,720.0,+1.76%,[Trend Breakdown] Death Cross: SMA20 crossed below SMA50. (Market Health: 6.9%)
"Sep 20, 2021",NABIL,SELL,35,1393.0,48755.0,1041100.3,829761.1,1870861.4,2205.0,+4.74%,[Trend Breakdown] Death Cross: SMA20 crossed below SMA50. (Market Health: 6.9%)
"Sep 20, 2021",BPCL,SELL,72,510.0,36720.0,1077820.3,785121.1,1862941.4,-7920.0,-17.74%,[Stop Loss] Stop-Loss hit at -17.74%. (Market Health: 6.9%)
"Sep 20, 2021",CORBL,SELL,39,872.0,34008.0,1111828.3,743250.7,1855079.0,-7862.4,-18.78%,[Stop Loss] Stop-Loss hit at -18.78%. (Market Health: 6.9%)
"Sep 20, 2021",GMFIL,SELL,58,533.0,30914.0,1142742.3,704390.7,1847133.0,-7946.0,-20.45%,[Stop Loss] Stop-Loss hit at -20.45%. (Market Health: 6.9%)
"Sep 20, 2021",GFCL,SELL,43,718.2,30882.6,1173624.9,666034.7,1839659.6,-7473.4,-19.48%,[Stop Loss] Stop-Loss hit at -19.48%. (Market Health: 6.9%)
"Sep 20, 2021",EDBL,SELL,41,686.5,28146.5,1201771.4,621508.7,1823280.1,-16379.5,-36.79%,[Stop Loss] Stop-Loss hit at -36.79%. (Market Health: 6.9%)
"Sep 21, 2021",ADBL,SELL,48,507.0,24336.0,1226107.4,600532.7,1826640.1,3360.0,+16.02%,[Trend Breakdown] Death Cross: SMA20 crossed below SMA50. (Market Health: 6.9%)
"Sep 27, 2021",CFCL,SELL,64,533.0,34112.0,1260219.4,558804.7,1819024.1,-7616.0,-18.25%,[Stop Loss] Stop-Loss hit at -18.25%. (Market Health: 3.4%)
"Sep 27, 2021",AHPC,SELL,58,492.0,28536.0,1288755.4,519944.7,1808700.1,-10324.0,-26.57%,[Stop Loss] Stop-Loss hit at -26.57%. (Market Health: 3.4%)
"Sep 28, 2021",GBBL,SELL,78,545.0,42510.0,1331265.4,480944.7,1812210.1,3510.0,+9.00%,[Trend Breakdown] Death Cross: SMA20 crossed below SMA50. (Market Health: 0.0%)
"Sep 28, 2021",JFL,SELL,64,530.0,33920.0,1365185.4,439536.7,1804722.1,-7488.0,-18.08%,[Stop Loss] Stop-Loss hit at -18.08%. (Market Health: 0.0%)
"Oct 03, 2021",JBBL,SELL,68,465.0,31620.0,1396805.4,400926.3,1797731.7,-6990.4,-18.10%,[Stop Loss] Stop-Loss hit at -18.10%. (Market Health: 0.0%)
"Oct 05, 2021",NABBC,SELL,63,760.0,47880.0,1444685.4,350589.3,1795274.7,-2457.0,-4.88%,[Trend Breakdown] Death Cross: SMA20 crossed below SMA50. (Market Health: 0.0%)
"Oct 11, 2021",NHPC,SELL,117,381.0,44577.0,1489262.4,299940.0,1789202.4,-6072.3,-11.99%,[Trend Breakdown] Death Cross: SMA20 crossed below SMA50. (Market Health: 0.0%)
"Nov 03, 2021",NABIL,BUY,21,1653.0,34713.0,1454549.4,334653.0,1789202.4,0.0,0.00%,"[Quant Buy] Confidence 60/100: Strong Uptrend, Positive Momentum, Volume Breakout (Market Health: 41.4%)"
"Nov 18, 2021",GBBL,BUY,85,635.0,53975.0,1400574.4,388628.0,1789202.4,0.0,0.00%,"[Quant Buy] Confidence 90/100: Strong Uptrend, Stable RSI, Positive Momentum, Volume Breakout, Golden Cross (Market Health: 41.4%)"
"Nov 18, 2021",ICFC,BUY,46,900.0,41400.0,1359174.4,430028.0,1789202.4,0.0,0.00%,"[Quant Buy] Confidence 70/100: Strong Uptrend, Stable RSI, Positive Momentum, Golden Cross (Market Health: 41.4%)"
"Nov 18, 2021",JFL,BUY,58,720.0,41760.0,1317414.4,471788.0,1789202.4,0.0,0.00%,"[Quant Buy] Confidence 70/100: Strong Uptrend, Stable RSI, Positive Momentum, Golden Cross (Market Health: 41.4%)"
"Nov 18, 2021",ALICL,BUY,28,1285.0,35980.0,1281434.4,507768.0,1789202.4,0.0,0.00%,"[Quant Buy] Confidence 60/100: Strong Uptrend, Stable RSI, Golden Cross (Market Health: 41.4%)"
"Nov 18, 2021",GFCL,BUY,44,810.0,35640.0,1245794.4,543408.0,1789202.4,0.0,0.00%,"[Quant Buy] Confidence 60/100: Strong Uptrend, Stable RSI, Golden Cross (Market Health: 41.4%)"
"Nov 21, 2021",NHPC,BUY,117,458.9,53691.3,1192103.1,597099.3,1789202.4,0.0,0.00%,"[Quant Buy] Confidence 90/100: Strong Uptrend, Stable RSI, Positive Momentum, Volume Breakout, Golden Cross (Market Health: 44.8%)"
"Dec 05, 2021",GBBL,SELL,85,533.0,45305.0,1237408.1,543124.3,1780532.4,-8670.0,-16.06%,[Stop Loss] Stop-Loss hit at -16.06%. (Market Health: 6.9%)
"Dec 05, 2021",ICFC,SELL,46,748.1,34412.6,1271820.7,501724.3,1773545.0,-6987.4,-16.88%,[Stop Loss] Stop-Loss hit at -16.88%. (Market Health: 6.9%)
"Dec 05, 2021",GFCL,SELL,44,685.0,30140.0,1301960.7,466084.3,1768045.0,-5500.0,-15.43%,[Stop Loss] Stop-Loss hit at -15.43%. (Market Health: 6.9%)
"Dec 07, 2021",JFL,SELL,58,611.0,35438.0,1337398.7,424324.3,1761723.0,-6322.0,-15.14%,[Stop Loss] Stop-Loss hit at -15.14%. (Market Health: 6.9%)
"Dec 08, 2021",NHPC,SELL,117,382.0,44694.0,1382092.7,370633.0,1752725.7,-8997.3,-16.76%,[Stop Loss] Stop-Loss hit at -16.76%. (Market Health: 6.9%)
"Dec 09, 2021",ALICL,SELL,28,1088.9,30489.2,1412581.9,334653.0,1747234.9,-5490.8,-15.26%,[Stop Loss] Stop-Loss hit at -15.26%. (Market Health: 10.3%)
"Dec 13, 2021",NABIL,SELL,21,1366.1,28688.1,1441270.0,299940.0,1741210.0,-6024.9,-17.36%,[Stop Loss] Stop-Loss hit at -17.36%. (Market Health: 0.0%)
"Jan 04, 2022",SBI,BUY,116,385.0,44660.0,1396610.0,344600.0,1741210.0,0.0,0.00%,"[Quant Buy] Confidence 75/100: Strong Uptrend, Positive Momentum, Volume Breakout, Golden Cross (Market Health: 41.4%)"
"Jan 04, 2022",CORBL,BUY,38,935.0,35530.0,1361080.0,380130.0,1741210.0,0.0,0.00%,"[Quant Buy] Confidence 60/100: Strong Uptrend, Positive Momentum, Volume Breakout (Market Health: 41.4%)"
"Jan 10, 2022",CORBL,SELL,38,500.2,19007.6,1380087.6,344600.0,1724687.6,-16522.4,-46.50%,[Stop Loss] Stop-Loss hit at -46.50%. (Market Health: 44.8%)
"Jan 16, 2022",CIT,BUY,16,3569.0,57104.0,1322983.6,401704.0,1724687.6,0.0,0.00%,"[Quant Buy] Confidence 100/100: Strong Uptrend, Stable RSI, Positive Momentum, Volume Breakout, Golden Cross, Healthy Market Index (Market Health: 79.3%)"
"Jan 16, 2022",CZBIL,BUY,175,308.0,53900.0,1269083.6,455604.0,1724687.6,0.0,0.00%,"[Quant Buy] Confidence 90/100: Strong Uptrend, Stable RSI, Volume Breakout, Golden Cross, Healthy Market Index (Market Health: 79.3%)"
"Jan 16, 2022",KBL,BUY,194,277.0,53738.0,1215345.6,509342.0,1724687.6,0.0,0.00%,"[Quant Buy] Confidence 90/100: Strong Uptrend, Stable RSI, Volume Breakout, Golden Cross, Healthy Market Index (Market Health: 79.3%)"
"Jan 16, 2022",LICN,BUY,17,2197.0,37349.0,1177996.6,546691.0,1724687.6,0.0,0.00%,"[Quant Buy] Confidence 65/100: Strong Uptrend, Positive Momentum, Golden Cross, Healthy Market Index (Market Health: 79.3%)"
"Jan 17, 2022",AHPC,BUY,89,571.3,50845.7,1127150.9,597536.7,1724687.6,0.0,0.00%,"[Quant Buy] Confidence 85/100: Strong Uptrend, Positive Momentum, Volume Breakout, Golden Cross, Healthy Market Index (Market Health: 79.3%)"
"Jan 17, 2022",SANIMA,BUY,98,395.0,38710.0,1088440.9,636246.7,1724687.6,0.0,0.00%,"[Quant Buy] Confidence 65/100: Strong Uptrend, Positive Momentum, Golden Cross, Healthy Market Index (Market Health: 79.3%)"
"Jan 18, 2022",ALICL,BUY,38,1339.0,50882.0,1037558.9,687128.7,1724687.6,0.0,0.00%,"[Quant Buy] Confidence 85/100: Strong Uptrend, Positive Momentum, Volume Breakout, Golden Cross, Healthy Market Index (Market Health: 79.3%)"
"Jan 18, 2022",MBL,BUY,148,343.0,50764.0,986794.9,737892.7,1724687.6,0.0,0.00%,"[Quant Buy] Confidence 85/100: Strong Uptrend, Stable RSI, Positive Momentum, Volume Breakout, Healthy Market Index (Market Health: 79.3%)"
"Jan 19, 2022",EBL,BUY,63,615.0,38745.0,948049.9,776637.7,1724687.6,0.0,0.00%,"[Quant Buy] Confidence 65/100: Strong Uptrend, Positive Momentum, Golden Cross, Healthy Market Index (Market Health: 69.0%)"
"Jan 20, 2022",GBBL,BUY,64,607.0,38848.0,909201.9,815485.7,1724687.6,0.0,0.00%,"[Quant Buy] Confidence 65/100: Strong Uptrend, Positive Momentum, Golden Cross, Healthy Market Index (Market Health: 79.3%)"
"Jan 23, 2022",PROFL,BUY,102,410.0,41820.0,867381.9,857305.7,1724687.6,0.0,0.00%,"[Quant Buy] Confidence 70/100: Strong Uptrend, Stable RSI, Golden Cross, Healthy Market Index (Market Health: 72.4%)"
"Jan 24, 2022",JFL,BUY,59,654.0,38586.0,828795.9,895891.7,1724687.6,0.0,0.00%,"[Quant Buy] Confidence 65/100: Strong Uptrend, Stable RSI, Volume Breakout (Market Health: 48.3%)"
"Jan 26, 2022",ALICL,SELL,38,1021.0,38798.0,867593.9,845009.7,1712603.6,-12084.0,-23.75%,[Stop Loss] Stop-Loss hit at -23.75%. (Market Health: 34.5%)
"Jan 30, 2022",EDBL,BUY,78,571.0,44538.0,823055.9,889547.7,1712603.6,0.0,0.00%,"[Quant Buy] Confidence 75/100: Strong Uptrend, Stable RSI, Volume Breakout, Healthy Market Index (Market Health: 72.4%)"
"Jan 30, 2022",CFCL,BUY,83,506.0,41998.0,781057.9,931545.7,1712603.6,0.0,0.00%,"[Quant Buy] Confidence 70/100: Strong Uptrend, Stable RSI, Golden Cross, Healthy Market Index (Market Health: 72.4%)"
"Jan 30, 2022",GFCL,BUY,59,706.0,41654.0,739403.9,973199.7,1712603.6,0.0,0.00%,"[Quant Buy] Confidence 70/100: Strong Uptrend, Stable RSI, Golden Cross, Healthy Market Index (Market Health: 72.4%)"
"Jan 31, 2022",ICFC,BUY,66,718.0,47388.0,692015.9,1020587.7,1712603.6,0.0,0.00%,"[Quant Buy] Confidence 80/100: Strong Uptrend, Stable RSI, Positive Momentum, Golden Cross, Healthy Market Index (Market Health: 65.5%)"
"Jan 31, 2022",NHPC,BUY,123,388.0,47724.0,644291.9,1068311.7,1712603.6,0.0,0.00%,"[Quant Buy] Confidence 80/100: Strong Uptrend, Stable RSI, Positive Momentum, Golden Cross, Healthy Market Index (Market Health: 65.5%)"
"Jan 31, 2022",GMFIL,BUY,81,480.0,38880.0,605411.9,1107191.7,1712603.6,0.0,0.00%,"[Quant Buy] Confidence 65/100: Strong Uptrend, Stable RSI, Positive Momentum, Healthy Market Index (Market Health: 65.5%)"
"Feb 01, 2022",CHCL,BUY,89,534.0,47526.0,557885.9,1154717.7,1712603.6,0.0,0.00%,"[Quant Buy] Confidence 80/100: Strong Uptrend, Stable RSI, Positive Momentum, Golden Cross, Healthy Market Index (Market Health: 72.4%)"
"Feb 06, 2022",BPCL,BUY,104,460.0,47840.0,510045.9,1202557.7,1712603.6,0.0,0.00%,"[Quant Buy] Confidence 80/100: Strong Uptrend, Stable RSI, Positive Momentum, Golden Cross, Healthy Market Index (Market Health: 62.1%)"
"Feb 06, 2022",GBIME,BUY,108,359.0,38772.0,471273.9,1241329.7,1712603.6,0.0,0.00%,"[Quant Buy] Confidence 65/100: Strong Uptrend, Stable RSI, Positive Momentum, Healthy Market Index (Market Health: 62.1%)"
"Feb 13, 2022",JFL,SELL,59,544.0,32096.0,503369.9,1202743.7,1706113.6,-6490.0,-16.82%,[Stop Loss] Stop-Loss hit at -16.82%. (Market Health: 13.8%)
"Feb 16, 2022",BPCL,SELL,104,429.0,44616.0,547985.9,1154903.7,1702889.6,-3224.0,-6.74%,[Trend Breakdown] Death Cross: SMA20 crossed below SMA50. (Market Health: 24.1%)
"Feb 17, 2022",SANIMA,SELL,98,343.0,33614.0,581599.9,1116193.7,1697793.6,-5096.0,-13.16%,[Trend Breakdown] Death Cross: SMA20 crossed below SMA50. (Market Health: 24.1%)
"Feb 20, 2022",MBL,SELL,148,306.0,45288.0,626887.9,1065429.7,1692317.6,-5476.0,-10.79%,[Trend Breakdown] Death Cross: SMA20 crossed below SMA50. (Market Health: 17.2%)
"Feb 21, 2022",KBL,SELL,194,247.5,48015.0,674902.9,1011691.7,1686594.6,-5723.0,-10.65%,[Trend Breakdown] Death Cross: SMA20 crossed below SMA50. (Market Health: 24.1%)
"Feb 23, 2022",CZBIL,SELL,175,279.0,48825.0,723727.9,957791.7,1681519.6,-5075.0,-9.42%,[Trend Breakdown] Death Cross: SMA20 crossed below SMA50. (Market Health: 24.1%)
"Feb 23, 2022",EBL,SELL,63,582.0,36666.0,760393.9,919046.7,1679440.6,-2079.0,-5.37%,[Trend Breakdown] Death Cross: SMA20 crossed below SMA50. (Market Health: 24.1%)
"Feb 23, 2022",GMFIL,SELL,81,440.0,35640.0,796033.9,880166.7,1676200.6,-3240.0,-8.33%,[Trend Breakdown] Death Cross: SMA20 crossed below SMA50. (Market Health: 24.1%)
"Feb 24, 2022",EDBL,SELL,78,489.0,38142.0,834175.9,835628.7,1669804.6,-6396.0,-14.36%,[Trend Breakdown] Death Cross: SMA20 crossed below SMA50. (Market Health: 10.3%)
"Feb 28, 2022",CIT,SELL,16,3038.0,48608.0,882783.9,778524.7,1661308.6,-8496.0,-14.88%,[Trend Breakdown] Death Cross: SMA20 crossed below SMA50. (Market Health: 3.4%)
"Feb 28, 2022",LICN,SELL,17,1896.9,32247.3,915031.2,741175.7,1656206.9,-5101.7,-13.66%,[Trend Breakdown] Death Cross: SMA20 crossed below SMA50. (Market Health: 3.4%)
"Feb 28, 2022",PROFL,SELL,102,352.0,35904.0,950935.2,699355.7,1650290.9,-5916.0,-14.15%,[Trend Breakdown] Death Cross: SMA20 crossed below SMA50. (Market Health: 3.4%)
"Feb 28, 2022",CHCL,SELL,89,505.0,44945.0,995880.2,651829.7,1647709.9,-2581.0,-5.43%,[Trend Breakdown] Death Cross: SMA20 crossed below SMA50. (Market Health: 3.4%)
"Mar 02, 2022",SBI,SELL,116,353.0,40948.0,1036828.2,607169.7,1643997.9,-3712.0,-8.31%,[Trend Breakdown] Death Cross: SMA20 crossed below SMA50. (Market Health: 0.0%)
"Mar 02, 2022",CFCL,SELL,83,417.0,34611.0,1071439.2,565171.7,1636610.9,-7387.0,-17.59%,[Stop Loss] Stop-Loss hit at -17.59%. (Market Health: 0.0%)
"Mar 02, 2022",GFCL,SELL,59,592.0,34928.0,1106367.2,523517.7,1629884.9,-6726.0,-16.15%,[Stop Loss] Stop-Loss hit at -16.15%. (Market Health: 0.0%)
"Mar 02, 2022",NHPC,SELL,123,329.5,40528.5,1146895.7,475793.7,1622689.4,-7195.5,-15.08%,[Stop Loss] Stop-Loss hit at -15.08%. (Market Health: 0.0%)
"Mar 07, 2022",GBBL,SELL,64,535.5,34272.0,1181167.7,436945.7,1618113.4,-4576.0,-11.78%,[Trend Breakdown] Death Cross: SMA20 crossed below SMA50. (Market Health: 0.0%)
"Mar 09, 2022",AHPC,SELL,89,477.0,42453.0,1223620.7,386100.0,1609720.7,-8392.7,-16.51%,[Stop Loss] Stop-Loss hit at -16.51%. (Market Health: 0.0%)
"Mar 09, 2022",ICFC,SELL,66,649.7,42880.2,1266500.9,338712.0,1605212.9,-4507.8,-9.51%,[Trend Breakdown] Death Cross: SMA20 crossed below SMA50. (Market Health: 0.0%)
"Mar 10, 2022",GBIME,SELL,108,318.0,34344.0,1300844.9,299940.0,1600784.9,-4428.0,-11.42%,[Trend Breakdown] Death Cross: SMA20 crossed below SMA50. (Market Health: 0.0%)
"Jul 19, 2022",GFCL,BUY,91,494.0,44954.0,1255890.9,344894.0,1600784.9,0.0,0.00%,"[Quant Buy] Confidence 75/100: Strong Uptrend, Stable RSI, Positive Momentum, Volume Breakout (Market Health: 48.3%)"
"Jul 19, 2022",GMFIL,BUY,137,327.0,44799.0,1211091.9,389693.0,1600784.9,0.0,0.00%,"[Quant Buy] Confidence 75/100: Strong Uptrend, Stable RSI, Positive Momentum, Volume Breakout (Market Health: 48.3%)"
"Jul 19, 2022",ICFC,BUY,93,479.0,44547.0,1166544.9,434240.0,1600784.9,0.0,0.00%,"[Quant Buy] Confidence 75/100: Strong Uptrend, Stable RSI, Positive Momentum, Volume Breakout (Market Health: 48.3%)"
"Jul 19, 2022",CFCL,BUY,135,311.0,41985.0,1124559.9,476225.0,1600784.9,0.0,0.00%,"[Quant Buy] Confidence 70/100: Strong Uptrend, Stable RSI, Positive Momentum, Golden Cross (Market Health: 48.3%)"
"Jul 22, 2022",JFL,BUY,110,380.0,41800.0,1082759.9,518025.0,1600784.9,0.0,0.00%,"[Quant Buy] Confidence 70/100: Strong Uptrend, Stable RSI, Positive Momentum, Golden Cross (Market Health: 41.4%)"
"Jul 22, 2022",GBBL,BUY,94,379.1,35635.4,1047124.5,553660.4,1600784.9,0.0,0.00%,"[Quant Buy] Confidence 60/100: Strong Uptrend, Stable RSI, Golden Cross (Market Health: 41.4%)"
"Jul 24, 2022",PROFL,BUY,219,273.3,59852.7,987271.8,613513.1,1600784.9,0.0,0.00%,"[Quant Buy] Confidence 100/100: Strong Uptrend, Stable RSI, Positive Momentum, Volume Breakout, Golden Cross, Healthy Market Index (Market Health: 72.4%)"
"Jul 24, 2022",NABBC,BUY,129,395.0,50955.0,936316.8,664468.1,1600784.9,0.0,0.00%,"[Quant Buy] Confidence 85/100: Strong Uptrend, Stable RSI, Positive Momentum, Volume Breakout, Healthy Market Index (Market Health: 72.4%)"
"Jul 24, 2022",ALICL,BUY,65,593.0,38545.0,897771.8,703013.1,1600784.9,0.0,0.00%,"[Quant Buy] Confidence 65/100: Strong Uptrend, Stable RSI, Positive Momentum, Healthy Market Index (Market Health: 72.4%)"
"Jul 24, 2022",CHCL,BUY,95,410.0,38950.0,858821.8,741963.1,1600784.9,0.0,0.00%,"[Quant Buy] Confidence 65/100: Strong Uptrend, Stable RSI, Positive Momentum, Healthy Market Index (Market Health: 72.4%)"
"Jul 24, 2022",NABIL,BUY,45,860.0,38700.0,820121.8,780663.1,1600784.9,0.0,0.00%,"[Quant Buy] Confidence 65/100: Strong Uptrend, Stable RSI, Positive Momentum, Healthy Market Index (Market Health: 72.4%)"
"Jul 25, 2022",CORBL,BUY,171,349.0,59679.0,760442.8,840342.1,1600784.9,0.0,0.00%,"[Quant Buy] Confidence 100/100: Strong Uptrend, Stable RSI, Positive Momentum, Volume Breakout, Golden Cross, Healthy Market Index (Market Health: 86.2%)"
"Jul 25, 2022",JBBL,BUY,181,330.0,59730.0,700712.8,900072.1,1600784.9,0.0,0.00%,"[Quant Buy] Confidence 100/100: Strong Uptrend, Stable RSI, Positive Momentum, Volume Breakout, Golden Cross, Healthy Market Index (Market Health: 86.2%)"
"Jul 25, 2022",LICN,BUY,26,1498.9,38971.4,661741.4,939043.5,1600784.9,0.0,0.00%,"[Quant Buy] Confidence 65/100: Strong Uptrend, Stable RSI, Positive Momentum, Healthy Market Index (Market Health: 86.2%)"
"Jul 27, 2022",NHPC,BUY,180,282.0,50760.0,610981.4,989803.5,1600784.9,0.0,0.00%,"[Quant Buy] Confidence 85/100: Strong Uptrend, Positive Momentum, Volume Breakout, Golden Cross, Healthy Market Index (Market Health: 75.9%)"
"Jul 29, 2022",BPCL,BUY,142,336.0,47712.0,563269.4,1037515.5,1600784.9,0.0,0.00%,"[Quant Buy] Confidence 80/100: Strong Uptrend, Stable RSI, Positive Momentum, Golden Cross, Healthy Market Index (Market Health: 75.9%)"
"Jul 29, 2022",EBL,BUY,77,503.0,38731.0,524538.4,1076246.5,1600784.9,0.0,0.00%,"[Quant Buy] Confidence 65/100: Strong Uptrend, Positive Momentum, Golden Cross, Healthy Market Index (Market Health: 75.9%)"
"Jul 31, 2022",EDBL,BUY,120,422.0,50640.0,473898.4,1126886.5,1600784.9,0.0,0.00%,"[Quant Buy] Confidence 85/100: Strong Uptrend, Positive Momentum, Volume Breakout, Golden Cross, Healthy Market Index (Market Health: 96.6%)"
"Aug 01, 2022",MBL,BUY,230,260.0,59800.0,414098.4,1186686.5,1600784.9,0.0,0.00%,"[Quant Buy] Confidence 100/100: Strong Uptrend, Stable RSI, Positive Momentum, Volume Breakout, Golden Cross, Healthy Market Index (Market Health: 100.0%)"
"Aug 01, 2022",NMB,BUY,220,272.0,59840.0,354258.4,1246526.5,1600784.9,0.0,0.00%,"[Quant Buy] Confidence 100/100: Strong Uptrend, Stable RSI, Positive Momentum, Volume Breakout, Golden Cross, Healthy Market Index (Market Health: 100.0%)"
"Aug 02, 2022",ADBL,BUY,143,335.0,47905.0,306353.4,1294431.5,1600784.9,0.0,0.00%,"[Quant Buy] Confidence 80/100: Strong Uptrend, Stable RSI, Positive Momentum, Golden Cross, Healthy Market Index (Market Health: 100.0%)"
"Aug 03, 2022",AHPC,BUY,97,399.0,38703.0,267650.4,1333134.5,1600784.9,0.0,0.00%,"[Quant Buy] Confidence 65/100: Strong Uptrend, Positive Momentum, Golden Cross, Healthy Market Index (Market Health: 96.6%)"
"Aug 03, 2022",PCBL,BUY,125,255.0,31875.0,235775.4,1365009.5,1600784.9,0.0,0.00%,"[Quant Buy] Confidence 60/100: Stable RSI, Volume Breakout, Golden Cross, Healthy Market Index (Market Health: 96.6%)"
"Aug 04, 2022",HBL,BUY,115,347.0,39905.0,195870.4,1404914.5,1600784.9,0.0,0.00%,"[Quant Buy] Confidence 85/100: Strong Uptrend, Positive Momentum, Volume Breakout, Golden Cross, Healthy Market Index (Market Health: 89.7%)"
"Aug 04, 2022",KBL,BUY,147,213.0,31311.0,164559.4,1436225.5,1600784.9,0.0,0.00%,"[Quant Buy] Confidence 80/100: Strong Uptrend, Stable RSI, Positive Momentum, Golden Cross, Healthy Market Index (Market Health: 89.7%)"
"Aug 04, 2022",SBI,BUY,89,294.0,26166.0,138393.4,1462391.5,1600784.9,0.0,0.00%,"[Quant Buy] Confidence 80/100: Strong Uptrend, Stable RSI, Positive Momentum, Golden Cross, Healthy Market Index (Market Health: 89.7%)"
"Aug 09, 2022",EDBL,SELL,120,353.3,42396.0,180789.4,1411751.5,1592540.9,-8244.0,-16.28%,[Stop Loss] Stop-Loss hit at -16.28%. (Market Health: 69.0%)
"Aug 11, 2022",PCBL,SELL,125,240.0,30000.0,210789.4,1379876.5,1590665.9,-1875.0,-5.88%,[Trend Breakdown] Death Cross: SMA20 crossed below SMA50. (Market Health: 55.2%)
"Aug 22, 2022",NABIL,SELL,45,799.0,35955.0,246744.4,1341176.5,1587920.9,-2745.0,-7.09%,[Trend Breakdown] Death Cross: SMA20 crossed below SMA50. (Market Health: 58.6%)
"Aug 24, 2022",LICN,SELL,26,1368.1,35570.6,282315.0,1302205.1,1584520.1,-3400.8,-8.73%,[Trend Breakdown] Death Cross: SMA20 crossed below SMA50. (Market Health: 55.2%)
"Aug 24, 2022",NMB,SELL,220,255.0,56100.0,338415.0,1242365.1,1580780.1,-3740.0,-6.25%,[Trend Breakdown] Death Cross: SMA20 crossed below SMA50. (Market Health: 55.2%)
"Aug 25, 2022",MBL,SELL,230,230.0,52900.0,391315.0,1182565.1,1573880.1,-6900.0,-11.54%,[Trend Breakdown] Death Cross: SMA20 crossed below SMA50. (Market Health: 44.8%)
"Aug 25, 2022",ADBL,SELL,143,330.0,47190.0,438505.0,1134660.1,1573165.1,-715.0,-1.49%,[Trend Breakdown] Death Cross: SMA20 crossed below SMA50. (Market Health: 44.8%)
"Aug 28, 2022",CORBL,SELL,171,296.0,50616.0,489121.0,1074981.1,1564102.1,-9063.0,-15.19%,[Stop Loss] Stop-Loss hit at -15.19%. (Market Health: 13.8%)
"Aug 28, 2022",NHPC,SELL,180,238.0,42840.0,531961.0,1024221.1,1556182.1,-7920.0,-15.60%,[Stop Loss] Stop-Loss hit at -15.60%. (Market Health: 13.8%)
"Aug 28, 2022",AHPC,SELL,97,341.0,33077.0,565038.0,985518.1,1550556.1,-5626.0,-14.54%,[Trend Breakdown] Death Cross: SMA20 crossed below SMA50. (Market Health: 13.8%)
"Aug 29, 2022",ALICL,SELL,65,560.0,36400.0,601438.0,946973.1,1548411.1,-2145.0,-5.56%,[Trend Breakdown] Death Cross: SMA20 crossed below SMA50. (Market Health: 17.2%)
"Aug 29, 2022",CHCL,SELL,95,385.1,36584.5,638022.5,908023.1,1546045.6,-2365.5,-6.07%,[Trend Breakdown] Death Cross: SMA20 crossed below SMA50. (Market Health: 17.2%)
"Aug 29, 2022",JBBL,SELL,181,295.5,53485.5,691508.0,848293.1,1539801.1,-6244.5,-10.45%,[Trend Breakdown] Death Cross: SMA20 crossed below SMA50. (Market Health: 17.2%)
"Aug 29, 2022",BPCL,SELL,142,310.5,44091.0,735599.0,800581.1,1536180.1,-3621.0,-7.59%,[Trend Breakdown] Death Cross: SMA20 crossed below SMA50. (Market Health: 17.2%)
"Aug 31, 2022",SBI,SELL,89,276.9,24644.1,760243.1,774415.1,1534658.2,-1521.9,-5.82%,[Trend Breakdown] Death Cross: SMA20 crossed below SMA50. (Market Health: 13.8%)
"Sep 01, 2022",JFL,SELL,110,389.9,42889.0,803132.1,732615.1,1535747.2,1089.0,+2.61%,[Trend Breakdown] Death Cross: SMA20 crossed below SMA50. (Market Health: 13.8%)
"Sep 04, 2022",GBBL,SELL,94,382.0,35908.0,839040.1,696979.7,1536019.8,272.6,+0.76%,[Trend Breakdown] Death Cross: SMA20 crossed below SMA50. (Market Health: 13.8%)
"Sep 04, 2022",KBL,SELL,147,197.0,28959.0,867999.1,665668.7,1533667.8,-2352.0,-7.51%,[Trend Breakdown] Death Cross: SMA20 crossed below SMA50. (Market Health: 13.8%)
"Sep 05, 2022",CFCL,SELL,135,333.0,44955.0,912954.1,623683.7,1536637.8,2970.0,+7.07%,[Trend Breakdown] Death Cross: SMA20 crossed below SMA50. (Market Health: 13.8%)
"Sep 06, 2022",GFCL,SELL,91,484.0,44044.0,956998.1,578729.7,1535727.8,-910.0,-2.02%,[Trend Breakdown] Death Cross: SMA20 crossed below SMA50. (Market Health: 6.9%)
"Sep 07, 2022",ICFC,SELL,93,463.0,43059.0,1000057.1,534182.7,1534239.8,-1488.0,-3.34%,[Trend Breakdown] Death Cross: SMA20 crossed below SMA50. (Market Health: 6.9%)
"Sep 11, 2022",GMFIL,SELL,137,336.0,46032.0,1046089.1,489383.7,1535472.8,1233.0,+2.75%,[Trend Breakdown] Death Cross: SMA20 crossed below SMA50. (Market Health: 3.4%)
"Sep 14, 2022",NABBC,SELL,129,413.0,53277.0,1099366.1,438428.7,1537794.8,2322.0,+4.56%,[Trend Breakdown] Death Cross: SMA20 crossed below SMA50. (Market Health: 17.2%)
"Sep 16, 2022",PROFL,SELL,219,287.0,62853.0,1162219.1,378576.0,1540795.1,3000.3,+5.01%,[Trend Breakdown] Death Cross: SMA20 crossed below SMA50. (Market Health: 0.0%)
"Sep 16, 2022",EBL,SELL,77,488.6,37622.2,1199841.3,339845.0,1539686.3,-1108.8,-2.86%,[Trend Breakdown] Death Cross: SMA20 crossed below SMA50. (Market Health: 0.0%)
"Sep 22, 2022",HBL,SELL,115,313.0,35995.0,1235836.3,299940.0,1535776.3,-3910.0,-9.80%,[Trend Breakdown] Death Cross: SMA20 crossed below SMA50. (Market Health: 0.0%)
"Nov 01, 2022",NABIL,BUY,53,835.0,44255.0,1191581.3,344195.0,1535776.3,0.0,0.00%,"[Quant Buy] Confidence 75/100: Strong Uptrend, Positive Momentum, Volume Breakout, Golden Cross (Market Health: 50.0%)"
"Nov 03, 2022",EBL,BUY,101,532.0,53732.0,1137849.3,397927.0,1535776.3,0.0,0.00%,"[Quant Buy] Confidence 90/100: Strong Uptrend, Stable RSI, Positive Momentum, Volume Breakout, Golden Cross (Market Health: 42.9%)"
"Nov 06, 2022",HBL,BUY,176,340.5,59928.0,1077921.3,457855.0,1535776.3,0.0,0.00%,"[Quant Buy] Confidence 100/100: Strong Uptrend, Stable RSI, Positive Momentum, Volume Breakout, Golden Cross, Healthy Market Index (Market Health: 60.7%)"
"Nov 07, 2022",SANIMA,BUY,180,266.2,47916.0,1030005.3,505771.0,1535776.3,0.0,0.00%,"[Quant Buy] Confidence 80/100: Strong Uptrend, Stable RSI, Positive Momentum, Golden Cross, Healthy Market Index (Market Health: 64.3%)"
"Nov 08, 2022",SBI,BUY,160,299.0,47840.0,982165.3,553611.0,1535776.3,0.0,0.00%,"[Quant Buy] Confidence 80/100: Strong Uptrend, Stable RSI, Positive Momentum, Golden Cross, Healthy Market Index (Market Health: 64.3%)"
"Nov 08, 2022",GBBL,BUY,108,387.8,41882.4,940282.9,595493.4,1535776.3,0.0,0.00%,"[Quant Buy] Confidence 70/100: Strong Uptrend, Stable RSI, Golden Cross, Healthy Market Index (Market Health: 64.3%)"
"Nov 08, 2022",MBL,BUY,186,224.9,41831.4,898451.5,637324.8,1535776.3,0.0,0.00%,"[Quant Buy] Confidence 70/100: Strong Uptrend, Stable RSI, Golden Cross, Healthy Market Index (Market Health: 64.3%)"
"Nov 17, 2022",CHCL,BUY,125,384.0,48000.0,850451.5,685324.8,1535776.3,0.0,0.00%,"[Quant Buy] Confidence 80/100: Strong Uptrend, Stable RSI, Positive Momentum, Golden Cross, Healthy Market Index (Market Health: 64.3%)"
"Nov 17, 2022",NMB,BUY,200,240.0,48000.0,802451.5,733324.8,1535776.3,0.0,0.00%,"[Quant Buy] Confidence 80/100: Strong Uptrend, Stable RSI, Positive Momentum, Golden Cross, Healthy Market Index (Market Health: 64.3%)"
"Nov 17, 2022",ADBL,BUY,122,319.5,38979.0,763472.5,772303.8,1535776.3,0.0,0.00%,"[Quant Buy] Confidence 65/100: Strong Uptrend, Stable RSI, Positive Momentum, Healthy Market Index (Market Health: 64.3%)"
"Nov 17, 2022",PCBL,BUY,168,231.8,38942.4,724530.1,811246.2,1535776.3,0.0,0.00%,"[Quant Buy] Confidence 65/100: Strong Uptrend, Stable RSI, Positive Momentum, Healthy Market Index (Market Health: 64.3%)"
"Nov 23, 2022",BPCL,BUY,137,306.0,41922.0,682608.1,853168.2,1535776.3,0.0,0.00%,"[Quant Buy] Confidence 70/100: Strong Uptrend, Stable RSI, Positive Momentum, Golden Cross (Market Health: 57.1%)"
"Nov 24, 2022",JBBL,BUY,166,288.0,47808.0,634800.1,900976.2,1535776.3,0.0,0.00%,"[Quant Buy] Confidence 80/100: Strong Uptrend, Stable RSI, Positive Momentum, Golden Cross, Healthy Market Index (Market Health: 67.9%)"
"Nov 27, 2022",PROFL,BUY,196,305.0,59780.0,575020.1,960756.2,1535776.3,0.0,0.00%,"[Quant Buy] Confidence 100/100: Strong Uptrend, Stable RSI, Positive Momentum, Volume Breakout, Golden Cross, Healthy Market Index (Market Health: 79.3%)"
"Nov 27, 2022",CFCL,BUY,148,322.5,47730.0,527290.1,1008486.2,1535776.3,0.0,0.00%,"[Quant Buy] Confidence 80/100: Strong Uptrend, Stable RSI, Positive Momentum, Golden Cross, Healthy Market Index (Market Health: 79.3%)"
"Nov 27, 2022",CORBL,BUY,161,296.8,47784.8,479505.3,1056271.0,1535776.3,0.0,0.00%,"[Quant Buy] Confidence 80/100: Strong Uptrend, Stable RSI, Positive Momentum, Golden Cross, Healthy Market Index (Market Health: 79.3%)"
"Nov 28, 2022",LICN,BUY,36,1325.0,47700.0,431805.3,1103971.0,1535776.3,0.0,0.00%,"[Quant Buy] Confidence 80/100: Strong Uptrend, Stable RSI, Positive Momentum, Golden Cross, Healthy Market Index (Market Health: 72.4%)"
"Nov 29, 2022",CIT,BUY,25,1888.0,47200.0,384605.3,1151171.0,1535776.3,0.0,0.00%,"[Quant Buy] Confidence 80/100: Strong Uptrend, Stable RSI, Positive Momentum, Golden Cross, Healthy Market Index (Market Health: 75.9%)"
"Nov 30, 2022",GFCL,BUY,104,461.2,47964.8,336640.5,1199135.8,1535776.3,0.0,0.00%,"[Quant Buy] Confidence 80/100: Strong Uptrend, Stable RSI, Positive Momentum, Golden Cross, Healthy Market Index (Market Health: 75.9%)"
"Dec 01, 2022",JFL,BUY,107,390.0,41730.0,294910.5,1240865.8,1535776.3,0.0,0.00%,"[Quant Buy] Confidence 70/100: Strong Uptrend, Stable RSI, Golden Cross, Healthy Market Index (Market Health: 69.0%)"
"Dec 04, 2022",ALICL,BUY,94,533.0,50102.0,244808.5,1290967.8,1535776.3,0.0,0.00%,"[Quant Buy] Confidence 85/100: Strong Uptrend, Positive Momentum, Volume Breakout, Golden Cross, Healthy Market Index (Market Health: 69.0%)"
"Dec 04, 2022",NHPC,BUY,164,208.9,34259.6,210548.9,1325227.4,1535776.3,0.0,0.00%,"[Quant Buy] Confidence 70/100: Strong Uptrend, Stable RSI, Golden Cross, Healthy Market Index (Market Health: 69.0%)"
"Dec 07, 2022",EBL,SELL,101,450.0,45450.0,255998.9,1271495.4,1527494.3,-8282.0,-15.41%,[Stop Loss] Stop-Loss hit at -15.41%. (Market Health: 36.7%)
"Dec 11, 2022",MBL,SELL,186,218.0,40548.0,296546.9,1229664.0,1526210.9,-1283.4,-3.07%,[Trend Breakdown] Death Cross: SMA20 crossed below SMA50. (Market Health: 23.3%)
"Dec 11, 2022",ADBL,SELL,122,307.5,37515.0,334061.9,1190685.0,1524746.9,-1464.0,-3.76%,[Trend Breakdown] Death Cross: SMA20 crossed below SMA50. (Market Health: 23.3%)
"Dec 12, 2022",SANIMA,SELL,180,226.0,40680.0,374741.9,1142769.0,1517510.9,-7236.0,-15.10%,[Stop Loss] Stop-Loss hit at -15.10%. (Market Health: 30.0%)
"Dec 19, 2022",HBL,SELL,176,318.0,55968.0,430709.9,1082841.0,1513550.9,-3960.0,-6.61%,[Trend Breakdown] Death Cross: SMA20 crossed below SMA50. (Market Health: 10.0%)
"Dec 20, 2022",PCBL,SELL,168,213.9,35935.2,466645.1,1043898.6,1510543.7,-3007.2,-7.72%,[Trend Breakdown] Death Cross: SMA20 crossed below SMA50. (Market Health: 13.3%)
"Dec 20, 2022",CFCL,SELL,148,295.0,43660.0,510305.1,996168.6,1506473.7,-4070.0,-8.53%,[Trend Breakdown] Death Cross: SMA20 crossed below SMA50. (Market Health: 13.3%)
"Dec 22, 2022",GBBL,SELL,108,374.0,40392.0,550697.1,954286.2,1504983.3,-1490.4,-3.56%,[Trend Breakdown] Death Cross: SMA20 crossed below SMA50. (Market Health: 10.3%)
"Dec 22, 2022",GFCL,SELL,104,419.0,43576.0,594273.1,906321.4,1500594.5,-4388.8,-9.15%,[Trend Breakdown] Death Cross: SMA20 crossed below SMA50. (Market Health: 10.3%)
"Dec 27, 2022",NMB,SELL,200,235.4,47080.0,641353.1,858321.4,1499674.5,-920.0,-1.92%,[Trend Breakdown] Death Cross: SMA20 crossed below SMA50. (Market Health: 82.8%)
"Dec 28, 2022",SBI,SELL,160,287.3,45968.0,687321.1,810481.4,1497802.5,-1872.0,-3.91%,[Trend Breakdown] Death Cross: SMA20 crossed below SMA50. (Market Health: 80.0%)
"Jan 01, 2023",HBL,BUY,139,365.1,50748.9,636572.2,861230.3,1497802.5,0.0,0.00%,"[Quant Buy] Confidence 85/100: Strong Uptrend, Positive Momentum, Volume Breakout, Golden Cross, Healthy Market Index (Market Health: 79.3%)"
"Jan 02, 2023",AHPC,BUY,200,299.0,59800.0,576772.2,921030.3,1497802.5,0.0,0.00%,"[Quant Buy] Confidence 100/100: Strong Uptrend, Stable RSI, Positive Momentum, Volume Breakout, Golden Cross, Healthy Market Index (Market Health: 72.4%)"
"Jan 03, 2023",NABIL,SELL,53,736.0,39008.0,615780.2,876775.3,1492555.5,-5247.0,-11.86%,[Trend Breakdown] Death Cross: SMA20 crossed below SMA50. (Market Health: 75.9%)
"Jan 03, 2023",EDBL,BUY,116,336.0,38976.0,576804.2,915751.3,1492555.5,0.0,0.00%,"[Quant Buy] Confidence 65/100: Strong Uptrend, Positive Momentum, Golden Cross, Healthy Market Index (Market Health: 75.9%)"
"Jan 04, 2023",NABBC,BUY,119,426.0,50694.0,526110.2,966445.3,1492555.5,0.0,0.00%,"[Quant Buy] Confidence 85/100: Strong Uptrend, Positive Momentum, Volume Breakout, Golden Cross, Healthy Market Index (Market Health: 79.3%)"
"Jan 05, 2023",HBL,SELL,139,320.0,44480.0,570590.2,915696.4,1486286.6,-6268.9,-12.35%,[Trend Breakdown] Death Cross: SMA20 crossed below SMA50. (Market Health: 75.9%)
"Jan 05, 2023",CFCL,BUY,137,370.0,50690.0,519900.2,966386.4,1486286.6,0.0,0.00%,"[Quant Buy] Confidence 85/100: Strong Uptrend, Positive Momentum, Volume Breakout, Golden Cross, Healthy Market Index (Market Health: 75.9%)"
"Jan 05, 2023",GFCL,BUY,99,515.0,50985.0,468915.2,1017371.4,1486286.6,0.0,0.00%,"[Quant Buy] Confidence 85/100: Strong Uptrend, Positive Momentum, Volume Breakout, Golden Cross, Healthy Market Index (Market Health: 75.9%)"
"Jan 05, 2023",ADBL,BUY,114,342.0,38988.0,429927.2,1056359.4,1486286.6,0.0,0.00%,"[Quant Buy] Confidence 65/100: Strong Uptrend, Positive Momentum, Golden Cross, Healthy Market Index (Market Health: 75.9%)"
"Jan 08, 2023",GMFIL,BUY,134,379.9,50906.6,379020.6,1107266.0,1486286.6,0.0,0.00%,"[Quant Buy] Confidence 85/100: Strong Uptrend, Positive Momentum, Volume Breakout, Golden Cross, Healthy Market Index (Market Health: 75.9%)"
"Jan 09, 2023",CZBIL,BUY,249,204.5,50920.5,328100.1,1158186.5,1486286.6,0.0,0.00%,"[Quant Buy] Confidence 85/100: Strong Uptrend, Positive Momentum, Volume Breakout, Golden Cross, Healthy Market Index (Market Health: 92.9%)"
"Jan 09, 2023",ICFC,BUY,100,505.0,50500.0,277600.1,1208686.5,1486286.6,0.0,0.00%,"[Quant Buy] Confidence 85/100: Strong Uptrend, Positive Momentum, Volume Breakout, Golden Cross, Healthy Market Index (Market Health: 92.9%)"
"Jan 10, 2023",MBL,BUY,186,253.0,47058.0,230542.1,1255744.5,1486286.6,0.0,0.00%,"[Quant Buy] Confidence 85/100: Strong Uptrend, Positive Momentum, Volume Breakout, Golden Cross, Healthy Market Index (Market Health: 89.3%)"
"Jan 10, 2023",SBI,BUY,120,325.0,39000.0,191542.1,1294744.5,1486286.6,0.0,0.00%,"[Quant Buy] Confidence 85/100: Strong Uptrend, Positive Momentum, Volume Breakout, Golden Cross, Healthy Market Index (Market Health: 89.3%)"
"Jan 24, 2023",EBL,BUY,46,533.0,24518.0,167024.1,1319262.5,1486286.6,0.0,0.00%,"[Quant Buy] Confidence 65/100: Strong Uptrend, Positive Momentum, Golden Cross, Healthy Market Index (Market Health: 89.7%)"
"Jan 25, 2023",NMB,BUY,134,248.0,33232.0,133792.1,1352494.5,1486286.6,0.0,0.00%,"[Quant Buy] Confidence 100/100: Strong Uptrend, Stable RSI, Positive Momentum, Volume Breakout, Golden Cross, Healthy Market Index (Market Health: 86.2%)"
"Jan 26, 2023",SANIMA,BUY,82,259.0,21238.0,112554.1,1373732.5,1486286.6,0.0,0.00%,"[Quant Buy] Confidence 80/100: Strong Uptrend, Stable RSI, Positive Momentum, Golden Cross, Healthy Market Index (Market Health: 82.8%)"
"Feb 07, 2023",KBL,BUY,75,195.0,14625.0,97929.1,1388357.5,1486286.6,0.0,0.00%,"[Quant Buy] Confidence 65/100: Strong Uptrend, Stable RSI, Positive Momentum, Healthy Market Index (Market Health: 86.2%)"
"Feb 08, 2023",ADBL,SELL,114,307.0,34998.0,132927.1,1349369.5,1482296.6,-3990.0,-10.23%,[Trend Breakdown] Death Cross: SMA20 crossed below SMA50. (Market Health: 86.2%)
"Feb 27, 2023",JBBL,SELL,166,278.0,46148.0,179075.1,1301561.5,1480636.6,-1660.0,-3.47%,[Trend Breakdown] Death Cross: SMA20 crossed below SMA50. (Market Health: 33.3%)
"Feb 27, 2023",LICN,SELL,36,1425.0,51300.0,230375.1,1253861.5,1484236.6,3600.0,+7.55%,[Trend Breakdown] Death Cross: SMA20 crossed below SMA50. (Market Health: 33.3%)
"Feb 27, 2023",CZBIL,SELL,249,187.0,46563.0,276938.1,1202941.0,1479879.1,-4357.5,-8.56%,[Trend Breakdown] Death Cross: SMA20 crossed below SMA50. (Market Health: 33.3%)
"Feb 27, 2023",NMB,SELL,134,232.0,31088.0,308026.1,1169709.0,1477735.1,-2144.0,-6.45%,[Trend Breakdown] Death Cross: SMA20 crossed below SMA50. (Market Health: 33.3%)
"Feb 28, 2023",JFL,SELL,107,390.1,41740.7,349766.8,1127979.0,1477745.8,10.7,+0.03%,[Trend Breakdown] Death Cross: SMA20 crossed below SMA50. (Market Health: 33.3%)
"Feb 28, 2023",KBL,SELL,75,180.6,13545.0,363311.8,1113354.0,1476665.8,-1080.0,-7.38%,[Trend Breakdown] Death Cross: SMA20 crossed below SMA50. (Market Health: 33.3%)
"Mar 01, 2023",CFCL,SELL,137,318.4,43620.8,406932.6,1062664.0,1469596.6,-7069.2,-13.95%,[Trend Breakdown] Death Cross: SMA20 crossed below SMA50. (Market Health: 23.3%)
"Mar 01, 2023",GMFIL,SELL,134,326.0,43684.0,450616.6,1011757.4,1462374.0,-7222.6,-14.19%,[Trend Breakdown] Death Cross: SMA20 crossed below SMA50. (Market Health: 23.3%)
"Mar 02, 2023",AHPC,SELL,200,292.0,58400.0,509016.6,951957.4,1460974.0,-1400.0,-2.34%,[Trend Breakdown] Death Cross: SMA20 crossed below SMA50. (Market Health: 10.0%)
"Mar 02, 2023",ICFC,SELL,100,431.0,43100.0,552116.6,901457.4,1453574.0,-7400.0,-14.65%,[Trend Breakdown] Death Cross: SMA20 crossed below SMA50. (Market Health: 10.0%)
"Mar 05, 2023",SANIMA,SELL,82,235.0,19270.0,571386.6,880219.4,1451606.0,-1968.0,-9.27%,[Trend Breakdown] Death Cross: SMA20 crossed below SMA50. (Market Health: 6.7%)
"Mar 07, 2023",BPCL,SELL,137,324.0,44388.0,615774.6,838297.4,1454072.0,2466.0,+5.88%,[Trend Breakdown] Death Cross: SMA20 crossed below SMA50. (Market Health: 16.7%)
"Mar 07, 2023",CIT,SELL,25,1998.9,49972.5,665747.1,791097.4,1456844.5,2772.5,+5.87%,[Trend Breakdown] Death Cross: SMA20 crossed below SMA50. (Market Health: 16.7%)
"Mar 07, 2023",GFCL,SELL,99,448.0,44352.0,710099.1,740112.4,1450211.5,-6633.0,-13.01%,[Trend Breakdown] Death Cross: SMA20 crossed below SMA50. (Market Health: 16.7%)
"Mar 12, 2023",EDBL,SELL,116,329.0,38164.0,748263.1,701136.4,1449399.5,-812.0,-2.08%,[Trend Breakdown] Death Cross: SMA20 crossed below SMA50. (Market Health: 20.0%)
"Mar 13, 2023",NABBC,SELL,119,411.0,48909.0,797172.1,650442.4,1447614.5,-1785.0,-3.52%,[Trend Breakdown] Death Cross: SMA20 crossed below SMA50. (Market Health: 3.3%)
"Mar 13, 2023",MBL,SELL,186,227.0,42222.0,839394.1,603384.4,1442778.5,-4836.0,-10.28%,[Trend Breakdown] Death Cross: SMA20 crossed below SMA50. (Market Health: 3.3%)
"Mar 14, 2023",ALICL,SELL,94,629.9,59210.6,898604.7,553282.4,1451887.1,9108.6,+18.18%,[Trend Breakdown] Death Cross: SMA20 crossed below SMA50. (Market Health: 6.7%)
"Mar 15, 2023",NHPC,SELL,164,242.2,39720.8,938325.5,519022.8,1457348.3,5461.2,+15.94%,[Trend Breakdown] Death Cross: SMA20 crossed below SMA50. (Market Health: 3.3%)
"Mar 16, 2023",PROFL,SELL,196,331.0,64876.0,1003201.5,459242.8,1462444.3,5096.0,+8.52%,[Trend Breakdown] Death Cross: SMA20 crossed below SMA50. (Market Health: 3.3%)
"Mar 16, 2023",CORBL,SELL,161,306.0,49266.0,1052467.5,411458.0,1463925.5,1481.2,+3.10%,[Trend Breakdown] Death Cross: SMA20 crossed below SMA50. (Market Health: 3.3%)
"Mar 19, 2023",EBL,SELL,46,505.0,23230.0,1075697.5,386940.0,1462637.5,-1288.0,-5.25%,[Trend Breakdown] Death Cross: SMA20 crossed below SMA50. (Market Health: 3.3%)
"Mar 23, 2023",SBI,SELL,120,312.9,37548.0,1113245.5,347940.0,1461185.5,-1452.0,-3.72%,[Trend Breakdown] Death Cross: SMA20 crossed below SMA50. (Market Health: 3.3%)
"May 15, 2023",CHCL,SELL,125,462.5,57812.5,1171058.0,299940.0,1470998.0,9812.5,+20.44%,[Trend Breakdown] Death Cross: SMA20 crossed below SMA50. (Market Health: 16.7%)
"May 23, 2023",EBL,BUY,92,552.0,50784.0,1120274.0,350724.0,1470998.0,0.0,0.00%,"[Quant Buy] Confidence 85/100: Strong Uptrend, Stable RSI, Positive Momentum, Volume Breakout, Healthy Market Index (Market Health: 80.0%)"
"May 23, 2023",MBL,BUY,215,236.4,50826.0,1069448.0,401550.0,1470998.0,0.0,0.00%,"[Quant Buy] Confidence 85/100: Strong Uptrend, Stable RSI, Positive Momentum, Volume Breakout, Healthy Market Index (Market Health: 80.0%)"
"May 23, 2023",SBI,BUY,150,338.0,50700.0,1018748.0,452250.0,1470998.0,0.0,0.00%,"[Quant Buy] Confidence 85/100: Strong Uptrend, Stable RSI, Positive Momentum, Volume Breakout, Healthy Market Index (Market Health: 80.0%)"
"May 23, 2023",CIT,BUY,18,2212.0,39816.0,978932.0,492066.0,1470998.0,0.0,0.00%,"[Quant Buy] Confidence 70/100: Strong Uptrend, Positive Momentum, Volume Breakout, Healthy Market Index (Market Health: 80.0%)"
"May 23, 2023",NMB,BUY,165,236.0,38940.0,939992.0,531006.0,1470998.0,0.0,0.00%,"[Quant Buy] Confidence 65/100: Strong Uptrend, Stable RSI, Positive Momentum, Healthy Market Index (Market Health: 80.0%)"
"May 23, 2023",SANIMA,BUY,157,247.0,38779.0,901213.0,569785.0,1470998.0,0.0,0.00%,"[Quant Buy] Confidence 65/100: Strong Uptrend, Stable RSI, Positive Momentum, Healthy Market Index (Market Health: 80.0%)"
"Jun 04, 2023",CHCL,BUY,83,536.0,44488.0,856725.0,614273.0,1470998.0,0.0,0.00%,"[Quant Buy] Confidence 75/100: Strong Uptrend, Positive Momentum, Volume Breakout, Golden Cross (Market Health: 43.3%)"
"Jun 06, 2023",BPCL,BUY,129,348.5,44956.5,811768.5,659229.5,1470998.0,0.0,0.00%,"[Quant Buy] Confidence 75/100: Strong Uptrend, Positive Momentum, Volume Breakout, Golden Cross (Market Health: 43.3%)"
"Jun 07, 2023",LICN,BUY,31,1340.0,41540.0,770228.5,700769.5,1470998.0,0.0,0.00%,"[Quant Buy] Confidence 70/100: Strong Uptrend, Stable RSI, Positive Momentum, Golden Cross (Market Health: 50.0%)"
"Jun 08, 2023",ICFC,BUY,123,436.9,53738.7,716489.8,754508.2,1470998.0,0.0,0.00%,"[Quant Buy] Confidence 90/100: Strong Uptrend, Stable RSI, Positive Momentum, Volume Breakout, Golden Cross (Market Health: 60.0%)"
"Jun 11, 2023",JBBL,BUY,212,283.0,59996.0,656493.8,814504.2,1470998.0,0.0,0.00%,"[Quant Buy] Confidence 100/100: Strong Uptrend, Stable RSI, Positive Momentum, Volume Breakout, Golden Cross, Healthy Market Index (Market Health: 73.3%)"
"Jun 12, 2023",NMB,SELL,165,227.5,37537.5,694031.3,775564.2,1469595.5,-1402.5,-3.60%,[Trend Breakdown] Death Cross: SMA20 crossed below SMA50. (Market Health: 73.3%)
"Jun 12, 2023",CORBL,BUY,189,317.1,59931.9,634099.4,835496.1,1469595.5,0.0,0.00%,"[Quant Buy] Confidence 100/100: Strong Uptrend, Stable RSI, Positive Momentum, Volume Breakout, Golden Cross, Healthy Market Index (Market Health: 73.3%)"
"Jun 12, 2023",GFCL,BUY,130,460.0,59800.0,574299.4,895296.1,1469595.5,0.0,0.00%,"[Quant Buy] Confidence 100/100: Strong Uptrend, Stable RSI, Positive Momentum, Volume Breakout, Golden Cross, Healthy Market Index (Market Health: 73.3%)"
"Jun 13, 2023",ALICL,BUY,92,650.0,59800.0,514499.4,955096.1,1469595.5,0.0,0.00%,"[Quant Buy] Confidence 100/100: Strong Uptrend, Stable RSI, Positive Momentum, Volume Breakout, Golden Cross, Healthy Market Index (Market Health: 70.0%)"
"Jun 13, 2023",CFCL,BUY,184,325.0,59800.0,454699.4,1014896.1,1469595.5,0.0,0.00%,"[Quant Buy] Confidence 100/100: Strong Uptrend, Stable RSI, Positive Momentum, Volume Breakout, Golden Cross, Healthy Market Index (Market Health: 70.0%)"
"Jun 13, 2023",EDBL,BUY,188,319.0,59972.0,394727.4,1074868.1,1469595.5,0.0,0.00%,"[Quant Buy] Confidence 100/100: Strong Uptrend, Stable RSI, Positive Momentum, Volume Breakout, Golden Cross, Healthy Market Index (Market Health: 70.0%)"
"Jun 13, 2023",JFL,BUY,130,391.2,50856.0,343871.4,1125724.1,1469595.5,0.0,0.00%,"[Quant Buy] Confidence 85/100: Strong Uptrend, Positive Momentum, Volume Breakout, Golden Cross, Healthy Market Index (Market Health: 70.0%)"
"Jun 14, 2023",AHPC,BUY,198,302.5,59895.0,283976.4,1185619.1,1469595.5,0.0,0.00%,"[Quant Buy] Confidence 100/100: Strong Uptrend, Stable RSI, Positive Momentum, Volume Breakout, Golden Cross, Healthy Market Index (Market Health: 83.3%)"
"Jun 14, 2023",GBBL,BUY,152,372.0,56544.0,227432.4,1242163.1,1469595.5,0.0,0.00%,"[Quant Buy] Confidence 100/100: Strong Uptrend, Stable RSI, Positive Momentum, Volume Breakout, Golden Cross, Healthy Market Index (Market Health: 83.3%)"
"Jun 14, 2023",GMFIL,BUY,136,333.0,45288.0,182144.4,1287451.1,1469595.5,0.0,0.00%,"[Quant Buy] Confidence 100/100: Strong Uptrend, Stable RSI, Positive Momentum, Volume Breakout, Golden Cross, Healthy Market Index (Market Health: 83.3%)"
"Jun 18, 2023",PROFL,BUY,112,324.0,36288.0,145856.4,1323739.1,1469595.5,0.0,0.00%,"[Quant Buy] Confidence 100/100: Strong Uptrend, Stable RSI, Positive Momentum, Volume Breakout, Golden Cross, Healthy Market Index (Market Health: 73.3%)"
"Jun 19, 2023",NABBC,BUY,69,417.8,28828.2,117028.2,1352567.3,1469595.5,0.0,0.00%,"[Quant Buy] Confidence 100/100: Strong Uptrend, Stable RSI, Positive Momentum, Volume Breakout, Golden Cross, Healthy Market Index (Market Health: 73.3%)"
"Jul 06, 2023",AHPC,SELL,198,253.0,50094.0,167122.2,1292672.3,1459794.5,-9801.0,-16.36%,[Stop Loss] Stop-Loss hit at -16.36%. (Market Health: 56.7%)
"Jul 16, 2023",ADBL,BUY,92,233.9,21518.8,145603.4,1314191.1,1459794.5,0.0,0.00%,"[Quant Buy] Confidence 65/100: Strong Uptrend, Stable RSI, Positive Momentum, Healthy Market Index (Market Health: 83.3%)"
"Jul 18, 2023",GBIME,BUY,149,195.0,29055.0,116548.4,1343246.1,1459794.5,0.0,0.00%,"[Quant Buy] Confidence 100/100: Strong Uptrend, Stable RSI, Positive Momentum, Volume Breakout, Golden Cross, Healthy Market Index (Market Health: 90.0%)"
"Jul 19, 2023",PCBL,BUY,110,210.0,23100.0,93448.4,1366346.1,1459794.5,0.0,0.00%,"[Quant Buy] Confidence 100/100: Strong Uptrend, Stable RSI, Positive Momentum, Volume Breakout, Golden Cross, Healthy Market Index (Market Health: 90.0%)"
"Jul 20, 2023",CZBIL,BUY,84,189.0,15876.0,77572.4,1382222.1,1459794.5,0.0,0.00%,"[Quant Buy] Confidence 85/100: Strong Uptrend, Positive Momentum, Volume Breakout, Golden Cross, Healthy Market Index (Market Health: 90.0%)"
"Jul 20, 2023",NABIL,BUY,16,624.0,9984.0,67588.4,1392206.1,1459794.5,0.0,0.00%,"[Quant Buy] Confidence 65/100: Strong Uptrend, Positive Momentum, Golden Cross, Healthy Market Index (Market Health: 90.0%)"
"Jul 23, 2023",KBL,BUY,60,189.9,11394.0,56194.4,1403600.1,1459794.5,0.0,0.00%,"[Quant Buy] Confidence 85/100: Strong Uptrend, Positive Momentum, Volume Breakout, Golden Cross, Healthy Market Index (Market Health: 90.0%)"
"Jul 24, 2023",CIT,SELL,18,2165.0,38970.0,95164.4,1363784.1,1458948.5,-846.0,-2.12%,[Trend Breakdown] Death Cross: SMA20 crossed below SMA50. (Market Health: 90.0%)
"Jul 24, 2023",NMB,BUY,78,243.0,18954.0,76210.4,1382738.1,1458948.5,0.0,0.00%,"[Quant Buy] Confidence 100/100: Strong Uptrend, Stable RSI, Positive Momentum, Volume Breakout, Golden Cross, Healthy Market Index (Market Health: 90.0%)"
"Jul 26, 2023",BPCL,SELL,129,329.0,42441.0,118651.4,1337781.6,1456433.0,-2515.5,-5.60%,[Trend Breakdown] Death Cross: SMA20 crossed below SMA50. (Market Health: 83.3%)
"Jul 30, 2023",HBL,BUY,74,221.8,16413.2,102238.2,1354194.8,1456433.0,0.0,0.00%,"[Quant Buy] Confidence 70/100: Strong Uptrend, Stable RSI, Golden Cross, Healthy Market Index (Market Health: 80.0%)"
"Jul 31, 2023",CHCL,SELL,83,514.1,42670.3,144908.5,1309706.8,1454615.3,-1817.7,-4.09%,[Trend Breakdown] Death Cross: SMA20 crossed below SMA50. (Market Health: 76.7%)
"Aug 08, 2023",LICN,SELL,31,1415.0,43865.0,188773.5,1268166.8,1456940.3,2325.0,+5.60%,[Trend Breakdown] Death Cross: SMA20 crossed below SMA50. (Market Health: 30.0%)
"Aug 15, 2023",JFL,SELL,130,370.0,48100.0,236873.5,1217310.8,1454184.3,-2756.0,-5.42%,[Trend Breakdown] Death Cross: SMA20 crossed below SMA50. (Market Health: 23.3%)
"Aug 15, 2023",KBL,SELL,60,161.0,9660.0,246533.5,1205916.8,1452450.3,-1734.0,-15.22%,[Stop Loss] Stop-Loss hit at -15.22%. (Market Health: 23.3%)
"Aug 16, 2023",ICFC,SELL,123,460.0,56580.0,303113.5,1152178.1,1455291.6,2841.3,+5.29%,[Trend Breakdown] Death Cross: SMA20 crossed below SMA50. (Market Health: 23.3%)
"Aug 16, 2023",ALICL,SELL,92,691.0,63572.0,366685.5,1092378.1,1459063.6,3772.0,+6.31%,[Trend Breakdown] Death Cross: SMA20 crossed below SMA50. (Market Health: 23.3%)
"Aug 16, 2023",PROFL,SELL,112,310.0,34720.0,401405.5,1056090.1,1457495.6,-1568.0,-4.32%,[Trend Breakdown] Death Cross: SMA20 crossed below SMA50. (Market Health: 23.3%)
"Aug 17, 2023",SBI,SELL,150,335.0,50250.0,451655.5,1005390.1,1457045.6,-450.0,-0.89%,[Trend Breakdown] Death Cross: SMA20 crossed below SMA50. (Market Health: 23.3%)
"Aug 17, 2023",GFCL,SELL,130,445.0,57850.0,509505.5,945590.1,1455095.6,-1950.0,-3.26%,[Trend Breakdown] Death Cross: SMA20 crossed below SMA50. (Market Health: 23.3%)
"Aug 17, 2023",CFCL,SELL,184,334.0,61456.0,570961.5,885790.1,1456751.6,1656.0,+2.77%,[Trend Breakdown] Death Cross: SMA20 crossed below SMA50. (Market Health: 23.3%)
"Aug 17, 2023",EDBL,SELL,188,313.0,58844.0,629805.5,825818.1,1455623.6,-1128.0,-1.88%,[Trend Breakdown] Death Cross: SMA20 crossed below SMA50. (Market Health: 23.3%)
"Aug 17, 2023",NABBC,SELL,69,394.8,27241.2,657046.7,796989.9,1454036.6,-1587.0,-5.51%,[Trend Breakdown] Death Cross: SMA20 crossed below SMA50. (Market Health: 23.3%)
"Aug 20, 2023",GMFIL,SELL,136,343.9,46770.4,703817.1,751701.9,1455519.0,1482.4,+3.27%,[Trend Breakdown] Death Cross: SMA20 crossed below SMA50. (Market Health: 23.3%)
"Aug 20, 2023",PCBL,SELL,110,185.0,20350.0,724167.1,728601.9,1452769.0,-2750.0,-11.90%,[Trend Breakdown] Death Cross: SMA20 crossed below SMA50. (Market Health: 23.3%)
"Aug 21, 2023",GBBL,SELL,152,377.0,57304.0,781471.1,672057.9,1453529.0,760.0,+1.34%,[Trend Breakdown] Death Cross: SMA20 crossed below SMA50. (Market Health: 23.3%)
"Aug 21, 2023",HBL,SELL,74,206.0,15244.0,796715.1,655644.7,1452359.8,-1169.2,-7.12%,[Trend Breakdown] Death Cross: SMA20 crossed below SMA50. (Market Health: 23.3%)
"Aug 23, 2023",CORBL,SELL,189,322.0,60858.0,857573.1,595712.8,1453285.9,926.1,+1.55%,[Trend Breakdown] Death Cross: SMA20 crossed below SMA50. (Market Health: 26.7%)
"Aug 23, 2023",NMB,SELL,78,226.0,17628.0,875201.1,576758.8,1451959.9,-1326.0,-7.00%,[Trend Breakdown] Death Cross: SMA20 crossed below SMA50. (Market Health: 26.7%)
"Aug 28, 2023",NABIL,SELL,16,590.1,9441.6,884642.7,566774.8,1451417.5,-542.4,-5.43%,[Trend Breakdown] Death Cross: SMA20 crossed below SMA50. (Market Health: 20.0%)
"Sep 05, 2023",JBBL,SELL,212,297.2,63006.4,947649.1,506778.8,1454427.9,3010.4,+5.02%,[Trend Breakdown] Death Cross: SMA20 crossed below SMA50. (Market Health: 16.7%)
"Sep 18, 2023",GBIME,SELL,149,204.4,30455.6,978104.7,477723.8,1455828.5,1400.6,+4.82%,[Trend Breakdown] Death Cross: SMA20 crossed below SMA50. (Market Health: 6.7%)
"Sep 24, 2023",CZBIL,SELL,84,187.0,15708.0,993812.7,461847.8,1455660.5,-168.0,-1.06%,[Trend Breakdown] Death Cross: SMA20 crossed below SMA50. (Market Health: 23.3%)
"Sep 26, 2023",EBL,SELL,92,579.7,53332.4,1047145.1,411063.8,1458208.9,2548.4,+5.02%,[Trend Breakdown] Death Cross: SMA20 crossed below SMA50. (Market Health: 40.0%)
"Sep 27, 2023",MBL,SELL,215,217.3,46719.5,1093864.6,360237.8,1454102.4,-4106.5,-8.08%,[Trend Breakdown] Death Cross: SMA20 crossed below SMA50. (Market Health: 26.7%)
"Sep 27, 2023",SANIMA,SELL,157,285.0,44745.0,1138609.6,321458.8,1460068.4,5966.0,+15.38%,[Trend Breakdown] Death Cross: SMA20 crossed below SMA50. (Market Health: 26.7%)
"Oct 16, 2023",ADBL,SELL,92,248.0,22816.0,1161425.6,299940.0,1461365.6,1297.2,+6.03%,[Trend Breakdown] Death Cross: SMA20 crossed below SMA50. (Market Health: 0.0%)
"Dec 10, 2023",LICN,BUY,34,1480.0,50320.0,1111105.6,350260.0,1461365.6,0.0,0.00%,"[Quant Buy] Confidence 85/100: Strong Uptrend, Positive Momentum, Volume Breakout, Golden Cross, Healthy Market Index (Market Health: 73.3%)"
"Dec 10, 2023",PCBL,BUY,195,199.9,38980.5,1072125.1,389240.5,1461365.6,0.0,0.00%,"[Quant Buy] Confidence 65/100: Strong Uptrend, Stable RSI, Positive Momentum, Healthy Market Index (Market Health: 73.3%)"
"Dec 11, 2023",CIT,BUY,29,2010.1,58292.9,1013832.2,447533.4,1461365.6,0.0,0.00%,"[Quant Buy] Confidence 100/100: Strong Uptrend, Stable RSI, Positive Momentum, Volume Breakout, Golden Cross, Healthy Market Index (Market Health: 70.0%)"
"Dec 12, 2023",CORBL,BUY,174,343.0,59682.0,954150.2,507215.4,1461365.6,0.0,0.00%,"[Quant Buy] Confidence 100/100: Strong Uptrend, Stable RSI, Positive Momentum, Volume Breakout, Golden Cross, Healthy Market Index (Market Health: 80.0%)"
"Dec 12, 2023",CHCL,BUY,95,536.0,50920.0,903230.2,558135.4,1461365.6,0.0,0.00%,"[Quant Buy] Confidence 85/100: Strong Uptrend, Positive Momentum, Volume Breakout, Golden Cross, Healthy Market Index (Market Health: 80.0%)"
"Dec 14, 2023",GBBL,BUY,151,395.2,59675.2,843555.0,617810.6,1461365.6,0.0,0.00%,"[Quant Buy] Confidence 100/100: Strong Uptrend, Stable RSI, Positive Momentum, Volume Breakout, Golden Cross, Healthy Market Index (Market Health: 83.3%)"
"Dec 14, 2023",BPCL,BUY,152,315.0,47880.0,795675.0,665690.6,1461365.6,0.0,0.00%,"[Quant Buy] Confidence 80/100: Strong Uptrend, Stable RSI, Positive Momentum, Golden Cross, Healthy Market Index (Market Health: 83.3%)"
"Dec 17, 2023",CFCL,BUY,166,359.9,59743.4,735931.6,725434.0,1461365.6,0.0,0.00%,"[Quant Buy] Confidence 100/100: Strong Uptrend, Stable RSI, Positive Momentum, Volume Breakout, Golden Cross, Healthy Market Index (Market Health: 83.3%)"
"Dec 17, 2023",HBL,BUY,203,206.0,41818.0,694113.6,767252.0,1461365.6,0.0,0.00%,"[Quant Buy] Confidence 70/100: Strong Uptrend, Stable RSI, Golden Cross, Healthy Market Index (Market Health: 83.3%)"
"Dec 18, 2023",ALICL,BUY,88,680.0,59840.0,634273.6,827092.0,1461365.6,0.0,0.00%,"[Quant Buy] Confidence 100/100: Strong Uptrend, Stable RSI, Positive Momentum, Volume Breakout, Golden Cross, Healthy Market Index (Market Health: 93.3%)"
"Dec 18, 2023",GFCL,BUY,127,469.0,59563.0,574710.6,886655.0,1461365.6,0.0,0.00%,"[Quant Buy] Confidence 100/100: Strong Uptrend, Stable RSI, Positive Momentum, Volume Breakout, Golden Cross, Healthy Market Index (Market Health: 93.3%)"
"Dec 18, 2023",GMFIL,BUY,132,385.0,50820.0,523890.6,937475.0,1461365.6,0.0,0.00%,"[Quant Buy] Confidence 85/100: Strong Uptrend, Positive Momentum, Volume Breakout, Golden Cross, Healthy Market Index (Market Health: 93.3%)"
"Dec 19, 2023",AHPC,BUY,208,245.0,50960.0,472930.6,988435.0,1461365.6,0.0,0.00%,"[Quant Buy] Confidence 85/100: Strong Uptrend, Positive Momentum, Volume Breakout, Golden Cross, Healthy Market Index (Market Health: 96.7%)"
"Dec 19, 2023",EBL,BUY,93,546.0,50778.0,422152.6,1039213.0,1461365.6,0.0,0.00%,"[Quant Buy] Confidence 85/100: Strong Uptrend, Positive Momentum, Volume Breakout, Golden Cross, Healthy Market Index (Market Health: 96.7%)"
"Dec 19, 2023",EDBL,BUY,142,356.9,50679.8,371472.8,1089892.8,1461365.6,0.0,0.00%,"[Quant Buy] Confidence 85/100: Strong Uptrend, Positive Momentum, Volume Breakout, Golden Cross, Healthy Market Index (Market Health: 96.7%)"
"Dec 19, 2023",ICFC,BUY,100,506.0,50600.0,320872.8,1140492.8,1461365.6,0.0,0.00%,"[Quant Buy] Confidence 85/100: Strong Uptrend, Positive Momentum, Volume Breakout, Golden Cross, Healthy Market Index (Market Health: 96.7%)"
"Dec 19, 2023",JFL,BUY,130,391.0,50830.0,270042.8,1191322.8,1461365.6,0.0,0.00%,"[Quant Buy] Confidence 85/100: Strong Uptrend, Positive Momentum, Volume Breakout, Golden Cross, Healthy Market Index (Market Health: 96.7%)"
"Dec 19, 2023",NABBC,BUY,111,410.0,45510.0,224532.8,1236832.8,1461365.6,0.0,0.00%,"[Quant Buy] Confidence 85/100: Strong Uptrend, Positive Momentum, Volume Breakout, Golden Cross, Healthy Market Index (Market Health: 96.7%)"
"Dec 19, 2023",NHPC,BUY,226,168.5,38081.0,186451.8,1274913.8,1461365.6,0.0,0.00%,"[Quant Buy] Confidence 85/100: Strong Uptrend, Positive Momentum, Volume Breakout, Golden Cross, Healthy Market Index (Market Health: 96.7%)"
"Dec 20, 2023",PROFL,BUY,73,328.0,23944.0,162507.8,1298857.8,1461365.6,0.0,0.00%,"[Quant Buy] Confidence 65/100: Strong Uptrend, Positive Momentum, Golden Cross, Healthy Market Index (Market Health: 96.7%)"
"Dec 21, 2023",JBBL,BUY,106,305.8,32414.8,130093.0,1331272.6,1461365.6,0.0,0.00%,"[Quant Buy] Confidence 100/100: Strong Uptrend, Stable RSI, Positive Momentum, Volume Breakout, Golden Cross, Healthy Market Index (Market Health: 96.7%)"
"Dec 21, 2023",KBL,BUY,158,164.1,25927.8,104165.2,1357200.4,1461365.6,0.0,0.00%,"[Quant Buy] Confidence 100/100: Strong Uptrend, Stable RSI, Positive Momentum, Volume Breakout, Golden Cross, Healthy Market Index (Market Health: 96.7%)"
"Dec 21, 2023",SANIMA,BUY,66,265.7,17536.2,86629.0,1374736.6,1461365.6,0.0,0.00%,"[Quant Buy] Confidence 85/100: Strong Uptrend, Positive Momentum, Volume Breakout, Golden Cross, Healthy Market Index (Market Health: 96.7%)"
"Dec 21, 2023",SBI,BUY,38,312.0,11856.0,74773.0,1386592.6,1461365.6,0.0,0.00%,"[Quant Buy] Confidence 70/100: Strong Uptrend, Stable RSI, Golden Cross, Healthy Market Index (Market Health: 96.7%)"
"Dec 24, 2023",CZBIL,BUY,54,180.0,9720.0,65053.0,1396312.6,1461365.6,0.0,0.00%,"[Quant Buy] Confidence 65/100: Strong Uptrend, Positive Momentum, Golden Cross, Healthy Market Index (Market Health: 93.3%)"
"Jan 11, 2024",MBL,BUY,44,203.0,8932.0,56121.0,1405244.6,1461365.6,0.0,0.00%,"[Quant Buy] Confidence 70/100: Strong Uptrend, Positive Momentum, Volume Breakout, Healthy Market Index (Market Health: 76.7%)"
"Jan 16, 2024",GBIME,BUY,42,209.4,8794.8,47326.2,1414039.4,1461365.6,0.0,0.00%,"[Quant Buy] Confidence 80/100: Strong Uptrend, Stable RSI, Positive Momentum, Golden Cross, Healthy Market Index (Market Health: 96.7%)"
"Jan 17, 2024",ADBL,BUY,26,247.0,6422.0,40904.2,1420461.4,1461365.6,0.0,0.00%,"[Quant Buy] Confidence 70/100: Strong Uptrend, Positive Momentum, Volume Breakout, Healthy Market Index (Market Health: 96.7%)"
"Jan 28, 2024",SBI,SELL,38,298.9,11358.2,52262.4,1408605.4,1460867.8,-497.8,-4.20%,[Trend Breakdown] Death Cross: SMA20 crossed below SMA50. (Market Health: 56.7%)
"Jan 29, 2024",LICN,SELL,34,1409.0,47906.0,100168.4,1358285.4,1458453.8,-2414.0,-4.80%,[Trend Breakdown] Death Cross: SMA20 crossed below SMA50. (Market Health: 60.0%)
"Jan 29, 2024",CHCL,SELL,95,493.9,46920.5,147088.9,1307365.4,1454454.3,-3999.5,-7.85%,[Trend Breakdown] Death Cross: SMA20 crossed below SMA50. (Market Health: 60.0%)
"Jan 29, 2024",GBBL,SELL,151,384.1,57999.1,205088.0,1247690.2,1452778.2,-1676.1,-2.81%,[Trend Breakdown] Death Cross: SMA20 crossed below SMA50. (Market Health: 60.0%)
"Jan 29, 2024",GBIME,SELL,42,199.0,8358.0,213446.0,1238895.4,1452341.4,-436.8,-4.97%,[Trend Breakdown] Death Cross: SMA20 crossed below SMA50. (Market Health: 60.0%)
"Jan 30, 2024",ADBL,SELL,26,245.5,6383.0,219829.0,1232473.4,1452302.4,-39.0,-0.61%,[Trend Breakdown] Death Cross: SMA20 crossed below SMA50. (Market Health: 53.3%)
"Feb 01, 2024",AHPC,SELL,208,206.8,43014.4,262843.4,1181513.4,1444356.8,-7945.6,-15.59%,[Stop Loss] Stop-Loss hit at -15.59%. (Market Health: 40.0%)
"Feb 01, 2024",KBL,SELL,158,149.0,23542.0,286385.4,1155585.6,1441971.0,-2385.8,-9.20%,[Trend Breakdown] Death Cross: SMA20 crossed below SMA50. (Market Health: 40.0%)
"Feb 04, 2024",MBL,SELL,44,182.9,8047.6,294433.0,1146653.6,1441086.6,-884.4,-9.90%,[Trend Breakdown] Death Cross: SMA20 crossed below SMA50. (Market Health: 40.0%)
"Feb 07, 2024",HBL,SELL,203,200.0,40600.0,335033.0,1104835.6,1439868.6,-1218.0,-2.91%,[Trend Breakdown] Death Cross: SMA20 crossed below SMA50. (Market Health: 46.7%)
"Feb 08, 2024",CZBIL,SELL,54,169.0,9126.0,344159.0,1095115.6,1439274.6,-594.0,-6.11%,[Trend Breakdown] Death Cross: SMA20 crossed below SMA50. (Market Health: 50.0%)
"Feb 11, 2024",SANIMA,SELL,66,248.4,16394.4,360553.4,1077579.4,1438132.8,-1141.8,-6.51%,[Trend Breakdown] Death Cross: SMA20 crossed below SMA50. (Market Health: 46.7%)
"Feb 14, 2024",CIT,SELL,29,2113.0,61277.0,421830.4,1019286.5,1441116.9,2984.1,+5.12%,[Trend Breakdown] Death Cross: SMA20 crossed below SMA50. (Market Health: 43.3%)
"Feb 14, 2024",CFCL,SELL,166,360.5,59843.0,481673.4,959543.1,1441216.5,99.6,+0.17%,[Trend Breakdown] Death Cross: SMA20 crossed below SMA50. (Market Health: 43.3%)
"Feb 14, 2024",GMFIL,SELL,132,373.0,49236.0,530909.4,908723.1,1439632.5,-1584.0,-3.12%,[Trend Breakdown] Death Cross: SMA20 crossed below SMA50. (Market Health: 43.3%)
"Feb 21, 2024",GFCL,SELL,127,435.2,55270.4,586179.8,849160.1,1435339.9,-4292.6,-7.21%,[Trend Breakdown] Death Cross: SMA20 crossed below SMA50. (Market Health: 10.0%)
"Feb 21, 2024",ICFC,SELL,100,485.0,48500.0,634679.8,798560.1,1433239.9,-2100.0,-4.15%,[Trend Breakdown] Death Cross: SMA20 crossed below SMA50. (Market Health: 10.0%)
"Feb 22, 2024",PCBL,SELL,195,197.0,38415.0,673094.8,759579.6,1432674.4,-565.5,-1.45%,[Trend Breakdown] Death Cross: SMA20 crossed below SMA50. (Market Health: 10.0%)
"Feb 22, 2024",JBBL,SELL,106,295.0,31270.0,704364.8,727164.8,1431529.6,-1144.8,-3.53%,[Trend Breakdown] Death Cross: SMA20 crossed below SMA50. (Market Health: 10.0%)
"Feb 25, 2024",ALICL,SELL,88,578.0,50864.0,755228.8,667324.8,1422553.6,-8976.0,-15.00%,[Stop Loss] Stop-Loss hit at -15.00%. (Market Health: 13.3%)
"Feb 25, 2024",PROFL,SELL,73,315.6,23038.8,778267.6,643380.8,1421648.4,-905.2,-3.78%,[Trend Breakdown] Death Cross: SMA20 crossed below SMA50. (Market Health: 13.3%)
"Feb 26, 2024",BPCL,SELL,152,302.0,45904.0,824171.6,595500.8,1419672.4,-1976.0,-4.13%,[Trend Breakdown] Death Cross: SMA20 crossed below SMA50. (Market Health: 13.3%)
"Feb 27, 2024",EBL,SELL,93,510.0,47430.0,871601.6,544722.8,1416324.4,-3348.0,-6.59%,[Trend Breakdown] Death Cross: SMA20 crossed below SMA50. (Market Health: 10.0%)
"Feb 28, 2024",JFL,SELL,130,363.0,47190.0,918791.6,493892.8,1412684.4,-3640.0,-7.16%,[Trend Breakdown] Death Cross: SMA20 crossed below SMA50. (Market Health: 6.7%)
"Feb 28, 2024",NHPC,SELL,226,153.5,34691.0,953482.6,455811.8,1409294.4,-3390.0,-8.90%,[Trend Breakdown] Death Cross: SMA20 crossed below SMA50. (Market Health: 6.7%)
"Mar 07, 2024",EDBL,SELL,142,356.5,50623.0,1004105.6,405132.0,1409237.6,-56.8,-0.11%,[Trend Breakdown] Death Cross: SMA20 crossed below SMA50. (Market Health: 13.3%)
"Mar 12, 2024",ICFC,BUY,77,506.0,38962.0,965143.6,444094.0,1409237.6,0.0,0.00%,"[Quant Buy] Confidence 65/100: Strong Uptrend, Stable RSI, Positive Momentum, Healthy Market Index (Market Health: 66.7%)"
"Mar 12, 2024",JFL,BUY,102,380.0,38760.0,926383.6,482854.0,1409237.6,0.0,0.00%,"[Quant Buy] Confidence 65/100: Strong Uptrend, Stable RSI, Positive Momentum, Healthy Market Index (Market Health: 66.7%)"
"Apr 09, 2024",CFCL,BUY,116,386.0,44776.0,881607.6,527630.0,1409237.6,0.0,0.00%,"[Quant Buy] Confidence 75/100: Strong Uptrend, Stable RSI, Positive Momentum, Volume Breakout (Market Health: 43.3%)"
"Apr 09, 2024",GFCL,BUY,90,494.9,44541.0,837066.6,572171.0,1409237.6,0.0,0.00%,"[Quant Buy] Confidence 75/100: Strong Uptrend, Stable RSI, Positive Momentum, Volume Breakout (Market Health: 43.3%)"
"Apr 09, 2024",GMFIL,BUY,117,382.0,44694.0,792372.6,616865.0,1409237.6,0.0,0.00%,"[Quant Buy] Confidence 75/100: Strong Uptrend, Stable RSI, Positive Momentum, Volume Breakout (Market Health: 43.3%)"
"Apr 09, 2024",PROFL,BUY,135,332.0,44820.0,747552.6,661685.0,1409237.6,0.0,0.00%,"[Quant Buy] Confidence 75/100: Strong Uptrend, Stable RSI, Positive Momentum, Volume Breakout (Market Health: 43.3%)"
"Apr 09, 2024",EDBL,BUY,99,363.4,35976.6,711576.0,697661.6,1409237.6,0.0,0.00%,"[Quant Buy] Confidence 60/100: Strong Uptrend, Positive Momentum, Volume Breakout (Market Health: 43.3%)"
"Apr 25, 2024",PROFL,SELL,135,328.0,44280.0,755856.0,652841.6,1408697.6,-540.0,-1.20%,[Trend Breakdown] Death Cross: SMA20 crossed below SMA50. (Market Health: 26.7%)
"Apr 30, 2024",PROFL,BUY,128,349.0,44672.0,711184.0,697513.6,1408697.6,0.0,0.00%,"[Quant Buy] Confidence 75/100: Strong Uptrend, Stable RSI, Positive Momentum, Volume Breakout (Market Health: 53.3%)"
"May 13, 2024",ADBL,BUY,208,245.0,50960.0,660224.0,748473.6,1408697.6,0.0,0.00%,"[Quant Buy] Confidence 85/100: Strong Uptrend, Stable RSI, Positive Momentum, Volume Breakout, Healthy Market Index (Market Health: 63.3%)"
"May 19, 2024",PCBL,BUY,302,198.4,59916.8,600307.2,808390.4,1408697.6,0.0,0.00%,"[Quant Buy] Confidence 100/100: Strong Uptrend, Stable RSI, Positive Momentum, Volume Breakout, Golden Cross, Healthy Market Index (Market Health: 73.3%)"
"May 20, 2024",EBL,BUY,95,532.0,50540.0,549767.2,858930.4,1408697.6,0.0,0.00%,"[Quant Buy] Confidence 85/100: Strong Uptrend, Positive Momentum, Volume Breakout, Golden Cross, Healthy Market Index (Market Health: 83.3%)"
"May 22, 2024",SANIMA,BUY,191,267.0,50997.0,498770.2,909927.4,1408697.6,0.0,0.00%,"[Quant Buy] Confidence 85/100: Strong Uptrend, Positive Momentum, Volume Breakout, Golden Cross, Healthy Market Index (Market Health: 90.0%)"
"May 26, 2024",ALICL,BUY,82,584.4,47920.8,450849.4,957848.2,1408697.6,0.0,0.00%,"[Quant Buy] Confidence 80/100: Strong Uptrend, Stable RSI, Positive Momentum, Golden Cross, Healthy Market Index (Market Health: 90.0%)"
"May 27, 2024",CZBIL,BUY,284,179.0,50836.0,400013.4,1008684.2,1408697.6,0.0,0.00%,"[Quant Buy] Confidence 85/100: Strong Uptrend, Positive Momentum, Volume Breakout, Golden Cross, Healthy Market Index (Market Health: 86.7%)"
"May 27, 2024",GBBL,BUY,129,369.9,47717.1,352296.3,1056401.3,1408697.6,0.0,0.00%,"[Quant Buy] Confidence 80/100: Strong Uptrend, Stable RSI, Positive Momentum, Golden Cross, Healthy Market Index (Market Health: 86.7%)"
"May 27, 2024",JBBL,BUY,141,295.8,41707.8,310588.5,1098109.1,1408697.6,0.0,0.00%,"[Quant Buy] Confidence 70/100: Strong Uptrend, Stable RSI, Golden Cross, Healthy Market Index (Market Health: 86.7%)"
"May 27, 2024",NABIL,BUY,76,507.9,38600.4,271988.1,1136709.5,1408697.6,0.0,0.00%,"[Quant Buy] Confidence 65/100: Strong Uptrend, Positive Momentum, Golden Cross, Healthy Market Index (Market Health: 86.7%)"
"May 29, 2024",NABBC,SELL,111,635.0,70485.0,342473.1,1091199.5,1433672.6,24975.0,+54.88%,[Profit Booking] Target Achieved: +54.88% gain. (Market Health: 76.7%)
"May 29, 2024",NMB,BUY,256,199.0,50944.0,291529.1,1142143.5,1433672.6,0.0,0.00%,"[Quant Buy] Confidence 85/100: Strong Uptrend, Positive Momentum, Volume Breakout, Golden Cross, Healthy Market Index (Market Health: 76.7%)"
"May 29, 2024",KBL,BUY,319,146.0,46574.0,244955.1,1188717.5,1433672.6,0.0,0.00%,"[Quant Buy] Confidence 80/100: Strong Uptrend, Stable RSI, Positive Momentum, Golden Cross, Healthy Market Index (Market Health: 76.7%)"
"May 29, 2024",SBI,BUY,105,301.9,31699.5,213255.6,1220417.0,1433672.6,0.0,0.00%,"[Quant Buy] Confidence 65/100: Strong Uptrend, Positive Momentum, Golden Cross, Healthy Market Index (Market Health: 76.7%)"
"Jun 02, 2024",GFCL,SELL,90,464.9,41841.0,255096.6,1175876.0,1430972.6,-2700.0,-6.06%,[Trend Breakdown] Death Cross: SMA20 crossed below SMA50. (Market Health: 73.3%)
"Jun 02, 2024",GBBL,SELL,129,361.1,46581.9,301678.5,1128158.9,1429837.4,-1135.2,-2.38%,[Trend Breakdown] Death Cross: SMA20 crossed below SMA50. (Market Health: 73.3%)
"Jun 02, 2024",NABBC,BUY,67,577.0,38659.0,263019.5,1166817.9,1429837.4,0.0,0.00%,"[Quant Buy] Confidence 65/100: Strong Uptrend, Stable RSI, Positive Momentum, Healthy Market Index (Market Health: 73.3%)"
"Jun 04, 2024",GBIME,BUY,200,184.0,36800.0,226219.5,1203617.9,1429837.4,0.0,0.00%,"[Quant Buy] Confidence 70/100: Strong Uptrend, Stable RSI, Golden Cross, Healthy Market Index (Market Health: 80.0%)"
"Jun 04, 2024",HBL,BUY,165,191.0,31515.0,194704.5,1235132.9,1429837.4,0.0,0.00%,"[Quant Buy] Confidence 70/100: Strong Uptrend, Stable RSI, Golden Cross, Healthy Market Index (Market Health: 80.0%)"
"Jun 05, 2024",JFL,SELL,102,579.3,59088.6,253793.1,1196372.9,1450166.0,20328.6,+52.45%,[Profit Booking] Target Achieved: +52.45% gain. (Market Health: 73.3%)
"Jun 10, 2024",JFL,BUY,76,563.5,42826.0,210967.1,1239198.9,1450166.0,0.0,0.00%,"[Quant Buy] Confidence 85/100: Strong Uptrend, Stable RSI, Positive Momentum, Volume Breakout, Healthy Market Index (Market Health: 63.3%)"
"Jun 11, 2024",CIT,BUY,16,2155.0,34480.0,176487.1,1273678.9,1450166.0,0.0,0.00%,"[Quant Buy] Confidence 85/100: Strong Uptrend, Stable RSI, Positive Momentum, Volume Breakout, Healthy Market Index (Market Health: 83.3%)"
"Jun 11, 2024",GBBL,BUY,81,366.0,29646.0,146841.1,1303324.9,1450166.0,0.0,0.00%,"[Quant Buy] Confidence 85/100: Strong Uptrend, Stable RSI, Positive Momentum, Volume Breakout, Healthy Market Index (Market Health: 83.3%)"
"Jun 11, 2024",MBL,BUY,108,176.0,19008.0,127833.1,1322332.9,1450166.0,0.0,0.00%,"[Quant Buy] Confidence 65/100: Strong Uptrend, Stable RSI, Positive Momentum, Healthy Market Index (Market Health: 83.3%)"
"Jun 12, 2024",GFCL,BUY,52,483.0,25116.0,102717.1,1347448.9,1450166.0,0.0,0.00%,"[Quant Buy] Confidence 100/100: Strong Uptrend, Stable RSI, Positive Momentum, Volume Breakout, Golden Cross, Healthy Market Index (Market Health: 83.3%)"
"Jun 13, 2024",CORBL,SELL,174,530.0,92220.0,194937.1,1287766.9,1482704.0,32538.0,+54.52%,[Profit Booking] Target Achieved: +54.52% gain. (Market Health: 90.0%)
"Jun 18, 2024",CORBL,BUY,49,510.0,24990.0,169947.1,1312756.9,1482704.0,0.0,0.00%,"[Quant Buy] Confidence 65/100: Strong Uptrend, Stable RSI, Positive Momentum, Healthy Market Index (Market Health: 73.3%)"
"Jun 19, 2024",JBBL,SELL,141,286.0,40326.0,210273.1,1271049.1,1481322.2,-1381.8,-3.31%,[Trend Breakdown] Death Cross: SMA20 crossed below SMA50. (Market Health: 66.7%)
"Jun 19, 2024",GBBL,SELL,81,359.0,29079.0,239352.1,1241403.1,1480755.2,-567.0,-1.91%,[Trend Breakdown] Death Cross: SMA20 crossed below SMA50. (Market Health: 66.7%)
"Jun 19, 2024",NHPC,BUY,260,147.2,38272.0,201080.1,1279675.1,1480755.2,0.0,0.00%,"[Quant Buy] Confidence 80/100: Strong Uptrend, Stable RSI, Positive Momentum, Golden Cross, Healthy Market Index (Market Health: 66.7%)"
"Jun 19, 2024",LICN,BUY,18,1382.0,24876.0,176204.1,1304551.1,1480755.2,0.0,0.00%,"[Quant Buy] Confidence 65/100: Strong Uptrend, Stable RSI, Positive Momentum, Healthy Market Index (Market Health: 66.7%)"
"Jun 23, 2024",NHPC,SELL,260,143.0,37180.0,213384.1,1266279.1,1479663.2,-1092.0,-2.85%,[Trend Breakdown] Death Cross: SMA20 crossed below SMA50. (Market Health: 56.7%)
"Jul 01, 2024",ALICL,SELL,82,551.0,45182.0,258566.1,1218358.3,1476924.4,-2738.8,-5.72%,[Trend Breakdown] Death Cross: SMA20 crossed below SMA50. (Market Health: 53.3%)
"Jul 01, 2024",GBIME,SELL,200,173.9,34780.0,293346.1,1181558.3,1474904.4,-2020.0,-5.49%,[Trend Breakdown] Death Cross: SMA20 crossed below SMA50. (Market Health: 53.3%)
"Jul 02, 2024",HBL,SELL,165,183.0,30195.0,323541.1,1150043.3,1473584.4,-1320.0,-4.19%,[Trend Breakdown] Death Cross: SMA20 crossed below SMA50. (Market Health: 93.3%)
"Jul 04, 2024",CIT,SELL,16,1920.0,30720.0,354261.1,1115563.3,1469824.4,-3760.0,-10.90%,[Trend Breakdown] Death Cross: SMA20 crossed below SMA50. (Market Health: 86.7%)
"Jul 08, 2024",ALICL,BUY,85,595.0,50575.0,303686.1,1166138.3,1469824.4,0.0,0.00%,"[Quant Buy] Confidence 85/100: Strong Uptrend, Positive Momentum, Volume Breakout, Golden Cross, Healthy Market Index (Market Health: 86.7%)"
"Jul 09, 2024",JBBL,BUY,159,320.0,50880.0,252806.1,1217018.3,1469824.4,0.0,0.00%,"[Quant Buy] Confidence 85/100: Strong Uptrend, Positive Momentum, Volume Breakout, Golden Cross, Healthy Market Index (Market Health: 86.7%)"
"Jul 14, 2024",GBBL,BUY,109,392.2,42749.8,210056.3,1259768.1,1469824.4,0.0,0.00%,"[Quant Buy] Confidence 85/100: Strong Uptrend, Positive Momentum, Volume Breakout, Golden Cross, Healthy Market Index (Market Health: 96.7%)"
"Jul 15, 2024",CHCL,BUY,76,465.0,35340.0,174716.3,1295108.1,1469824.4,0.0,0.00%,"[Quant Buy] Confidence 85/100: Strong Uptrend, Positive Momentum, Volume Breakout, Golden Cross, Healthy Market Index (Market Health: 96.7%)"
"Jul 15, 2024",HBL,BUY,145,204.2,29609.0,145107.3,1324717.1,1469824.4,0.0,0.00%,"[Quant Buy] Confidence 85/100: Strong Uptrend, Positive Momentum, Volume Breakout, Golden Cross, Healthy Market Index (Market Health: 96.7%)"
"Jul 16, 2024",BPCL,BUY,76,322.0,24472.0,120635.3,1349189.1,1469824.4,0.0,0.00%,"[Quant Buy] Confidence 85/100: Strong Uptrend, Positive Momentum, Volume Breakout, Golden Cross, Healthy Market Index (Market Health: 96.7%)"
"Jul 16, 2024",GBIME,BUY,102,201.0,20502.0,100133.3,1369691.1,1469824.4,0.0,0.00%,"[Quant Buy] Confidence 85/100: Strong Uptrend, Positive Momentum, Volume Breakout, Golden Cross, Healthy Market Index (Market Health: 96.7%)"
"Jul 16, 2024",NHPC,BUY,97,175.0,16975.0,83158.3,1386666.1,1469824.4,0.0,0.00%,"[Quant Buy] Confidence 85/100: Strong Uptrend, Positive Momentum, Volume Breakout, Golden Cross, Healthy Market Index (Market Health: 96.7%)"
"Jul 17, 2024",CFCL,SELL,116,603.9,70052.4,153210.7,1341890.1,1495100.8,25276.4,+56.45%,[Profit Booking] Target Achieved: +56.45% gain. (Market Health: 96.7%)
"Jul 17, 2024",AHPC,BUY,128,203.0,25984.0,127226.7,1367874.1,1495100.8,0.0,0.00%,"[Quant Buy] Confidence 85/100: Strong Uptrend, Positive Momentum, Volume Breakout, Golden Cross, Healthy Market Index (Market Health: 96.7%)"
"Jul 21, 2024",CFCL,BUY,29,610.0,17690.0,109536.7,1385564.1,1495100.8,0.0,0.00%,"[Quant Buy] Confidence 70/100: Strong Uptrend, Positive Momentum, Volume Breakout, Healthy Market Index (Market Health: 100.0%)"
"Jul 25, 2024",GFCL,SELL,52,725.0,37700.0,147236.7,1360448.1,1507684.8,12584.0,+50.10%,[Profit Booking] Target Achieved: +50.10% gain. (Market Health: 100.0%)
"Jul 28, 2024",ADBL,SELL,208,387.2,80537.6,227774.3,1309488.1,1537262.4,29577.6,+58.04%,[Profit Booking] Target Achieved: +58.04% gain. (Market Health: 100.0%)
"Jul 29, 2024",KBL,SELL,319,222.0,70818.0,298592.3,1262914.1,1561506.4,24244.0,+52.05%,[Profit Booking] Target Achieved: +52.05% gain. (Market Health: 100.0%)
"Jul 29, 2024",GFCL,BUY,54,769.0,41526.0,257066.3,1304440.1,1561506.4,0.0,0.00%,"[Quant Buy] Confidence 70/100: Strong Uptrend, Positive Momentum, Volume Breakout, Healthy Market Index (Market Health: 100.0%)"
"Jul 30, 2024",GMFIL,SELL,117,600.0,70200.0,327266.3,1259746.1,1587012.4,25506.0,+57.07%,[Profit Booking] Target Achieved: +57.07% gain. (Market Health: 100.0%)
"Jul 30, 2024",PROFL,SELL,128,543.4,69555.2,396821.5,1215074.1,1611895.6,24883.2,+55.70%,[Profit Booking] Target Achieved: +55.70% gain. (Market Health: 100.0%)
"Jul 31, 2024",ICFC,SELL,77,777.1,59836.7,456658.2,1176112.1,1632770.3,20874.7,+53.58%,[Profit Booking] Target Achieved: +53.58% gain. (Market Health: 100.0%)
"Jul 31, 2024",PCBL,SELL,302,300.0,90600.0,547258.2,1116195.3,1663453.5,30683.2,+51.21%,[Profit Booking] Target Achieved: +51.21% gain. (Market Health: 100.0%)
"Jul 31, 2024",JFL,SELL,76,855.0,64980.0,612238.2,1073369.3,1685607.5,22154.0,+51.73%,[Profit Booking] Target Achieved: +51.73% gain. (Market Health: 100.0%)
"Aug 05, 2024",PROFL,BUY,66,630.0,41580.0,570658.2,1114949.3,1685607.5,0.0,0.00%,"[Quant Buy] Confidence 70/100: Strong Uptrend, Positive Momentum, Volume Breakout, Healthy Market Index (Market Health: 100.0%)"
"Aug 05, 2024",GMFIL,BUY,63,614.0,38682.0,531976.2,1153631.3,1685607.5,0.0,0.00%,"[Quant Buy] Confidence 65/100: Strong Uptrend, Stable RSI, Positive Momentum, Healthy Market Index (Market Health: 100.0%)"
"Aug 05, 2024",JFL,BUY,50,770.0,38500.0,493476.2,1192131.3,1685607.5,0.0,0.00%,"[Quant Buy] Confidence 65/100: Strong Uptrend, Stable RSI, Positive Momentum, Healthy Market Index (Market Health: 100.0%)"
"Aug 05, 2024",ADBL,BUY,93,386.0,35898.0,457578.2,1228029.3,1685607.5,0.0,0.00%,"[Quant Buy] Confidence 60/100: Strong Uptrend, Volume Breakout, Healthy Market Index (Market Health: 100.0%)"
"Aug 05, 2024",PCBL,BUY,122,294.5,35929.0,421649.2,1263958.3,1685607.5,0.0,0.00%,"[Quant Buy] Confidence 60/100: Strong Uptrend, Volume Breakout, Healthy Market Index (Market Health: 100.0%)"
"Aug 06, 2024",CIT,BUY,21,2340.0,49140.0,372509.2,1313098.3,1685607.5,0.0,0.00%,"[Quant Buy] Confidence 85/100: Strong Uptrend, Positive Momentum, Volume Breakout, Golden Cross, Healthy Market Index (Market Health: 100.0%)"
"Aug 06, 2024",ICFC,BUY,66,679.0,44814.0,327695.2,1357912.3,1685607.5,0.0,0.00%,"[Quant Buy] Confidence 75/100: Strong Uptrend, Stable RSI, Volume Breakout, Healthy Market Index (Market Health: 100.0%)"
"Aug 12, 2024",KBL,BUY,175,222.0,38850.0,288845.2,1396762.3,1685607.5,0.0,0.00%,"[Quant Buy] Confidence 65/100: Strong Uptrend, Stable RSI, Positive Momentum, Healthy Market Index (Market Health: 100.0%)"
"Aug 14, 2024",EDBL,SELL,99,549.0,54351.0,343196.2,1360785.7,1703981.9,18374.4,+51.07%,[Profit Booking] Target Achieved: +51.07% gain. (Market Health: 100.0%)
"Aug 14, 2024",NHPC,SELL,97,271.8,26364.6,369560.8,1343810.7,1713371.5,9389.6,+55.31%,[Profit Booking] Target Achieved: +55.31% gain. (Market Health: 100.0%)
"Aug 14, 2024",AHPC,SELL,128,312.0,39936.0,409496.8,1317826.7,1727323.5,13952.0,+53.69%,[Profit Booking] Target Achieved: +53.69% gain. (Market Health: 100.0%)
"Aug 14, 2024",GFCL,SELL,54,1177.8,63601.2,473098.0,1276300.7,1749398.7,22075.2,+53.16%,[Profit Booking] Target Achieved: +53.16% gain. (Market Health: 100.0%)
"Aug 15, 2024",CZBIL,SELL,284,277.5,78810.0,551908.0,1225464.7,1777372.7,27974.0,+55.03%,[Profit Booking] Target Achieved: +55.03% gain. (Market Health: 100.0%)
"Aug 15, 2024",MBL,SELL,108,278.0,30024.0,581932.0,1206456.7,1788388.7,11016.0,+57.95%,[Profit Booking] Target Achieved: +57.95% gain. (Market Health: 100.0%)
"Aug 15, 2024",BPCL,SELL,76,486.2,36951.2,618883.2,1181984.7,1800867.9,12479.2,+50.99%,[Profit Booking] Target Achieved: +50.99% gain. (Market Health: 100.0%)
"Aug 18, 2024",LICN,SELL,18,2271.5,40887.0,659770.2,1157108.7,1816878.9,16011.0,+64.36%,[Profit Booking] Target Achieved: +64.36% gain. (Market Health: 100.0%)
"Aug 18, 2024",GFCL,BUY,37,1111.0,41107.0,618663.2,1198215.7,1816878.9,0.0,0.00%,"[Quant Buy] Confidence 70/100: Strong Uptrend, Positive Momentum, Volume Breakout, Healthy Market Index (Market Health: 100.0%)"
"Aug 18, 2024",NHPC,BUY,160,262.0,41920.0,576743.2,1240135.7,1816878.9,0.0,0.00%,"[Quant Buy] Confidence 70/100: Strong Uptrend, Positive Momentum, Volume Breakout, Healthy Market Index (Market Health: 100.0%)"
"Aug 18, 2024",EDBL,BUY,71,549.0,38979.0,537764.2,1279114.7,1816878.9,0.0,0.00%,"[Quant Buy] Confidence 65/100: Strong Uptrend, Stable RSI, Positive Momentum, Healthy Market Index (Market Health: 100.0%)"
"Aug 21, 2024",SBI,SELL,105,470.0,49350.0,587114.2,1247415.2,1834529.4,17650.5,+55.68%,[Profit Booking] Target Achieved: +55.68% gain. (Market Health: 100.0%)
"Aug 21, 2024",CZBIL,BUY,142,273.6,38851.2,548263.0,1286266.4,1834529.4,0.0,0.00%,"[Quant Buy] Confidence 65/100: Strong Uptrend, Stable RSI, Positive Momentum, Healthy Market Index (Market Health: 100.0%)"
"Aug 21, 2024",MBL,BUY,139,279.9,38906.1,509356.9,1325172.5,1834529.4,0.0,0.00%,"[Quant Buy] Confidence 65/100: Strong Uptrend, Stable RSI, Positive Momentum, Healthy Market Index (Market Health: 100.0%)"
"Aug 22, 2024",CORBL,SELL,49,826.4,40493.6,549850.5,1300182.5,1850033.0,15503.6,+62.04%,[Profit Booking] Target Achieved: +62.04% gain. (Market Health: 100.0%)
"Aug 22, 2024",LICN,BUY,17,2437.0,41429.0,508421.5,1341611.5,1850033.0,0.0,0.00%,"[Quant Buy] Confidence 70/100: Strong Uptrend, Positive Momentum, Volume Breakout, Healthy Market Index (Market Health: 100.0%)"
"Aug 25, 2024",SBI,BUY,84,461.0,38724.0,469697.5,1380335.5,1850033.0,0.0,0.00%,"[Quant Buy] Confidence 65/100: Strong Uptrend, Stable RSI, Positive Momentum, Healthy Market Index (Market Health: 100.0%)"
"Aug 27, 2024",CORBL,BUY,46,832.0,38272.0,431425.5,1418607.5,1850033.0,0.0,0.00%,"[Quant Buy] Confidence 65/100: Strong Uptrend, Stable RSI, Positive Momentum, Healthy Market Index (Market Health: 100.0%)"
"Sep 01, 2024",JFL,SELL,50,648.1,32405.0,463830.5,1380107.5,1843938.0,-6095.0,-15.83%,[Stop Loss] Stop-Loss hit at -15.83%. (Market Health: 96.7%)
"Sep 03, 2024",AHPC,BUY,123,317.0,38991.0,424839.5,1419098.5,1843938.0,0.0,0.00%,"[Quant Buy] Confidence 65/100: Strong Uptrend, Stable RSI, Positive Momentum, Healthy Market Index (Market Health: 96.7%)"
"Sep 03, 2024",BPCL,BUY,78,495.0,38610.0,386229.5,1457708.5,1843938.0,0.0,0.00%,"[Quant Buy] Confidence 65/100: Strong Uptrend, Stable RSI, Positive Momentum, Healthy Market Index (Market Health: 96.7%)"
"Sep 08, 2024",CZBIL,SELL,142,232.0,32944.0,419173.5,1418857.3,1838030.8,-5907.2,-15.20%,[Stop Loss] Stop-Loss hit at -15.20%. (Market Health: 96.7%)
"Sep 11, 2024",MBL,SELL,139,236.6,32887.4,452060.9,1379951.2,1832012.1,-6018.7,-15.47%,[Stop Loss] Stop-Loss hit at -15.47%. (Market Health: 73.3%)
"Sep 11, 2024",LICN,SELL,17,2070.4,35196.8,487257.7,1338522.2,1825779.9,-6232.2,-15.04%,[Stop Loss] Stop-Loss hit at -15.04%. (Market Health: 73.3%)
"Sep 16, 2024",NHPC,SELL,160,221.0,35360.0,522617.7,1296602.2,1819219.9,-6560.0,-15.65%,[Stop Loss] Stop-Loss hit at -15.65%. (Market Health: 43.3%)
"Sep 18, 2024",GFCL,SELL,37,881.0,32597.0,555214.7,1255495.2,1810709.9,-8510.0,-20.70%,[Stop Loss] Stop-Loss hit at -20.70%. (Market Health: 53.3%)
"Sep 18, 2024",BPCL,SELL,78,415.0,32370.0,587584.7,1216885.2,1804469.9,-6240.0,-16.16%,[Stop Loss] Stop-Loss hit at -16.16%. (Market Health: 53.3%)
"Sep 23, 2024",NABIL,SELL,76,568.0,43168.0,630752.7,1178284.8,1809037.5,4567.6,+11.83%,[Trend Breakdown] Death Cross: SMA20 crossed below SMA50. (Market Health: 20.0%)
"Sep 23, 2024",CHCL,SELL,76,543.0,41268.0,672020.7,1142944.8,1814965.5,5928.0,+16.77%,[Trend Breakdown] Death Cross: SMA20 crossed below SMA50. (Market Health: 20.0%)
"Sep 23, 2024",PROFL,SELL,66,529.0,34914.0,706934.7,1101364.8,1808299.5,-6666.0,-16.03%,[Stop Loss] Stop-Loss hit at -16.03%. (Market Health: 20.0%)
"Sep 23, 2024",GMFIL,SELL,63,506.1,31884.3,738819.0,1062682.8,1801501.8,-6797.7,-17.57%,[Stop Loss] Stop-Loss hit at -17.57%. (Market Health: 20.0%)
"Sep 23, 2024",AHPC,SELL,123,263.9,32459.7,771278.7,1023691.8,1794970.5,-6531.3,-16.75%,[Stop Loss] Stop-Loss hit at -16.75%. (Market Health: 20.0%)
"Sep 24, 2024",CFCL,SELL,29,499.1,14473.9,785752.6,1006001.8,1791754.4,-3216.1,-18.18%,[Stop Loss] Stop-Loss hit at -18.18%. (Market Health: 10.0%)
"Sep 25, 2024",NMB,SELL,256,250.0,64000.0,849752.6,955057.8,1804810.4,13056.0,+25.63%,[Trend Breakdown] Death Cross: SMA20 crossed below SMA50. (Market Health: 20.0%)
"Sep 25, 2024",ALICL,SELL,85,677.0,57545.0,907297.6,904482.8,1811780.4,6970.0,+13.78%,[Trend Breakdown] Death Cross: SMA20 crossed below SMA50. (Market Health: 20.0%)
"Sep 25, 2024",HBL,SELL,145,246.0,35670.0,942967.6,874873.8,1817841.4,6061.0,+20.47%,[Trend Breakdown] Death Cross: SMA20 crossed below SMA50. (Market Health: 20.0%)
"Sep 26, 2024",JBBL,SELL,159,330.5,52549.5,995517.1,823993.8,1819510.9,1669.5,+3.28%,[Trend Breakdown] Death Cross: SMA20 crossed below SMA50. (Market Health: 10.0%)
"Sep 26, 2024",GBBL,SELL,109,426.0,46434.0,1041951.1,781244.0,1823195.1,3684.2,+8.62%,[Trend Breakdown] Death Cross: SMA20 crossed below SMA50. (Market Health: 10.0%)
"Sep 26, 2024",PCBL,SELL,122,268.0,32696.0,1074647.1,745315.0,1819962.1,-3233.0,-9.00%,[Trend Breakdown] Death Cross: SMA20 crossed below SMA50. (Market Health: 10.0%)
"Sep 26, 2024",ICFC,SELL,66,648.0,42768.0,1117415.1,700501.0,1817916.1,-2046.0,-4.57%,[Trend Breakdown] Death Cross: SMA20 crossed below SMA50. (Market Health: 10.0%)
"Sep 29, 2024",SANIMA,SELL,191,331.9,63392.9,1180808.0,649504.0,1830312.0,12395.9,+24.31%,[Trend Breakdown] Death Cross: SMA20 crossed below SMA50. (Market Health: 10.0%)
"Sep 29, 2024",GBIME,SELL,102,235.0,23970.0,1204778.0,629002.0,1833780.0,3468.0,+16.92%,[Trend Breakdown] Death Cross: SMA20 crossed below SMA50. (Market Health: 10.0%)
"Sep 29, 2024",ADBL,SELL,93,352.3,32763.9,1237541.9,593104.0,1830645.9,-3134.1,-8.73%,[Trend Breakdown] Death Cross: SMA20 crossed below SMA50. (Market Health: 10.0%)
"Sep 29, 2024",CIT,SELL,21,2094.0,43974.0,1281515.9,543964.0,1825479.9,-5166.0,-10.51%,[Trend Breakdown] Death Cross: SMA20 crossed below SMA50. (Market Health: 10.0%)
"Oct 01, 2024",EBL,SELL,95,615.0,58425.0,1339940.9,493424.0,1833364.9,7885.0,+15.60%,[Trend Breakdown] Death Cross: SMA20 crossed below SMA50. (Market Health: 43.3%)
"Oct 02, 2024",KBL,SELL,175,217.0,37975.0,1377915.9,454574.0,1832489.9,-875.0,-2.25%,[Trend Breakdown] Death Cross: SMA20 crossed below SMA50. (Market Health: 30.0%)
"Oct 02, 2024",SBI,SELL,84,443.0,37212.0,1415127.9,415850.0,1830977.9,-1512.0,-3.90%,[Trend Breakdown] Death Cross: SMA20 crossed below SMA50. (Market Health: 30.0%)
"Oct 06, 2024",AHPC,BUY,141,276.0,38916.0,1376211.9,454766.0,1830977.9,0.0,0.00%,"[Quant Buy] Confidence 65/100: Strong Uptrend, Stable RSI, Positive Momentum, Healthy Market Index (Market Health: 63.3%)"
"Oct 06, 2024",GFCL,BUY,35,1084.0,37940.0,1338271.9,492706.0,1830977.9,0.0,0.00%,"[Quant Buy] Confidence 65/100: Strong Uptrend, Stable RSI, Positive Momentum, Healthy Market Index (Market Health: 63.3%)"
"Oct 06, 2024",LICN,BUY,18,2101.0,37818.0,1300453.9,530524.0,1830977.9,0.0,0.00%,"[Quant Buy] Confidence 65/100: Strong Uptrend, Stable RSI, Positive Momentum, Healthy Market Index (Market Health: 63.3%)"
"Oct 16, 2024",NABBC,SELL,67,648.8,43469.6,1343923.5,491865.0,1835788.5,4810.6,+12.44%,[Trend Breakdown] Death Cross: SMA20 crossed below SMA50. (Market Health: 93.3%)
"Oct 20, 2024",NMB,BUY,160,280.1,44816.0,1299107.5,536681.0,1835788.5,0.0,0.00%,"[Quant Buy] Confidence 75/100: Strong Uptrend, Positive Momentum, Volume Breakout, Golden Cross (Market Health: 60.0%)"
"Oct 21, 2024",LICN,SELL,18,2043.0,36774.0,1335881.5,498863.0,1834744.5,-1044.0,-2.76%,[Trend Breakdown] Death Cross: SMA20 crossed below SMA50. (Market Health: 43.3%)
"Oct 22, 2024",SBI,BUY,73,488.9,35689.7,1300191.8,534552.7,1834744.5,0.0,0.00%,"[Quant Buy] Confidence 60/100: Strong Uptrend, Positive Momentum, Volume Breakout (Market Health: 56.7%)"
"Oct 28, 2024",MBL,BUY,143,251.0,35893.0,1264298.8,570445.7,1834744.5,0.0,0.00%,"[Quant Buy] Confidence 60/100: Strong Uptrend, Stable RSI, Golden Cross (Market Health: 46.7%)"
"Oct 29, 2024",GBIME,BUY,140,255.9,35826.0,1228472.8,606271.7,1834744.5,0.0,0.00%,"[Quant Buy] Confidence 60/100: Strong Uptrend, Stable RSI, Golden Cross (Market Health: 56.7%)"
"Oct 29, 2024",PCBL,BUY,125,287.0,35875.0,1192597.8,642146.7,1834744.5,0.0,0.00%,"[Quant Buy] Confidence 60/100: Strong Uptrend, Stable RSI, Golden Cross (Market Health: 56.7%)"
"Oct 30, 2024",NABBC,BUY,81,662.0,53622.0,1138975.8,695768.7,1834744.5,0.0,0.00%,"[Quant Buy] Confidence 90/100: Strong Uptrend, Stable RSI, Positive Momentum, Volume Breakout, Golden Cross (Market Health: 50.0%)"
"Oct 30, 2024",ICFC,BUY,45,794.5,35752.5,1103223.3,731521.2,1834744.5,0.0,0.00%,"[Quant Buy] Confidence 60/100: Strong Uptrend, Stable RSI, Golden Cross (Market Health: 50.0%)"
"Nov 05, 2024",PROFL,BUY,60,690.0,41400.0,1061823.3,772921.2,1834744.5,0.0,0.00%,"[Quant Buy] Confidence 70/100: Strong Uptrend, Stable RSI, Positive Momentum, Golden Cross (Market Health: 43.3%)"
"Nov 06, 2024",GMFIL,BUY,64,648.9,41529.6,1020293.7,814450.8,1834744.5,0.0,0.00%,"[Quant Buy] Confidence 70/100: Strong Uptrend, Stable RSI, Positive Momentum, Golden Cross (Market Health: 40.0%)"
"Nov 10, 2024",CHCL,BUY,99,602.0,59598.0,960695.7,874048.8,1834744.5,0.0,0.00%,"[Quant Buy] Confidence 100/100: Strong Uptrend, Stable RSI, Positive Momentum, Volume Breakout, Golden Cross, Healthy Market Index (Market Health: 66.7%)"
"Nov 10, 2024",CFCL,BUY,68,697.0,47396.0,913299.7,921444.8,1834744.5,0.0,0.00%,"[Quant Buy] Confidence 80/100: Strong Uptrend, Stable RSI, Positive Momentum, Golden Cross, Healthy Market Index (Market Health: 66.7%)"
"Nov 10, 2024",JFL,BUY,50,830.0,41500.0,871799.7,962944.8,1834744.5,0.0,0.00%,"[Quant Buy] Confidence 70/100: Strong Uptrend, Positive Momentum, Volume Breakout, Healthy Market Index (Market Health: 66.7%)"
"Nov 10, 2024",BPCL,BUY,83,467.5,38802.5,832997.2,1001747.3,1834744.5,0.0,0.00%,"[Quant Buy] Confidence 65/100: Strong Uptrend, Stable RSI, Positive Momentum, Healthy Market Index (Market Health: 66.7%)"
"Nov 10, 2024",KBL,BUY,168,231.5,38892.0,794105.2,1040639.3,1834744.5,0.0,0.00%,"[Quant Buy] Confidence 65/100: Strong Uptrend, Stable RSI, Positive Momentum, Healthy Market Index (Market Health: 66.7%)"
"Nov 11, 2024",ALICL,BUY,78,768.5,59943.0,734162.2,1100582.3,1834744.5,0.0,0.00%,"[Quant Buy] Confidence 100/100: Strong Uptrend, Stable RSI, Positive Momentum, Volume Breakout, Golden Cross, Healthy Market Index (Market Health: 73.3%)"
"Nov 12, 2024",GBBL,BUY,105,455.0,47775.0,686387.2,1148357.3,1834744.5,0.0,0.00%,"[Quant Buy] Confidence 80/100: Strong Uptrend, Stable RSI, Positive Momentum, Golden Cross, Healthy Market Index (Market Health: 70.0%)"
"Nov 13, 2024",NABBC,SELL,81,996.5,80716.5,767103.7,1094735.3,1861839.0,27094.5,+50.53%,[Profit Booking] Target Achieved: +50.53% gain. (Market Health: 63.3%)
"Nov 14, 2024",HBL,BUY,148,262.0,38776.0,728327.7,1133511.3,1861839.0,0.0,0.00%,"[Quant Buy] Confidence 65/100: Strong Uptrend, Stable RSI, Positive Momentum, Healthy Market Index (Market Health: 70.0%)"
"Nov 17, 2024",JBBL,BUY,131,389.0,50959.0,677368.7,1184470.3,1861839.0,0.0,0.00%,"[Quant Buy] Confidence 85/100: Strong Uptrend, Positive Momentum, Volume Breakout, Golden Cross, Healthy Market Index (Market Health: 73.3%)"
"Nov 17, 2024",NHPC,BUY,179,233.9,41868.1,635500.6,1226338.4,1861839.0,0.0,0.00%,"[Quant Buy] Confidence 70/100: Strong Uptrend, Stable RSI, Golden Cross, Healthy Market Index (Market Health: 73.3%)"
"Nov 19, 2024",NABBC,BUY,32,1106.0,35392.0,600108.6,1261730.4,1861839.0,0.0,0.00%,"[Quant Buy] Confidence 60/100: Strong Uptrend, Positive Momentum, Volume Breakout (Market Health: 56.7%)"
"Nov 21, 2024",CORBL,SELL,46,1255.1,57734.6,657843.2,1223458.4,1881301.6,19462.6,+50.85%,[Profit Booking] Target Achieved: +50.85% gain. (Market Health: 46.7%)
"Nov 21, 2024",GFCL,SELL,35,957.7,33519.5,691362.7,1185518.4,1876881.1,-4420.5,-11.65%,[Trend Breakdown] Death Cross: SMA20 crossed below SMA50. (Market Health: 46.7%)
"Nov 25, 2024",CORBL,BUY,26,1361.0,35386.0,655976.7,1220904.4,1876881.1,0.0,0.00%,"[Quant Buy] Confidence 60/100: Strong Uptrend, Positive Momentum, Volume Breakout (Market Health: 43.3%)"
"Nov 27, 2024",PCBL,SELL,125,274.0,34250.0,690226.7,1185029.4,1875256.1,-1625.0,-4.53%,[Trend Breakdown] Death Cross: SMA20 crossed below SMA50. (Market Health: 66.7%)
"Dec 04, 2024",NMB,SELL,160,253.0,40480.0,730706.7,1140213.4,1870920.1,-4336.0,-9.68%,[Trend Breakdown] Death Cross: SMA20 crossed below SMA50. (Market Health: 50.0%)
"Dec 04, 2024",GBIME,SELL,140,228.2,31948.0,762654.7,1104387.4,1867042.1,-3878.0,-10.82%,[Trend Breakdown] Death Cross: SMA20 crossed below SMA50. (Market Health: 50.0%)
"Dec 05, 2024",CIT,BUY,19,2199.0,41781.0,720873.7,1146168.4,1867042.1,0.0,0.00%,"[Quant Buy] Confidence 70/100: Strong Uptrend, Stable RSI, Positive Momentum, Golden Cross (Market Health: 40.0%)"
"Dec 09, 2024",HBL,SELL,148,241.8,35786.4,756660.1,1107392.4,1864052.5,-2989.6,-7.71%,[Trend Breakdown] Death Cross: SMA20 crossed below SMA50. (Market Health: 33.3%)
"Dec 10, 2024",KBL,SELL,168,215.2,36153.6,792813.7,1068500.4,1861314.1,-2738.4,-7.04%,[Trend Breakdown] Death Cross: SMA20 crossed below SMA50. (Market Health: 30.0%)
"Dec 10, 2024",CIT,SELL,19,2172.5,41277.5,834091.2,1026719.4,1860810.6,-503.5,-1.21%,[Trend Breakdown] Death Cross: SMA20 crossed below SMA50. (Market Health: 30.0%)
"Dec 11, 2024",BPCL,SELL,83,417.0,34611.0,868702.2,987916.9,1856619.1,-4191.5,-10.80%,[Trend Breakdown] Death Cross: SMA20 crossed below SMA50. (Market Health: 33.3%)
"Dec 12, 2024",SBI,SELL,73,458.0,33434.0,902136.2,952227.2,1854363.4,-2255.7,-6.32%,[Trend Breakdown] Death Cross: SMA20 crossed below SMA50. (Market Health: 16.7%)
"Dec 12, 2024",ICFC,SELL,45,717.9,32305.5,934441.7,916474.7,1850916.4,-3447.0,-9.64%,[Trend Breakdown] Death Cross: SMA20 crossed below SMA50. (Market Health: 16.7%)
"Dec 17, 2024",AHPC,SELL,141,254.0,35814.0,970255.7,877558.7,1847814.4,-3102.0,-7.97%,[Trend Breakdown] Death Cross: SMA20 crossed below SMA50. (Market Health: 10.0%)
"Dec 17, 2024",MBL,SELL,143,238.2,34062.6,1004318.3,841665.7,1845984.0,-1830.4,-5.10%,[Trend Breakdown] Death Cross: SMA20 crossed below SMA50. (Market Health: 10.0%)
"Dec 17, 2024",CHCL,SELL,99,563.5,55786.5,1060104.8,782067.7,1842172.5,-3811.5,-6.40%,[Trend Breakdown] Death Cross: SMA20 crossed below SMA50. (Market Health: 10.0%)
"Dec 17, 2024",GBBL,SELL,105,428.0,44940.0,1105044.8,734292.7,1839337.5,-2835.0,-5.93%,[Trend Breakdown] Death Cross: SMA20 crossed below SMA50. (Market Health: 10.0%)
"Dec 23, 2024",GMFIL,SELL,64,584.0,37376.0,1142420.8,692763.1,1835183.9,-4153.6,-10.00%,[Trend Breakdown] Death Cross: SMA20 crossed below SMA50. (Market Health: 10.0%)
"Dec 23, 2024",CFCL,SELL,68,613.0,41684.0,1184104.8,645367.1,1829471.9,-5712.0,-12.05%,[Trend Breakdown] Death Cross: SMA20 crossed below SMA50. (Market Health: 10.0%)
"Dec 24, 2024",PROFL,SELL,60,650.3,39018.0,1223122.8,603967.1,1827089.9,-2382.0,-5.75%,[Trend Breakdown] Death Cross: SMA20 crossed below SMA50. (Market Health: 13.3%)
"Dec 24, 2024",ALICL,SELL,78,707.2,55161.6,1278284.4,544024.1,1822308.5,-4781.4,-7.98%,[Trend Breakdown] Death Cross: SMA20 crossed below SMA50. (Market Health: 13.3%)
"Dec 29, 2024",EDBL,SELL,71,563.0,39973.0,1318257.4,505045.1,1823302.5,994.0,+2.55%,[Trend Breakdown] Death Cross: SMA20 crossed below SMA50. (Market Health: 6.7%)
"Dec 29, 2024",NHPC,SELL,179,214.0,38306.0,1356563.4,463177.0,1819740.4,-3562.1,-8.51%,[Trend Breakdown] Death Cross: SMA20 crossed below SMA50. (Market Health: 6.7%)
"Dec 31, 2024",NABBC,SELL,32,936.9,29980.8,1386544.2,427785.0,1814329.2,-5411.2,-15.29%,[Stop Loss] Stop-Loss hit at -15.29%. (Market Health: 3.3%)
"Jan 05, 2025",JFL,SELL,50,700.0,35000.0,1421544.2,386285.0,1807829.2,-6500.0,-15.66%,[Stop Loss] Stop-Loss hit at -15.66%. (Market Health: 3.3%)
"Jan 05, 2025",JBBL,SELL,131,369.0,48339.0,1469883.2,335326.0,1805209.2,-2620.0,-5.14%,[Trend Breakdown] Death Cross: SMA20 crossed below SMA50. (Market Health: 3.3%)
"Jan 26, 2025",CORBL,SELL,26,2124.5,55237.0,1525120.2,299940.0,1825060.2,19851.0,+56.10%,[Profit Booking] Target Achieved: +56.10% gain. (Market Health: 13.3%)
"Feb 17, 2025",EDBL,BUY,42,838.2,35204.4,1489915.8,335144.4,1825060.2,0.0,0.00%,"[Quant Buy] Confidence 60/100: Strong Uptrend, Positive Momentum, Volume Breakout (Market Health: 60.0%)"
"Feb 18, 2025",BPCL,BUY,126,426.0,53676.0,1436239.8,388820.4,1825060.2,0.0,0.00%,"[Quant Buy] Confidence 90/100: Strong Uptrend, Stable RSI, Positive Momentum, Volume Breakout, Golden Cross (Market Health: 56.7%)"
"Feb 18, 2025",NMB,BUY,177,253.4,44851.8,1391388.0,433672.2,1825060.2,0.0,0.00%,"[Quant Buy] Confidence 75/100: Strong Uptrend, Positive Momentum, Volume Breakout, Golden Cross (Market Health: 56.7%)"
"Feb 18, 2025",ALICL,BUY,46,774.9,35645.4,1355742.6,469317.6,1825060.2,0.0,0.00%,"[Quant Buy] Confidence 60/100: Strong Uptrend, Positive Momentum, Volume Breakout (Market Health: 56.7%)"
"Feb 18, 2025",NABBC,BUY,25,1428.0,35700.0,1320042.6,505017.6,1825060.2,0.0,0.00%,"[Quant Buy] Confidence 60/100: Strong Uptrend, Positive Momentum, Volume Breakout (Market Health: 56.7%)"
"Feb 27, 2025",LICN,BUY,38,1321.0,50198.0,1269844.6,555215.6,1825060.2,0.0,0.00%,"[Quant Buy] Confidence 85/100: Strong Uptrend, Positive Momentum, Volume Breakout, Golden Cross, Healthy Market Index (Market Health: 83.3%)"
"Feb 27, 2025",NHPC,BUY,223,228.0,50844.0,1219000.6,606059.6,1825060.2,0.0,0.00%,"[Quant Buy] Confidence 85/100: Strong Uptrend, Stable RSI, Positive Momentum, Volume Breakout, Healthy Market Index (Market Health: 83.3%)"
"Feb 27, 2025",EBL,BUY,66,632.5,41745.0,1177255.6,647804.6,1825060.2,0.0,0.00%,"[Quant Buy] Confidence 70/100: Strong Uptrend, Positive Momentum, Volume Breakout, Healthy Market Index (Market Health: 83.3%)"
"Feb 27, 2025",AHPC,BUY,145,268.1,38874.5,1138381.1,686679.1,1825060.2,0.0,0.00%,"[Quant Buy] Confidence 65/100: Strong Uptrend, Stable RSI, Positive Momentum, Healthy Market Index (Market Health: 83.3%)"
"Feb 27, 2025",CFCL,BUY,59,659.5,38910.5,1099470.6,725589.6,1825060.2,0.0,0.00%,"[Quant Buy] Confidence 65/100: Strong Uptrend, Stable RSI, Positive Momentum, Healthy Market Index (Market Health: 83.3%)"
"Mar 02, 2025",SANIMA,BUY,157,322.8,50679.6,1048791.0,776269.2,1825060.2,0.0,0.00%,"[Quant Buy] Confidence 85/100: Strong Uptrend, Positive Momentum, Volume Breakout, Golden Cross, Healthy Market Index (Market Health: 96.7%)"
"Mar 03, 2025",HBL,BUY,241,248.0,59768.0,989023.0,836037.2,1825060.2,0.0,0.00%,"[Quant Buy] Confidence 100/100: Strong Uptrend, Stable RSI, Positive Momentum, Volume Breakout, Golden Cross, Healthy Market Index (Market Health: 96.7%)"
"Mar 03, 2025",GBBL,BUY,122,415.8,50727.6,938295.4,886764.8,1825060.2,0.0,0.00%,"[Quant Buy] Confidence 85/100: Strong Uptrend, Positive Momentum, Volume Breakout, Golden Cross, Healthy Market Index (Market Health: 96.7%)"
"Mar 03, 2025",MBL,BUY,209,244.0,50996.0,887299.4,937760.8,1825060.2,0.0,0.00%,"[Quant Buy] Confidence 85/100: Strong Uptrend, Positive Momentum, Volume Breakout, Golden Cross, Healthy Market Index (Market Health: 96.7%)"
"Mar 03, 2025",CHCL,BUY,89,539.0,47971.0,839328.4,985731.8,1825060.2,0.0,0.00%,"[Quant Buy] Confidence 80/100: Strong Uptrend, Stable RSI, Positive Momentum, Golden Cross, Healthy Market Index (Market Health: 96.7%)"
"Mar 03, 2025",GMFIL,BUY,84,564.9,47451.6,791876.8,1033183.4,1825060.2,0.0,0.00%,"[Quant Buy] Confidence 80/100: Strong Uptrend, Stable RSI, Positive Momentum, Golden Cross, Healthy Market Index (Market Health: 96.7%)"
"Mar 03, 2025",ICFC,BUY,70,678.0,47460.0,744416.8,1080643.4,1825060.2,0.0,0.00%,"[Quant Buy] Confidence 80/100: Strong Uptrend, Stable RSI, Positive Momentum, Golden Cross, Healthy Market Index (Market Health: 96.7%)"
"Mar 03, 2025",CORBL,BUY,19,2020.0,38380.0,706036.8,1119023.4,1825060.2,0.0,0.00%,"[Quant Buy] Confidence 65/100: Strong Uptrend, Stable RSI, Positive Momentum, Healthy Market Index (Market Health: 96.7%)"
"Mar 04, 2025",CZBIL,BUY,268,223.8,59978.4,646058.4,1179001.8,1825060.2,0.0,0.00%,"[Quant Buy] Confidence 100/100: Strong Uptrend, Stable RSI, Positive Momentum, Volume Breakout, Golden Cross, Healthy Market Index (Market Health: 93.3%)"
"Mar 04, 2025",PCBL,BUY,191,267.0,50997.0,595061.4,1229998.8,1825060.2,0.0,0.00%,"[Quant Buy] Confidence 85/100: Strong Uptrend, Positive Momentum, Volume Breakout, Golden Cross, Healthy Market Index (Market Health: 93.3%)"
"Mar 05, 2025",GBIME,BUY,167,233.0,38911.0,556150.4,1268909.8,1825060.2,0.0,0.00%,"[Quant Buy] Confidence 65/100: Strong Uptrend, Positive Momentum, Golden Cross, Healthy Market Index (Market Health: 80.0%)"
"Mar 06, 2025",NABIL,BUY,84,498.1,41840.4,514310.0,1310750.2,1825060.2,0.0,0.00%,"[Quant Buy] Confidence 70/100: Strong Uptrend, Stable RSI, Golden Cross, Healthy Market Index (Market Health: 86.7%)"
"Mar 09, 2025",EDBL,SELL,42,695.2,29198.4,543508.4,1275545.8,1819054.2,-6006.0,-17.06%,[Stop Loss] Stop-Loss hit at -17.06%. (Market Health: 73.3%)
"Mar 09, 2025",LICN,SELL,38,1115.0,42370.0,585878.4,1225347.8,1811226.2,-7828.0,-15.59%,[Stop Loss] Stop-Loss hit at -15.59%. (Market Health: 73.3%)
"Mar 09, 2025",KBL,BUY,198,211.4,41857.2,544021.2,1267205.0,1811226.2,0.0,0.00%,"[Quant Buy] Confidence 70/100: Strong Uptrend, Stable RSI, Golden Cross, Healthy Market Index (Market Health: 73.3%)"
"Mar 11, 2025",JBBL,BUY,145,370.0,53650.0,490371.2,1320855.0,1811226.2,0.0,0.00%,"[Quant Buy] Confidence 90/100: Strong Uptrend, Stable RSI, Positive Momentum, Volume Breakout, Golden Cross (Market Health: 43.3%)"
"Mar 19, 2025",CFCL,SELL,59,554.0,32686.0,523057.2,1281944.5,1805001.7,-6224.5,-16.00%,[Stop Loss] Stop-Loss hit at -16.00%. (Market Health: 20.0%)
"Mar 19, 2025",ICFC,SELL,70,627.0,43890.0,566947.2,1234484.5,1801431.7,-3570.0,-7.52%,[Trend Breakdown] Death Cross: SMA20 crossed below SMA50. (Market Health: 20.0%)
"Mar 20, 2025",CORBL,SELL,19,1888.35,35878.65,602825.85,1196104.5,1798930.35,-2501.35,-6.52%,[Trend Breakdown] Death Cross: SMA20 crossed below SMA50. (Market Health: 23.3%)
"Mar 23, 2025",JBBL,SELL,145,340.17,49324.65,652150.5,1142454.5,1794605.0,-4325.35,-8.06%,[Trend Breakdown] Death Cross: SMA20 crossed below SMA50. (Market Health: 3.3%)
"Mar 25, 2025",NHPC,SELL,223,203.42,45362.66,697513.16,1091610.5,1789123.66,-5481.34,-10.78%,[Trend Breakdown] Death Cross: SMA20 crossed below SMA50. (Market Health: 3.3%)
"Mar 25, 2025",CHCL,SELL,89,476.91,42444.99,739958.15,1043639.5,1783597.65,-5526.01,-11.52%,[Trend Breakdown] Death Cross: SMA20 crossed below SMA50. (Market Health: 3.3%)
"Apr 01, 2025",BPCL,SELL,126,398.66,50231.16,790189.31,989963.5,1780152.81,-3444.84,-6.42%,[Trend Breakdown] Death Cross: SMA20 crossed below SMA50. (Market Health: 16.7%)
"Apr 01, 2025",ALICL,SELL,46,758.99,34913.54,825102.85,954318.1,1779420.95,-731.86,-2.05%,[Trend Breakdown] Death Cross: SMA20 crossed below SMA50. (Market Health: 16.7%)
"Apr 01, 2025",AHPC,SELL,145,252.49,36611.05,861713.9,915443.6,1777157.5,-2263.45,-5.82%,[Trend Breakdown] Death Cross: SMA20 crossed below SMA50. (Market Health: 16.7%)
"Apr 01, 2025",GMFIL,SELL,84,510.2,42856.8,904570.7,867992.0,1772562.7,-4594.8,-9.68%,[Trend Breakdown] Death Cross: SMA20 crossed below SMA50. (Market Health: 16.7%)
"Apr 02, 2025",MBL,SELL,209,227.84,47618.56,952189.26,816996.0,1769185.26,-3377.44,-6.62%,[Trend Breakdown] Death Cross: SMA20 crossed below SMA50. (Market Health: 33.3%)
"Apr 02, 2025",NABIL,SELL,84,485.26,40761.84,992951.1,775155.6,1768106.7,-1078.56,-2.58%,[Trend Breakdown] Death Cross: SMA20 crossed below SMA50. (Market Health: 33.3%)
"Apr 07, 2025",EBL,SELL,66,605.24,39945.84,1032896.94,733410.6,1766307.54,-1799.16,-4.31%,[Trend Breakdown] Death Cross: SMA20 crossed below SMA50. (Market Health: 23.3%)
"Apr 07, 2025",CZBIL,SELL,268,213.17,57129.56,1090026.5,673432.2,1763458.7,-2848.84,-4.75%,[Trend Breakdown] Death Cross: SMA20 crossed below SMA50. (Market Health: 23.3%)
"Apr 07, 2025",GBIME,SELL,167,218.8,36539.6,1126566.1,634521.2,1761087.3,-2371.4,-6.09%,[Trend Breakdown] Death Cross: SMA20 crossed below SMA50. (Market Health: 23.3%)
"Apr 08, 2025",GBBL,SELL,122,389.46,47514.12,1174080.22,583793.6,1757873.82,-3213.48,-6.33%,[Trend Breakdown] Death Cross: SMA20 crossed below SMA50. (Market Health: 23.3%)
"Apr 10, 2025",SANIMA,SELL,157,298.72,46899.04,1220979.26,533114.0,1754093.26,-3780.56,-7.46%,[Trend Breakdown] Death Cross: SMA20 crossed below SMA50. (Market Health: 16.7%)
"Apr 15, 2025",HBL,SELL,241,233.01,56155.41,1277134.67,473346.0,1750480.67,-3612.59,-6.04%,[Trend Breakdown] Death Cross: SMA20 crossed below SMA50. (Market Health: 26.7%)
"Apr 17, 2025",PCBL,SELL,191,262.24,50087.84,1327222.51,422349.0,1749571.51,-909.16,-1.78%,[Trend Breakdown] Death Cross: SMA20 crossed below SMA50. (Market Health: 60.0%)
"Apr 17, 2025",KBL,SELL,198,211.03,41783.94,1369006.45,380491.8,1749498.25,-73.26,-0.18%,[Trend Breakdown] Death Cross: SMA20 crossed below SMA50. (Market Health: 60.0%)
"Apr 20, 2025",NMB,SELL,177,253.39,44850.03,1413856.48,335640.0,1749496.48,-1.77,-0.00%,[Trend Breakdown] Death Cross: SMA20 crossed below SMA50. (Market Health: 43.3%)
"May 06, 2025",NABBC,SELL,25,1628.01,40700.25,1454556.73,299940.0,1754496.73,5000.25,+14.01%,[Trend Breakdown] Death Cross: SMA20 crossed below SMA50. (Market Health: 13.3%)
"May 21, 2025",SANIMA,BUY,143,313.22,44790.46,1409766.27,344730.46,1754496.73,0.0,0.00%,"[Quant Buy] Confidence 75/100: Strong Uptrend, Stable RSI, Positive Momentum, Volume Breakout (Market Health: 43.3%)"
"May 21, 2025",EBL,BUY,56,635.51,35588.56,1374177.71,380319.02,1754496.73,0.0,0.00%,"[Quant Buy] Confidence 60/100: Strong Uptrend, Positive Momentum, Volume Breakout (Market Health: 43.3%)"
"May 22, 2025",CORBL,BUY,17,2176.4,36998.8,1337178.91,417317.82,1754496.73,0.0,0.00%,"[Quant Buy] Confidence 65/100: Strong Uptrend, Stable RSI, Positive Momentum, Healthy Market Index (Market Health: 66.7%)"
"May 27, 2025",BPCL,BUY,84,531.72,44664.48,1292514.43,461982.3,1754496.73,0.0,0.00%,"[Quant Buy] Confidence 75/100: Strong Uptrend, Stable RSI, Positive Momentum, Volume Breakout (Market Health: 53.3%)"
"May 27, 2025",GBIME,BUY,186,241.43,44905.98,1247608.45,506888.28,1754496.73,0.0,0.00%,"[Quant Buy] Confidence 75/100: Strong Uptrend, Positive Momentum, Volume Breakout, Golden Cross (Market Health: 53.3%)"
"May 28, 2025",AHPC,BUY,134,290.73,38957.82,1208650.63,545846.1,1754496.73,0.0,0.00%,"[Quant Buy] Confidence 65/100: Strong Uptrend, Stable RSI, Positive Momentum, Healthy Market Index (Market Health: 66.7%)"
"Jun 02, 2025",GBBL,BUY,135,397.24,53627.4,1155023.23,599473.5,1754496.73,0.0,0.00%,"[Quant Buy] Confidence 90/100: Strong Uptrend, Stable RSI, Volume Breakout, Golden Cross, Healthy Market Index (Market Health: 63.3%)"
"Jun 02, 2025",NABIL,BUY,77,500.78,38560.06,1116463.17,638033.56,1754496.73,0.0,0.00%,"[Quant Buy] Confidence 65/100: Strong Uptrend, Positive Momentum, Golden Cross, Healthy Market Index (Market Health: 63.3%)"
"Jun 03, 2025",ADBL,BUY,123,291.42,35844.66,1080618.51,673878.22,1754496.73,0.0,0.00%,"[Quant Buy] Confidence 60/100: Strong Uptrend, Stable RSI, Golden Cross (Market Health: 50.0%)"
"Jun 03, 2025",KBL,BUY,168,213.56,35878.08,1044740.43,709756.3,1754496.73,0.0,0.00%,"[Quant Buy] Confidence 60/100: Strong Uptrend, Stable RSI, Golden Cross (Market Health: 50.0%)"
"Jun 05, 2025",CZBIL,BUY,171,209.78,35872.38,1008868.05,745628.68,1754496.73,0.0,0.00%,"[Quant Buy] Confidence 60/100: Strong Uptrend, Stable RSI, Golden Cross (Market Health: 40.0%)"
"Jun 09, 2025",CHCL,BUY,65,551.66,35857.9,973010.15,781486.58,1754496.73,0.0,0.00%,"[Quant Buy] Confidence 60/100: Strong Uptrend, Positive Momentum, Volume Breakout (Market Health: 46.7%)"
"Jun 10, 2025",ICFC,BUY,72,622.57,44825.04,928185.11,826311.62,1754496.73,0.0,0.00%,"[Quant Buy] Confidence 75/100: Strong Uptrend, Stable RSI, Positive Momentum, Volume Breakout (Market Health: 50.0%)"
"Jun 17, 2025",BPCL,SELL,84,828.98,69634.32,997819.43,781647.14,1779466.57,24969.84,+55.91%,[Profit Booking] Target Achieved: +55.91% gain. (Market Health: 30.0%)
"Jun 19, 2025",GBBL,SELL,135,389.91,52637.85,1050457.28,728019.74,1778477.02,-989.55,-1.85%,[Trend Breakdown] Death Cross: SMA20 crossed below SMA50. (Market Health: 30.0%)
"Jun 29, 2025",ADBL,SELL,123,286.67,35260.41,1085717.69,692175.08,1777892.77,-584.25,-1.63%,[Trend Breakdown] Death Cross: SMA20 crossed below SMA50. (Market Health: 43.3%)
"Jul 02, 2025",NABBC,BUY,23,1653.82,38037.86,1047679.83,730212.94,1777892.77,0.0,0.00%,"[Quant Buy] Confidence 65/100: Strong Uptrend, Stable RSI, Positive Momentum, Healthy Market Index (Market Health: 70.0%)"
"Jul 03, 2025",ADBL,BUY,169,300.74,50825.06,996854.77,781038.0,1777892.77,0.0,0.00%,"[Quant Buy] Confidence 85/100: Strong Uptrend, Positive Momentum, Volume Breakout, Golden Cross, Healthy Market Index (Market Health: 86.7%)"
"Jul 06, 2025",JFL,BUY,98,517.52,50716.96,946137.81,831754.96,1777892.77,0.0,0.00%,"[Quant Buy] Confidence 85/100: Strong Uptrend, Positive Momentum, Volume Breakout, Golden Cross, Healthy Market Index (Market Health: 86.7%)"
"Jul 06, 2025",NMB,BUY,153,253.27,38750.31,907387.5,870505.27,1777892.77,0.0,0.00%,"[Quant Buy] Confidence 65/100: Strong Uptrend, Positive Momentum, Golden Cross, Healthy Market Index (Market Health: 86.7%)"
"Jul 07, 2025",GMFIL,BUY,99,484.62,47977.38,859410.12,918482.65,1777892.77,0.0,0.00%,"[Quant Buy] Confidence 80/100: Strong Uptrend, Stable RSI, Positive Momentum, Golden Cross, Healthy Market Index (Market Health: 76.7%)"
"Jul 07, 2025",MBL,BUY,212,225.79,47867.48,811542.64,966350.13,1777892.77,0.0,0.00%,"[Quant Buy] Confidence 80/100: Strong Uptrend, Stable RSI, Positive Momentum, Golden Cross, Healthy Market Index (Market Health: 76.7%)"
"Jul 08, 2025",SBI,BUY,117,407.66,47696.22,763846.42,1014046.35,1777892.77,0.0,0.00%,"[Quant Buy] Confidence 80/100: Strong Uptrend, Stable RSI, Positive Momentum, Golden Cross, Healthy Market Index (Market Health: 83.3%)"
"Jul 08, 2025",BPCL,BUY,46,835.94,38453.24,725393.18,1052499.59,1777892.77,0.0,0.00%,"[Quant Buy] Confidence 65/100: Strong Uptrend, Stable RSI, Positive Momentum, Healthy Market Index (Market Health: 83.3%)"
"Jul 08, 2025",PCBL,BUY,151,257.22,38840.22,686552.96,1091339.81,1777892.77,0.0,0.00%,"[Quant Buy] Confidence 65/100: Strong Uptrend, Positive Momentum, Golden Cross, Healthy Market Index (Market Health: 83.3%)"
"Jul 09, 2025",AHPC,SELL,134,287.12,38474.08,725027.04,1052381.99,1777409.03,-483.74,-1.24%,[Trend Breakdown] Death Cross: SMA20 crossed below SMA50. (Market Health: 86.7%)
"Jul 13, 2025",GBBL,BUY,121,418.51,50639.71,674387.33,1103021.7,1777409.03,0.0,0.00%,"[Quant Buy] Confidence 85/100: Strong Uptrend, Positive Momentum, Volume Breakout, Golden Cross, Healthy Market Index (Market Health: 83.3%)"
"Jul 16, 2025",HBL,BUY,214,237.3,50782.2,623605.13,1153803.9,1777409.03,0.0,0.00%,"[Quant Buy] Confidence 85/100: Strong Uptrend, Positive Momentum, Volume Breakout, Golden Cross, Healthy Market Index (Market Health: 90.0%)"
"Jul 16, 2025",PROFL,BUY,74,521.87,38618.38,584986.75,1192422.28,1777409.03,0.0,0.00%,"[Quant Buy] Confidence 65/100: Strong Uptrend, Positive Momentum, Golden Cross, Healthy Market Index (Market Health: 90.0%)"
"Jul 17, 2025",CIT,BUY,25,2000.87,50021.75,534965.0,1242444.03,1777409.03,0.0,0.00%,"[Quant Buy] Confidence 85/100: Strong Uptrend, Positive Momentum, Volume Breakout, Golden Cross, Healthy Market Index (Market Health: 96.7%)"
"Jul 17, 2025",EDBL,BUY,77,657.42,50621.34,484343.66,1293065.37,1777409.03,0.0,0.00%,"[Quant Buy] Confidence 85/100: Strong Uptrend, Positive Momentum, Volume Breakout, Golden Cross, Healthy Market Index (Market Health: 96.7%)"
"Jul 17, 2025",GFCL,BUY,70,724.47,50712.9,433630.76,1343778.27,1777409.03,0.0,0.00%,"[Quant Buy] Confidence 85/100: Strong Uptrend, Positive Momentum, Volume Breakout, Golden Cross, Healthy Market Index (Market Health: 96.7%)"
"Jul 17, 2025",JBBL,BUY,141,359.93,50750.13,382880.63,1394528.4,1777409.03,0.0,0.00%,"[Quant Buy] Confidence 85/100: Strong Uptrend, Positive Momentum, Volume Breakout, Golden Cross, Healthy Market Index (Market Health: 96.7%)"
"Jul 21, 2025",CFCL,BUY,86,554.49,47686.14,335194.49,1442214.54,1777409.03,0.0,0.00%,"[Quant Buy] Confidence 80/100: Strong Uptrend, Stable RSI, Positive Momentum, Golden Cross, Healthy Market Index (Market Health: 93.3%)"
"Jul 24, 2025",AHPC,BUY,157,323.5,50789.5,284404.99,1493004.04,1777409.03,0.0,0.00%,"[Quant Buy] Confidence 85/100: Strong Uptrend, Positive Momentum, Volume Breakout, Golden Cross, Healthy Market Index (Market Health: 90.0%)"
"Jul 27, 2025",CORBL,SELL,17,2007.81,34132.77,318537.76,1456005.24,1774543.0,-2866.03,-7.75%,[Trend Breakdown] Death Cross: SMA20 crossed below SMA50. (Market Health: 90.0%)
"Jul 28, 2025",LICN,BUY,50,942.75,47137.5,271400.26,1503142.74,1774543.0,0.0,0.00%,"[Quant Buy] Confidence 80/100: Strong Uptrend, Stable RSI, Positive Momentum, Golden Cross, Healthy Market Index (Market Health: 90.0%)"
"Jul 28, 2025",NHPC,BUY,192,225.04,43207.68,228192.58,1546350.42,1774543.0,0.0,0.00%,"[Quant Buy] Confidence 80/100: Strong Uptrend, Stable RSI, Positive Momentum, Golden Cross, Healthy Market Index (Market Health: 90.0%)"
"Aug 13, 2025",NABBC,SELL,23,1586.99,36500.77,264693.35,1508312.56,1773005.91,-1537.09,-4.04%,[Trend Breakdown] Death Cross: SMA20 crossed below SMA50. (Market Health: 40.0%)
"Aug 14, 2025",CHCL,SELL,65,523.31,34015.15,298708.5,1472454.66,1771163.16,-1842.75,-5.14%,[Trend Breakdown] Death Cross: SMA20 crossed below SMA50. (Market Health: 33.3%)
"Aug 21, 2025",LICN,SELL,50,863.46,43173.0,341881.5,1425317.16,1767198.66,-3964.5,-8.41%,[Trend Breakdown] Death Cross: SMA20 crossed below SMA50. (Market Health: 30.0%)
"Aug 21, 2025",NHPC,SELL,192,209.02,40131.84,382013.34,1382109.48,1764122.82,-3075.84,-7.12%,[Trend Breakdown] Death Cross: SMA20 crossed below SMA50. (Market Health: 30.0%)
"Aug 24, 2025",SBI,SELL,117,382.98,44808.66,426822.0,1334413.26,1761235.26,-2887.56,-6.05%,[Trend Breakdown] Death Cross: SMA20 crossed below SMA50. (Market Health: 23.3%)
"Aug 24, 2025",HBL,SELL,214,210.03,44946.42,471768.42,1283631.06,1755399.48,-5835.78,-11.49%,[Trend Breakdown] Death Cross: SMA20 crossed below SMA50. (Market Health: 23.3%)
"Aug 25, 2025",KBL,SELL,168,201.39,33833.52,505601.94,1247752.98,1753354.92,-2044.56,-5.70%,[Trend Breakdown] Death Cross: SMA20 crossed below SMA50. (Market Health: 26.7%)
"Aug 26, 2025",JFL,SELL,98,464.64,45534.72,551136.66,1197036.02,1748172.68,-5182.24,-10.22%,[Trend Breakdown] Death Cross: SMA20 crossed below SMA50. (Market Health: 30.0%)
"Aug 26, 2025",GMFIL,SELL,99,480.42,47561.58,598698.24,1149058.64,1747756.88,-415.8,-0.87%,[Trend Breakdown] Death Cross: SMA20 crossed below SMA50. (Market Health: 30.0%)
"Aug 26, 2025",BPCL,SELL,46,835.7,38442.2,637140.44,1110605.4,1747745.84,-11.04,-0.03%,[Trend Breakdown] Death Cross: SMA20 crossed below SMA50. (Market Health: 30.0%)
"Aug 26, 2025",PCBL,SELL,151,256.23,38690.73,675831.17,1071765.18,1747596.35,-149.49,-0.38%,[Trend Breakdown] Death Cross: SMA20 crossed below SMA50. (Market Health: 30.0%)
"Aug 26, 2025",CFCL,SELL,86,505.31,43456.66,719287.83,1024079.04,1743366.87,-4229.48,-8.87%,[Trend Breakdown] Death Cross: SMA20 crossed below SMA50. (Market Health: 30.0%)
"Aug 27, 2025",CZBIL,SELL,171,211.08,36094.68,755382.51,988206.66,1743589.17,222.3,+0.62%,[Trend Breakdown] Death Cross: SMA20 crossed below SMA50. (Market Health: 40.0%)
"Aug 27, 2025",PROFL,SELL,74,500.72,37053.28,792435.79,949588.28,1742024.07,-1565.1,-4.05%,[Trend Breakdown] Death Cross: SMA20 crossed below SMA50. (Market Health: 40.0%)
"Aug 27, 2025",GFCL,SELL,70,639.3,44751.0,837186.79,898875.38,1736062.17,-5961.9,-11.76%,[Trend Breakdown] Death Cross: SMA20 crossed below SMA50. (Market Health: 40.0%)
"Aug 28, 2025",NMB,SELL,153,250.61,38343.33,875530.12,860125.07,1735655.19,-406.98,-1.05%,[Trend Breakdown] Death Cross: SMA20 crossed below SMA50. (Market Health: 30.0%)
"Aug 28, 2025",CIT,SELL,25,1925.61,48140.25,923670.37,810103.32,1733773.69,-1881.5,-3.76%,[Trend Breakdown] Death Cross: SMA20 crossed below SMA50. (Market Health: 30.0%)
"Aug 31, 2025",JBBL,SELL,141,331.43,46731.63,970402.0,759353.19,1729755.19,-4018.5,-7.92%,[Trend Breakdown] Death Cross: SMA20 crossed below SMA50. (Market Health: 23.3%)
"Sep 01, 2025",AHPC,SELL,157,288.67,45321.19,1015723.19,708563.69,1724286.88,-5468.31,-10.77%,[Trend Breakdown] Death Cross: SMA20 crossed below SMA50. (Market Health: 26.7%)
"Sep 03, 2025",GBIME,SELL,186,249.89,46479.54,1062202.73,663657.71,1725860.44,1573.56,+3.50%,[Trend Breakdown] Death Cross: SMA20 crossed below SMA50. (Market Health: 16.7%)
"Sep 04, 2025",NABIL,SELL,77,517.58,39853.66,1102056.39,625097.65,1727154.04,1293.6,+3.35%,[Trend Breakdown] Death Cross: SMA20 crossed below SMA50. (Market Health: 16.7%)
"Sep 04, 2025",GBBL,SELL,121,429.4,51957.4,1154013.79,574457.94,1728471.73,1317.69,+2.60%,[Trend Breakdown] Death Cross: SMA20 crossed below SMA50. (Market Health: 16.7%)
"Sep 04, 2025",EDBL,SELL,77,621.27,47837.79,1201851.58,523836.6,1725688.18,-2783.55,-5.50%,[Trend Breakdown] Death Cross: SMA20 crossed below SMA50. (Market Health: 16.7%)
"Sep 18, 2025",MBL,SELL,212,225.0,47700.0,1249551.58,475969.12,1725520.7,-167.48,-0.35%,[Trend Breakdown] Death Cross: SMA20 crossed below SMA50. (Market Health: 0.0%)
"Sep 23, 2025",SANIMA,SELL,143,343.0,49049.0,1298600.58,431178.66,1729779.24,4258.54,+9.51%,[Trend Breakdown] Death Cross: SMA20 crossed below SMA50. (Market Health: 10.0%)
"Sep 24, 2025",ICFC,SELL,72,658.5,47412.0,1346012.58,386353.62,1732366.2,2586.96,+5.77%,[Trend Breakdown] Death Cross: SMA20 crossed below SMA50. (Market Health: 3.3%)
"Sep 24, 2025",ADBL,SELL,169,316.0,53404.0,1399416.58,335528.56,1734945.14,2578.94,+5.07%,[Trend Breakdown] Death Cross: SMA20 crossed below SMA50. (Market Health: 3.3%)
"Oct 12, 2025",EBL,SELL,56,652.0,36512.0,1435928.58,299940.0,1735868.58,923.44,+2.59%,[Trend Breakdown] Death Cross: SMA20 crossed below SMA50. (Market Health: 0.0%)
"Nov 25, 2025",NABBC,BUY,49,901.6,44178.4,1391750.18,344118.4,1735868.58,0.0,0.00%,"[Quant Buy] Confidence 75/100: Strong Uptrend, Positive Momentum, Volume Breakout, Golden Cross (Market Health: 40.0%)"
"Nov 25, 2025",LICN,BUY,37,950.0,35150.0,1356600.18,379268.4,1735868.58,0.0,0.00%,"[Quant Buy] Confidence 60/100: Strong Uptrend, Positive Momentum, Volume Breakout (Market Health: 40.0%)"
"Nov 26, 2025",ALICL,BUY,85,491.0,41735.0,1314865.18,421003.4,1735868.58,0.0,0.00%,"[Quant Buy] Confidence 70/100: Strong Uptrend, Stable RSI, Positive Momentum, Golden Cross (Market Health: 43.3%)"
"Nov 27, 2025",PCBL,BUY,175,257.0,44975.0,1269890.18,465978.4,1735868.58,0.0,0.00%,"[Quant Buy] Confidence 75/100: Strong Uptrend, Positive Momentum, Volume Breakout, Golden Cross (Market Health: 56.7%)"
"Nov 27, 2025",SBI,BUY,110,406.8,44748.0,1225142.18,510726.4,1735868.58,0.0,0.00%,"[Quant Buy] Confidence 75/100: Strong Uptrend, Stable RSI, Positive Momentum, Volume Breakout (Market Health: 56.7%)"
"Dec 01, 2025",ALICL,SELL,85,479.5,40757.5,1265899.68,468991.4,1734891.08,-977.5,-2.34%,[Trend Breakdown] Death Cross: SMA20 crossed below SMA50. (Market Health: 43.3%)
"Dec 01, 2025",GMFIL,BUY,95,470.0,44650.0,1221249.68,513641.4,1734891.08,0.0,0.00%,"[Quant Buy] Confidence 75/100: Strong Uptrend, Stable RSI, Positive Momentum, Volume Breakout (Market Health: 43.3%)"
"Dec 17, 2025",ICFC,BUY,66,633.0,41778.0,1179471.68,555419.4,1734891.08,0.0,0.00%,"[Quant Buy] Confidence 70/100: Strong Uptrend, Stable RSI, Positive Momentum, Golden Cross (Market Health: 50.0%)"
"Dec 28, 2025",CHCL,BUY,71,504.9,35847.9,1143623.78,591267.3,1734891.08,0.0,0.00%,"[Quant Buy] Confidence 60/100: Strong Uptrend, Positive Momentum, Volume Breakout (Market Health: 46.7%)"
GRAND TOTAL,ALL,SUMMARY,145686,,52473272.94,,,,1134951.08,,"Total Turnover: NPR 52,473,272.94, Total Realized P/L: NPR 1,134,951.08"
