Date,Stock Name,Action,Quantity,Price,Amount,Cash,TMS Khata Value,Portfolio Value,Profit/Loss,Gain %,Reason
"Jan 01, 2015",ADBL,SELL,15,479.0,7185.0,(60.0 + 7185.0 = 7245.0),596310.0,865440.0,3615.0,+101.26%,[Profit Booking] Target Achieved: +101.26% gain. (Market Health: 33.3%)
"Jan 01, 2015",ALICL,SELL,15,1112.0,16680.0,23925.0,592725.0,865440.0,13095.0,+365.27%,[Profit Booking] Target Achieved: +365.27% gain. (Market Health: 33.3%)
"Jan 01, 2015",BPCL,SELL,15,555.0,8325.0,32250.0,580650.0,865440.0,-3750.0,-31.06%,[Stop Loss] Stop-Loss hit at -31.06%. (Market Health: 33.3%)
"Jan 01, 2015",CIT,SELL,15,2980.0,44700.0,76950.0,559650.0,865440.0,23700.0,+112.86%,[Profit Booking] Target Achieved: +112.86% gain. (Market Health: 33.3%)
"Jan 01, 2015",LICN,SELL,75,3080.0,231000.0,307950.0,488205.0,865440.0,159555.0,+223.33%,[Profit Booking] Target Achieved: +223.33% gain. (Market Health: 33.3%)
"Jan 01, 2015",MBL,SELL,15,550.0,8250.0,316200.0,484755.0,865440.0,4800.0,+139.13%,[Profit Booking] Target Achieved: +139.13% gain. (Market Health: 33.3%)
"Jan 01, 2015",NHPC,SELL,30,123.0,3690.0,319890.0,483105.0,865440.0,2040.0,+123.64%,[Profit Booking] Target Achieved: +123.64% gain. (Market Health: 33.3%)
"Jan 04, 2015",CFCL,SELL,15,153.0,2295.0,322185.0,480150.0,864465.0,-660.0,-22.34%,[Stop Loss] Stop-Loss hit at -22.34%. (Market Health: 39.1%)
"Jan 04, 2015",SANIMA,SELL,30,540.0,16200.0,338385.0,472185.0,864465.0,8235.0,+103.39%,[Profit Booking] Target Achieved: +103.39% gain. (Market Health: 39.1%)
"Jan 05, 2015",MBL,BUY,80,560.0,44800.0,293585.0,516985.0,863730.0,0.0,0.00%,"[Quant Buy] Confidence 75/100: Strong Uptrend, Stable RSI, Positive Momentum, Volume Breakout (Market Health: 47.6%)"
"Jan 05, 2015",ADBL,BUY,84,487.0,40908.0,252677.0,557893.0,863730.0,0.0,0.00%,"[Quant Buy] Confidence 70/100: Strong Uptrend, Stable RSI, Positive Momentum, Golden Cross (Market Health: 47.6%)"
"Jan 08, 2015",CFCL,BUY,234,151.0,35334.0,217343.0,593227.0,857489.0,0.0,0.00%,"[Quant Buy] Confidence 70/100: Strong Uptrend, Stable RSI, Positive Momentum, Golden Cross (Market Health: 54.5%)"
"Jan 11, 2015",PCBL,SELL,15,446.0,6690.0,224033.0,588427.0,868705.0,1890.0,+39.38%,[Trend Breakdown] Death Cross: SMA20 crossed below SMA50. (Market Health: 54.2%)
"Jan 13, 2015",ALICL,BUY,30,1230.0,36900.0,187133.0,625327.0,862367.0,0.0,0.00%,"[Quant Buy] Confidence 85/100: Strong Uptrend, Positive Momentum, Volume Breakout, Golden Cross, Healthy Market Index (Market Health: 71.4%)"
"Jan 13, 2015",SANIMA,BUY,44,546.0,24024.0,163109.0,649351.0,862367.0,0.0,0.00%,"[Quant Buy] Confidence 65/100: Strong Uptrend, Stable RSI, Positive Momentum, Healthy Market Index (Market Health: 71.4%)"
"Jan 18, 2015",ICFC,SELL,45,255.0,11475.0,174584.0,643651.0,867825.0,5775.0,+101.32%,[Profit Booking] Target Achieved: +101.32% gain. (Market Health: 69.6%)
"Jan 19, 2015",EDBL,SELL,15,555.0,8325.0,182909.0,639556.0,889101.0,4230.0,+103.30%,[Profit Booking] Target Achieved: +103.30% gain. (Market Health: 84.0%)
"Jan 19, 2015",GBBL,SELL,15,368.0,5520.0,188429.0,636856.0,889101.0,2820.0,+104.44%,[Profit Booking] Target Achieved: +104.44% gain. (Market Health: 84.0%)
"Jan 19, 2015",JBBL,SELL,165,160.0,26400.0,214829.0,623716.0,889101.0,13260.0,+100.91%,[Profit Booking] Target Achieved: +100.91% gain. (Market Health: 84.0%)
"Jan 25, 2015",GBBL,BUY,107,340.0,36380.0,178449.0,660096.0,873585.0,0.0,0.00%,"[Quant Buy] Confidence 85/100: Strong Uptrend, Stable RSI, Positive Momentum, Volume Breakout, Healthy Market Index (Market Health: 82.6%)"
"Jan 25, 2015",NHPC,BUY,198,126.0,24948.0,153501.0,685044.0,873585.0,0.0,0.00%,"[Quant Buy] Confidence 70/100: Strong Uptrend, Stable RSI, Golden Cross, Healthy Market Index (Market Health: 82.6%)"
"Jan 27, 2015",GFCL,SELL,15,253.0,3795.0,157296.0,683454.0,892325.0,2205.0,+138.68%,[Profit Booking] Target Achieved: +138.68% gain. (Market Health: 84.0%)
"Jan 27, 2015",JBBL,BUY,150,167.0,25050.0,132246.0,708504.0,892325.0,0.0,0.00%,"[Quant Buy] Confidence 80/100: Strong Uptrend, Stable RSI, Positive Momentum, Golden Cross, Healthy Market Index (Market Health: 84.0%)"
"Jan 29, 2015",SBI,SELL,15,997.0,14955.0,147201.0,695694.0,895712.0,2145.0,+16.74%,[Trend Breakdown] Death Cross: SMA20 crossed below SMA50. (Market Health: 91.3%)
"Feb 01, 2015",BPCL,BUY,45,648.0,29160.0,118041.0,724854.0,903173.0,0.0,0.00%,"[Quant Buy] Confidence 100/100: Strong Uptrend, Stable RSI, Positive Momentum, Volume Breakout, Golden Cross, Healthy Market Index (Market Health: 88.0%)"
"Feb 04, 2015",GFCL,BUY,78,225.0,17550.0,100491.0,742404.0,898244.0,0.0,0.00%,"[Quant Buy] Confidence 75/100: Strong Uptrend, Stable RSI, Volume Breakout, Healthy Market Index (Market Health: 84.6%)"
"Feb 11, 2015",GBIME,SELL,15,482.0,7230.0,107721.0,736239.0,886048.0,1065.0,+17.27%,[Trend Breakdown] Death Cross: SMA20 crossed below SMA50. (Market Health: 91.3%)
"Feb 11, 2015",ICFC,BUY,61,280.0,17080.0,90641.0,753319.0,886048.0,0.0,0.00%,"[Quant Buy] Confidence 80/100: Strong Uptrend, Stable RSI, Positive Momentum, Golden Cross, Healthy Market Index (Market Health: 91.3%)"
"Feb 23, 2015",AHPC,SELL,15,348.0,5220.0,95861.0,748489.0,885652.0,390.0,+8.07%,[Trend Breakdown] Death Cross: SMA20 crossed below SMA50. (Market Health: 65.2%)
"Feb 25, 2015",CHCL,SELL,15,1600.0,24000.0,119861.0,731239.0,896136.0,6750.0,+39.13%,[Trend Breakdown] Death Cross: SMA20 crossed below SMA50. (Market Health: 62.5%)
"Feb 26, 2015",ADBL,SELL,84,475.0,39900.0,159761.0,690331.0,901179.0,-1008.0,-2.46%,[Trend Breakdown] Death Cross: SMA20 crossed below SMA50. (Market Health: 52.2%)
"Mar 01, 2015",NHPC,SELL,198,120.0,23760.0,183521.0,665383.0,899126.0,-1188.0,-4.76%,[Trend Breakdown] Death Cross: SMA20 crossed below SMA50. (Market Health: 54.5%)
"Mar 11, 2015",NHPC,BUY,244,135.0,32940.0,150581.0,698323.0,902999.0,0.0,0.00%,"[Quant Buy] Confidence 90/100: Strong Uptrend, Stable RSI, Positive Momentum, Volume Breakout, Golden Cross (Market Health: 52.2%)"
"Mar 16, 2015",GBBL,SELL,107,328.0,35096.0,185677.0,661943.0,882009.0,-1284.0,-3.53%,[Trend Breakdown] Death Cross: SMA20 crossed below SMA50. (Market Health: 27.3%)
"Mar 18, 2015",KBL,SELL,15,381.0,5715.0,191392.0,657713.0,893478.0,1485.0,+35.11%,[Trend Breakdown] Death Cross: SMA20 crossed below SMA50. (Market Health: 36.0%)
"Mar 18, 2015",NABIL,SELL,15,1901.0,28515.0,219907.0,632813.0,893478.0,3615.0,+14.52%,[Trend Breakdown] Death Cross: SMA20 crossed below SMA50. (Market Health: 36.0%)
"Mar 18, 2015",SANIMA,SELL,44,547.0,24068.0,243975.0,608789.0,893478.0,44.0,+0.18%,[Trend Breakdown] Death Cross: SMA20 crossed below SMA50. (Market Health: 36.0%)
"Mar 18, 2015",GFCL,SELL,78,226.0,17628.0,261603.0,591239.0,893478.0,78.0,+0.44%,[Trend Breakdown] Death Cross: SMA20 crossed below SMA50. (Market Health: 36.0%)
"Mar 24, 2015",HBL,SELL,15,860.0,12900.0,274503.0,579164.0,884977.0,825.0,+6.83%,[Trend Breakdown] Death Cross: SMA20 crossed below SMA50. (Market Health: 17.4%)
"Mar 24, 2015",BPCL,SELL,45,600.0,27000.0,301503.0,550004.0,884977.0,-2160.0,-7.41%,[Trend Breakdown] Death Cross: SMA20 crossed below SMA50. (Market Health: 17.4%)
"Mar 25, 2015",CZBIL,SELL,15,446.0,6690.0,308193.0,545729.0,882843.0,2415.0,+56.49%,[Trend Breakdown] Death Cross: SMA20 crossed below SMA50. (Market Health: 13.0%)
"Mar 26, 2015",MBL,SELL,80,547.0,43760.0,351953.0,500929.0,876402.0,-1040.0,-2.32%,[Trend Breakdown] Death Cross: SMA20 crossed below SMA50. (Market Health: 9.1%)
"Mar 30, 2015",ALICL,SELL,30,1230.0,36900.0,388853.0,464029.0,876570.0,0.0,+0.00%,[Trend Breakdown] Death Cross: SMA20 crossed below SMA50. (Market Health: 8.7%)
"Apr 01, 2015",EBL,SELL,15,2068.0,31020.0,419873.0,443644.0,884043.0,10635.0,+52.17%,[Trend Breakdown] Death Cross: SMA20 crossed below SMA50. (Market Health: 14.3%)
"Apr 01, 2015",JFL,SELL,60,366.0,21960.0,441833.0,427204.0,884043.0,5520.0,+33.58%,[Trend Breakdown] Death Cross: SMA20 crossed below SMA50. (Market Health: 14.3%)
"Apr 13, 2015",JBBL,SELL,150,173.0,25950.0,467783.0,402154.0,878495.0,900.0,+3.59%,[Trend Breakdown] Death Cross: SMA20 crossed below SMA50. (Market Health: 20.0%)
"Apr 16, 2015",ICFC,SELL,61,270.0,16470.0,484253.0,385074.0,877183.0,-610.0,-3.57%,[Trend Breakdown] Death Cross: SMA20 crossed below SMA50. (Market Health: 15.0%)
"Apr 22, 2015",NHPC,SELL,244,122.0,29768.0,514021.0,352134.0,876685.0,-3172.0,-9.63%,[Trend Breakdown] Death Cross: SMA20 crossed below SMA50. (Market Health: 27.3%)
"May 24, 2015",CFCL,SELL,234,172.0,40248.0,554269.0,316800.0,871069.0,4914.0,+13.91%,[Trend Breakdown] Death Cross: SMA20 crossed below SMA50. (Market Health: 0.0%)
"Jun 24, 2015",SANIMA,BUY,75,556.0,41700.0,512569.0,358500.0,871594.0,0.0,0.00%,"[Quant Buy] Confidence 70/100: Strong Uptrend, Stable RSI, Positive Momentum, Golden Cross (Market Health: 43.5%)"
"Jun 24, 2015",CZBIL,BUY,80,450.0,36000.0,476569.0,394500.0,871594.0,0.0,0.00%,"[Quant Buy] Confidence 60/100: Strong Uptrend, Stable RSI, Golden Cross (Market Health: 43.5%)"
"Jun 29, 2015",NABIL,BUY,23,1905.0,43815.0,432754.0,438315.0,871834.0,0.0,0.00%,"[Quant Buy] Confidence 75/100: Strong Uptrend, Stable RSI, Positive Momentum, Volume Breakout (Market Health: 54.5%)"
"Jun 29, 2015",EBL,BUY,20,2100.0,42000.0,390754.0,480315.0,871834.0,0.0,0.00%,"[Quant Buy] Confidence 70/100: Strong Uptrend, Stable RSI, Positive Momentum, Golden Cross (Market Health: 54.5%)"
"Jun 29, 2015",SBI,BUY,46,896.0,41216.0,349538.0,521531.0,871834.0,0.0,0.00%,"[Quant Buy] Confidence 70/100: Strong Uptrend, Stable RSI, Positive Momentum, Golden Cross (Market Health: 54.5%)"
"Jun 30, 2015",LICN,BUY,15,2850.0,42750.0,306788.0,564281.0,872131.0,0.0,0.00%,"[Quant Buy] Confidence 75/100: Strong Uptrend, Positive Momentum, Volume Breakout, Golden Cross (Market Health: 57.1%)"
"Jul 07, 2015",CHCL,BUY,25,1530.0,38250.0,268538.0,602531.0,871383.0,0.0,0.00%,"[Quant Buy] Confidence 65/100: Strong Uptrend, Stable RSI, Volume Breakout (Market Health: 45.8%)"
"Jul 09, 2015",KBL,BUY,106,379.0,40174.0,228364.0,642705.0,870911.0,0.0,0.00%,"[Quant Buy] Confidence 75/100: Strong Uptrend, Stable RSI, Positive Momentum, Volume Breakout (Market Health: 57.9%)"
"Jul 09, 2015",MBL,BUY,60,563.0,33780.0,194584.0,676485.0,870911.0,0.0,0.00%,"[Quant Buy] Confidence 75/100: Strong Uptrend, Stable RSI, Positive Momentum, Volume Breakout (Market Health: 57.9%)"
"Jul 14, 2015",PCBL,BUY,65,445.0,28925.0,165659.0,705410.0,872249.0,0.0,0.00%,"[Quant Buy] Confidence 75/100: Strong Uptrend, Stable RSI, Positive Momentum, Volume Breakout (Market Health: 54.2%)"
"Jul 16, 2015",BPCL,BUY,45,617.0,27765.0,137894.0,733175.0,880506.0,0.0,0.00%,"[Quant Buy] Confidence 85/100: Strong Uptrend, Stable RSI, Positive Momentum, Volume Breakout, Healthy Market Index (Market Health: 72.0%)"
"Jul 16, 2015",HBL,BUY,23,813.0,18699.0,119195.0,751874.0,880506.0,0.0,0.00%,"[Quant Buy] Confidence 70/100: Strong Uptrend, Stable RSI, Golden Cross, Healthy Market Index (Market Health: 72.0%)"
"Jul 26, 2015",GBIME,BUY,39,511.0,19929.0,99266.0,771803.0,937806.0,0.0,0.00%,"[Quant Buy] Confidence 85/100: Strong Uptrend, Positive Momentum, Volume Breakout, Golden Cross, Healthy Market Index (Market Health: 100.0%)"
"Jul 26, 2015",NHPC,BUY,121,131.0,15851.0,83415.0,787654.0,937806.0,0.0,0.00%,"[Quant Buy] Confidence 80/100: Strong Uptrend, Stable RSI, Positive Momentum, Golden Cross, Healthy Market Index (Market Health: 100.0%)"
"Jul 26, 2015",ADBL,BUY,21,511.0,10731.0,72684.0,798385.0,937806.0,0.0,0.00%,"[Quant Buy] Confidence 65/100: Strong Uptrend, Positive Momentum, Golden Cross, Healthy Market Index (Market Health: 100.0%)"
"Jul 26, 2015",JBBL,BUY,45,209.0,9405.0,63279.0,807790.0,937806.0,0.0,0.00%,"[Quant Buy] Confidence 65/100: Strong Uptrend, Positive Momentum, Golden Cross, Healthy Market Index (Market Health: 100.0%)"
"Jul 28, 2015",JFL,BUY,23,431.0,9913.0,53366.0,817703.0,917577.0,0.0,0.00%,"[Quant Buy] Confidence 80/100: Strong Uptrend, Stable RSI, Positive Momentum, Golden Cross, Healthy Market Index (Market Health: 91.3%)"
"Jul 28, 2015",CFCL,BUY,33,208.0,6864.0,46502.0,824567.0,917577.0,0.0,0.00%,"[Quant Buy] Confidence 65/100: Strong Uptrend, Positive Momentum, Golden Cross, Healthy Market Index (Market Health: 91.3%)"
"Aug 02, 2015",JBBL,SELL,45,173.0,7785.0,54287.0,815162.0,929493.0,-1620.0,-17.22%,[Stop Loss] Stop-Loss hit at -17.22%. (Market Health: 85.0%)
"Aug 04, 2015",ICFC,BUY,28,270.0,7560.0,46727.0,822722.0,925241.0,0.0,0.00%,"[Quant Buy] Confidence 70/100: Strong Uptrend, Stable RSI, Golden Cross, Healthy Market Index (Market Health: 87.0%)"
"Aug 05, 2015",BPCL,SELL,45,600.0,27000.0,73727.0,794957.0,928109.0,-765.0,-2.76%,[Trend Breakdown] Death Cross: SMA20 crossed below SMA50. (Market Health: 87.0%)
"Aug 06, 2015",EDBL,BUY,21,624.0,13104.0,60623.0,808061.0,931566.0,0.0,0.00%,"[Quant Buy] Confidence 90/100: Strong Uptrend, Stable RSI, Volume Breakout, Golden Cross, Healthy Market Index (Market Health: 87.0%)"
"Aug 06, 2015",JBBL,BUY,51,175.0,8925.0,51698.0,816986.0,931566.0,0.0,0.00%,"[Quant Buy] Confidence 75/100: Strong Uptrend, Stable RSI, Volume Breakout, Healthy Market Index (Market Health: 87.0%)"
"Aug 11, 2015",GFCL,BUY,35,232.0,8120.0,43578.0,825106.0,948753.0,0.0,0.00%,"[Quant Buy] Confidence 80/100: Strong Uptrend, Stable RSI, Positive Momentum, Golden Cross, Healthy Market Index (Market Health: 70.8%)"
"Aug 19, 2015",NHPC,SELL,121,114.0,13794.0,57372.0,809255.0,1029999.0,-2057.0,-12.98%,[Trend Breakdown] Death Cross: SMA20 crossed below SMA50. (Market Health: 82.6%)
"Aug 20, 2015",CHCL,SELL,25,1495.0,37375.0,94747.0,771005.0,1034453.0,-875.0,-2.29%,[Trend Breakdown] Death Cross: SMA20 crossed below SMA50. (Market Health: 85.7%)
"Aug 20, 2015",BPCL,BUY,19,629.0,11951.0,82796.0,782956.0,1034453.0,0.0,0.00%,"[Quant Buy] Confidence 65/100: Strong Uptrend, Stable RSI, Positive Momentum, Healthy Market Index (Market Health: 85.7%)"
"Aug 27, 2015",BPCL,SELL,19,634.0,12046.0,94842.0,771005.0,1022195.0,95.0,+0.79%,[Trend Breakdown] Death Cross: SMA20 crossed below SMA50. (Market Health: 87.0%)
"Sep 06, 2015",BPCL,BUY,24,632.0,15168.0,79674.0,786173.0,1007862.0,0.0,0.00%,"[Quant Buy] Confidence 80/100: Strong Uptrend, Stable RSI, Positive Momentum, Golden Cross, Healthy Market Index (Market Health: 75.0%)"
"Sep 09, 2015",JFL,SELL,23,365.0,8395.0,88069.0,776260.0,1010147.0,-1518.0,-15.31%,[Stop Loss] Stop-Loss hit at -15.31%. (Market Health: 78.3%)
"Sep 16, 2015",MBL,SELL,60,566.0,33960.0,122029.0,742480.0,1029618.0,180.0,+0.53%,[Trend Breakdown] Death Cross: SMA20 crossed below SMA50. (Market Health: 79.2%)
"Oct 04, 2015",ADBL,SELL,21,451.0,9471.0,131500.0,731749.0,997734.0,-1260.0,-11.74%,[Trend Breakdown] Death Cross: SMA20 crossed below SMA50. (Market Health: 60.0%)
"Oct 06, 2015",BPCL,SELL,24,590.0,14160.0,145660.0,716581.0,983725.0,-1008.0,-6.65%,[Trend Breakdown] Death Cross: SMA20 crossed below SMA50. (Market Health: 47.6%)
"Oct 11, 2015",CZBIL,SELL,80,530.0,42400.0,188060.0,680581.0,972685.0,6400.0,+17.78%,[Trend Breakdown] Death Cross: SMA20 crossed below SMA50. (Market Health: 47.6%)
"Oct 15, 2015",GFCL,SELL,35,212.0,7420.0,195480.0,672461.0,969081.0,-700.0,-8.62%,[Trend Breakdown] Death Cross: SMA20 crossed below SMA50. (Market Health: 27.3%)
"Oct 18, 2015",SANIMA,SELL,75,670.0,50250.0,245730.0,630761.0,957970.0,8550.0,+20.50%,[Trend Breakdown] Death Cross: SMA20 crossed below SMA50. (Market Health: 23.8%)
"Oct 18, 2015",NABIL,SELL,23,2358.0,54234.0,299964.0,586946.0,957970.0,10419.0,+23.78%,[Trend Breakdown] Death Cross: SMA20 crossed below SMA50. (Market Health: 23.8%)
"Oct 19, 2015",GBIME,SELL,39,517.0,20163.0,320127.0,567017.0,959017.0,234.0,+1.17%,[Trend Breakdown] Death Cross: SMA20 crossed below SMA50. (Market Health: 36.8%)
"Oct 25, 2015",LICN,SELL,15,3350.0,50250.0,370377.0,524267.0,945486.0,7500.0,+17.54%,[Trend Breakdown] Death Cross: SMA20 crossed below SMA50. (Market Health: 18.8%)
"Oct 27, 2015",SBI,SELL,46,1280.0,58880.0,429257.0,483051.0,944877.0,17664.0,+42.86%,[Trend Breakdown] Death Cross: SMA20 crossed below SMA50. (Market Health: 0.0%)
"Oct 28, 2015",EBL,SELL,20,2652.0,53040.0,482297.0,441051.0,944504.0,11040.0,+26.29%,[Trend Breakdown] Death Cross: SMA20 crossed below SMA50. (Market Health: 4.5%)
"Oct 28, 2015",JBBL,SELL,51,162.0,8262.0,490559.0,432126.0,944504.0,-663.0,-7.43%,[Trend Breakdown] Death Cross: SMA20 crossed below SMA50. (Market Health: 4.5%)
"Oct 29, 2015",HBL,SELL,23,1215.0,27945.0,518504.0,413427.0,944849.0,9246.0,+49.45%,[Trend Breakdown] Death Cross: SMA20 crossed below SMA50. (Market Health: 4.8%)
"Nov 01, 2015",ICFC,SELL,28,223.0,6244.0,524748.0,405867.0,943553.0,-1316.0,-17.41%,[Stop Loss] Stop-Loss hit at -17.41%. (Market Health: 8.7%)
"Nov 02, 2015",PCBL,SELL,65,568.0,36920.0,561668.0,376942.0,942594.0,7995.0,+27.64%,[Trend Breakdown] Death Cross: SMA20 crossed below SMA50. (Market Health: 0.0%)
"Nov 03, 2015",KBL,SELL,106,404.0,42824.0,604492.0,336768.0,942931.0,2650.0,+6.60%,[Trend Breakdown] Death Cross: SMA20 crossed below SMA50. (Market Health: 14.3%)
"Nov 25, 2015",CFCL,SELL,33,236.0,7788.0,612280.0,329904.0,944689.0,924.0,+13.46%,[Trend Breakdown] Death Cross: SMA20 crossed below SMA50. (Market Health: 0.0%)
"Dec 02, 2015",PROFL,SELL,15,151.0,2265.0,614545.0,328029.0,943738.0,390.0,+20.80%,[Trend Breakdown] Death Cross: SMA20 crossed below SMA50. (Market Health: 13.6%)
"Dec 16, 2015",EDBL,SELL,21,590.0,12390.0,626935.0,314925.0,944020.0,-714.0,-5.45%,[Trend Breakdown] Death Cross: SMA20 crossed below SMA50. (Market Health: 22.7%)
"Dec 22, 2015",SANIMA,BUY,62,667.0,41354.0,585581.0,356279.0,944320.0,0.0,0.00%,"[Quant Buy] Confidence 70/100: Strong Uptrend, Stable RSI, Positive Momentum, Golden Cross (Market Health: 44.0%)"
"Dec 27, 2015",ADBL,BUY,107,502.0,53714.0,531867.0,409993.0,943931.0,0.0,0.00%,"[Quant Buy] Confidence 90/100: Strong Uptrend, Stable RSI, Positive Momentum, Volume Breakout, Golden Cross (Market Health: 46.2%)"
"Dec 27, 2015",PCBL,BUY,69,603.0,41607.0,490260.0,451600.0,943931.0,0.0,0.00%,"[Quant Buy] Confidence 70/100: Strong Uptrend, Stable RSI, Positive Momentum, Golden Cross (Market Health: 46.2%)"
"Dec 31, 2015",PCBL,SELL,69,494.0,34086.0,524346.0,409993.0,936855.0,-7521.0,-18.08%,[Stop Loss] Stop-Loss hit at -18.08%. (Market Health: 41.7%)
"Dec 31, 2015",ALICL,BUY,30,1200.0,36000.0,488346.0,445993.0,936855.0,0.0,0.00%,"[Quant Buy] Confidence 60/100: Strong Uptrend, Positive Momentum, Volume Breakout (Market Health: 41.7%)"
"Jan 05, 2016",CZBIL,BUY,77,577.0,44429.0,443917.0,490422.0,937761.0,0.0,0.00%,"[Quant Buy] Confidence 75/100: Strong Uptrend, Stable RSI, Positive Momentum, Volume Breakout (Market Health: 45.8%)"
"Jan 07, 2016",NHPC,BUY,450,120.0,54000.0,389917.0,544422.0,941567.0,0.0,0.00%,"[Quant Buy] Confidence 90/100: Strong Uptrend, Stable RSI, Positive Momentum, Volume Breakout, Golden Cross (Market Health: 42.9%)"
"Jan 10, 2016",SBI,BUY,29,1535.0,44515.0,345402.0,588937.0,941929.0,0.0,0.00%,"[Quant Buy] Confidence 75/100: Strong Uptrend, Stable RSI, Positive Momentum, Volume Breakout (Market Health: 59.1%)"
"Jan 12, 2016",GBIME,BUY,104,403.0,41912.0,303490.0,630849.0,940492.0,0.0,0.00%,"[Quant Buy] Confidence 70/100: Strong Uptrend, Stable RSI, Positive Momentum, Golden Cross (Market Health: 50.0%)"
"Jan 17, 2016",BPCL,BUY,64,601.0,38464.0,265026.0,669313.0,958061.0,0.0,0.00%,"[Quant Buy] Confidence 65/100: Strong Uptrend, Positive Momentum, Golden Cross, Healthy Market Index (Market Health: 68.4%)"
"Jan 19, 2016",SBI,SELL,29,1260.0,36540.0,301566.0,624798.0,961431.0,-7975.0,-17.92%,[Stop Loss] Stop-Loss hit at -17.92%. (Market Health: 65.0%)
"Jan 24, 2016",AHPC,BUY,111,349.0,38739.0,262827.0,663537.0,972337.0,0.0,0.00%,"[Quant Buy] Confidence 65/100: Strong Uptrend, Positive Momentum, Golden Cross, Healthy Market Index (Market Health: 63.2%)"
"Feb 01, 2016",CHCL,BUY,32,1281.0,40992.0,221835.0,704529.0,965555.0,0.0,0.00%,"[Quant Buy] Confidence 80/100: Strong Uptrend, Stable RSI, Positive Momentum, Golden Cross, Healthy Market Index (Market Health: 78.9%)"
"Feb 02, 2016",ICFC,BUY,145,259.0,37555.0,184280.0,742084.0,966230.0,0.0,0.00%,"[Quant Buy] Confidence 85/100: Strong Uptrend, Positive Momentum, Volume Breakout, Golden Cross, Healthy Market Index (Market Health: 73.7%)"
"Feb 03, 2016",GBBL,BUY,87,357.0,31059.0,153221.0,773143.0,963775.0,0.0,0.00%,"[Quant Buy] Confidence 85/100: Strong Uptrend, Positive Momentum, Volume Breakout, Golden Cross, Healthy Market Index (Market Health: 70.0%)"
"Feb 04, 2016",EDBL,BUY,32,666.0,21312.0,131909.0,794455.0,971945.0,0.0,0.00%,"[Quant Buy] Confidence 70/100: Strong Uptrend, Positive Momentum, Volume Breakout, Healthy Market Index (Market Health: 81.0%)"
"Feb 11, 2016",AHPC,SELL,111,295.0,32745.0,164654.0,755716.0,975650.0,-5994.0,-15.47%,[Stop Loss] Stop-Loss hit at -15.47%. (Market Health: 90.9%)
"Feb 14, 2016",HBL,BUY,26,1006.0,26156.0,138498.0,781872.0,970554.0,0.0,0.00%,"[Quant Buy] Confidence 80/100: Strong Uptrend, Stable RSI, Positive Momentum, Golden Cross, Healthy Market Index (Market Health: 87.0%)"
"Feb 15, 2016",AHPC,BUY,69,298.0,20562.0,117936.0,802434.0,971559.0,0.0,0.00%,"[Quant Buy] Confidence 75/100: Strong Uptrend, Stable RSI, Volume Breakout, Healthy Market Index (Market Health: 85.7%)"
"Feb 18, 2016",NMB,SELL,15,541.0,8115.0,126051.0,798384.0,978235.0,4065.0,+100.37%,[Profit Booking] Target Achieved: +100.37% gain. (Market Health: 90.5%)
"Feb 18, 2016",EDBL,SELL,32,670.0,21440.0,147491.0,777072.0,978235.0,128.0,+0.60%,[Trend Breakdown] Death Cross: SMA20 crossed below SMA50. (Market Health: 90.5%)
"Feb 22, 2016",EDBL,BUY,34,680.0,23120.0,124371.0,800192.0,986457.0,0.0,0.00%,"[Quant Buy] Confidence 80/100: Strong Uptrend, Stable RSI, Positive Momentum, Golden Cross, Healthy Market Index (Market Health: 81.8%)"
"Feb 22, 2016",NMB,BUY,31,547.0,16957.0,107414.0,817149.0,986457.0,0.0,0.00%,"[Quant Buy] Confidence 70/100: Strong Uptrend, Positive Momentum, Volume Breakout, Healthy Market Index (Market Health: 81.8%)"
"Feb 25, 2016",GFCL,BUY,76,225.0,17100.0,90314.0,834249.0,975895.0,0.0,0.00%,"[Quant Buy] Confidence 80/100: Strong Uptrend, Stable RSI, Positive Momentum, Golden Cross, Healthy Market Index (Market Health: 90.5%)"
"Mar 03, 2016",PCBL,BUY,27,535.0,14445.0,75869.0,848694.0,985663.0,0.0,0.00%,"[Quant Buy] Confidence 80/100: Strong Uptrend, Stable RSI, Positive Momentum, Golden Cross, Healthy Market Index (Market Health: 81.8%)"
"Mar 06, 2016",JFL,BUY,26,346.0,8996.0,66873.0,857690.0,991184.0,0.0,0.00%,"[Quant Buy] Confidence 60/100: Stable RSI, Volume Breakout, Golden Cross, Healthy Market Index (Market Health: 78.3%)"
"Mar 28, 2016",JFL,SELL,26,320.0,8320.0,75193.0,848694.0,1023168.0,-676.0,-7.51%,[Trend Breakdown] Death Cross: SMA20 crossed below SMA50. (Market Health: 87.0%)
"Mar 29, 2016",EDBL,SELL,34,570.0,19380.0,94573.0,825574.0,1014222.0,-3740.0,-16.18%,[Stop Loss] Stop-Loss hit at -16.18%. (Market Health: 79.2%)
"Mar 30, 2016",CHCL,SELL,32,1345.0,43040.0,137613.0,784582.0,1011047.0,2048.0,+5.00%,[Trend Breakdown] Death Cross: SMA20 crossed below SMA50. (Market Health: 79.2%)
"Apr 11, 2016",PROFL,BUY,161,153.0,24633.0,112980.0,809215.0,996690.0,0.0,0.00%,"[Quant Buy] Confidence 90/100: Strong Uptrend, Stable RSI, Volume Breakout, Golden Cross, Healthy Market Index (Market Health: 66.7%)"
"Apr 18, 2016",AHPC,SELL,69,309.0,21321.0,134301.0,788653.0,1023869.0,759.0,+3.69%,[Trend Breakdown] Death Cross: SMA20 crossed below SMA50. (Market Health: 78.3%)
"Apr 21, 2016",ICFC,SELL,145,278.0,40310.0,174611.0,751098.0,1034199.0,2755.0,+7.34%,[Trend Breakdown] Death Cross: SMA20 crossed below SMA50. (Market Health: 82.6%)
"Apr 27, 2016",ICFC,BUY,99,281.0,27819.0,146792.0,778917.0,1039530.0,0.0,0.00%,"[Quant Buy] Confidence 80/100: Strong Uptrend, Stable RSI, Positive Momentum, Golden Cross, Healthy Market Index (Market Health: 77.3%)"
"May 04, 2016",ADBL,SELL,107,632.0,67624.0,214416.0,725203.0,1036283.0,13910.0,+25.90%,[Trend Breakdown] Death Cross: SMA20 crossed below SMA50. (Market Health: 81.8%)
"May 09, 2016",SBI,BUY,15,1769.0,26535.0,187881.0,751738.0,1037457.0,0.0,0.00%,"[Quant Buy] Confidence 65/100: Strong Uptrend, Stable RSI, Positive Momentum, Healthy Market Index (Market Health: 76.2%)"
"May 15, 2016",AHPC,BUY,89,335.0,29815.0,158066.0,781553.0,1032966.0,0.0,0.00%,"[Quant Buy] Confidence 80/100: Strong Uptrend, Stable RSI, Positive Momentum, Golden Cross, Healthy Market Index (Market Health: 76.2%)"
"May 17, 2016",BPCL,SELL,64,602.0,38528.0,196594.0,743089.0,1037016.0,64.0,+0.17%,[Trend Breakdown] Death Cross: SMA20 crossed below SMA50. (Market Health: 72.7%)
"May 18, 2016",ADBL,BUY,46,683.0,31418.0,165176.0,774507.0,1044284.0,0.0,0.00%,"[Quant Buy] Confidence 80/100: Strong Uptrend, Stable RSI, Positive Momentum, Golden Cross, Healthy Market Index (Market Health: 81.8%)"
"May 22, 2016",NHPC,SELL,450,168.0,75600.0,240776.0,720507.0,1035554.0,21600.0,+40.00%,[Trend Breakdown] Death Cross: SMA20 crossed below SMA50. (Market Health: 81.0%)
"May 23, 2016",NABIL,BUY,17,2275.0,38675.0,202101.0,759182.0,1045243.0,0.0,0.00%,"[Quant Buy] Confidence 85/100: Strong Uptrend, Stable RSI, Positive Momentum, Volume Breakout, Healthy Market Index (Market Health: 78.3%)"
"May 30, 2016",BPCL,BUY,50,683.0,34150.0,167951.0,793332.0,1047398.0,0.0,0.00%,"[Quant Buy] Confidence 85/100: Strong Uptrend, Positive Momentum, Volume Breakout, Golden Cross, Healthy Market Index (Market Health: 91.3%)"
"May 30, 2016",EDBL,BUY,42,632.0,26544.0,141407.0,819876.0,1047398.0,0.0,0.00%,"[Quant Buy] Confidence 80/100: Strong Uptrend, Stable RSI, Positive Momentum, Golden Cross, Healthy Market Index (Market Health: 91.3%)"
"Jun 05, 2016",CHCL,BUY,16,1370.0,21920.0,119487.0,841796.0,1025776.0,0.0,0.00%,"[Quant Buy] Confidence 80/100: Strong Uptrend, Stable RSI, Positive Momentum, Golden Cross, Healthy Market Index (Market Health: 60.9%)"
"Jun 06, 2016",NHPC,BUY,85,195.0,16575.0,102912.0,858371.0,1019016.0,0.0,0.00%,"[Quant Buy] Confidence 70/100: Strong Uptrend, Stable RSI, Golden Cross, Healthy Market Index (Market Health: 73.9%)"
"Jun 09, 2016",JFL,BUY,49,330.0,16170.0,86742.0,874541.0,1010354.0,0.0,0.00%,"[Quant Buy] Confidence 80/100: Strong Uptrend, Stable RSI, Positive Momentum, Golden Cross, Healthy Market Index (Market Health: 87.0%)"
"Jun 12, 2016",CZBIL,SELL,77,565.0,43505.0,130247.0,830112.0,1016683.0,-924.0,-2.08%,[Trend Breakdown] Death Cross: SMA20 crossed below SMA50. (Market Health: 82.6%)
"Jun 14, 2016",SANIMA,SELL,62,671.0,41602.0,171849.0,788758.0,1028351.0,248.0,+0.60%,[Trend Breakdown] Death Cross: SMA20 crossed below SMA50. (Market Health: 87.0%)
"Jun 21, 2016",SBI,SELL,15,1740.0,26100.0,197949.0,762223.0,1044083.0,-435.0,-1.64%,[Trend Breakdown] Death Cross: SMA20 crossed below SMA50. (Market Health: 82.6%)
"Jun 26, 2016",GBIME,SELL,104,501.0,52104.0,250053.0,720311.0,1066492.0,10192.0,+24.32%,[Trend Breakdown] Death Cross: SMA20 crossed below SMA50. (Market Health: 87.0%)
"Jun 28, 2016",SBI,BUY,21,1985.0,41685.0,208368.0,761996.0,1077406.0,0.0,0.00%,"[Quant Buy] Confidence 85/100: Strong Uptrend, Positive Momentum, Volume Breakout, Golden Cross, Healthy Market Index (Market Health: 91.3%)"
"Jun 30, 2016",GBIME,BUY,51,522.0,26622.0,181746.0,788618.0,1076094.0,0.0,0.00%,"[Quant Buy] Confidence 65/100: Strong Uptrend, Stable RSI, Positive Momentum, Healthy Market Index (Market Health: 91.3%)"
"Jul 19, 2016",MBL,BUY,34,892.0,30328.0,151418.0,818946.0,1093730.0,0.0,0.00%,"[Quant Buy] Confidence 85/100: Strong Uptrend, Positive Momentum, Volume Breakout, Golden Cross, Healthy Market Index (Market Health: 100.0%)"
"Jul 25, 2016",GMFIL,SELL,15,420.0,6300.0,157718.0,815976.0,1122899.0,3330.0,+112.12%,[Profit Booking] Target Achieved: +112.12% gain. (Market Health: 95.8%)
"Jul 26, 2016",GFCL,SELL,76,456.0,34656.0,192374.0,798876.0,1143480.0,17556.0,+102.67%,[Profit Booking] Target Achieved: +102.67% gain. (Market Health: 91.7%)
"Jul 27, 2016",PROFL,SELL,161,311.0,50071.0,242445.0,774243.0,1155503.0,25438.0,+103.27%,[Profit Booking] Target Achieved: +103.27% gain. (Market Health: 95.8%)
"Jul 27, 2016",CZBIL,BUY,40,771.0,30840.0,211605.0,805083.0,1155503.0,0.0,0.00%,"[Quant Buy] Confidence 65/100: Strong Uptrend, Positive Momentum, Golden Cross, Healthy Market Index (Market Health: 95.8%)"
"Jul 31, 2016",GFCL,BUY,54,545.0,29430.0,182175.0,834513.0,1137019.0,0.0,0.00%,"[Quant Buy] Confidence 70/100: Strong Uptrend, Positive Momentum, Volume Breakout, Healthy Market Index (Market Health: 95.7%)"
"Aug 01, 2016",GMFIL,BUY,53,442.0,23426.0,158749.0,857939.0,1145067.0,0.0,0.00%,"[Quant Buy] Confidence 65/100: Strong Uptrend, Stable RSI, Positive Momentum, Healthy Market Index (Market Health: 91.7%)"
"Aug 03, 2016",SANIMA,BUY,28,775.0,21700.0,137049.0,879639.0,1112165.0,0.0,0.00%,"[Quant Buy] Confidence 70/100: Strong Uptrend, Stable RSI, Golden Cross, Healthy Market Index (Market Health: 82.6%)"
"Aug 04, 2016",CHCL,SELL,16,1350.0,21600.0,158649.0,857719.0,1107440.0,-320.0,-1.46%,[Trend Breakdown] Death Cross: SMA20 crossed below SMA50. (Market Health: 75.0%)
"Aug 04, 2016",NHPC,SELL,85,190.0,16150.0,174799.0,841144.0,1107440.0,-425.0,-2.56%,[Trend Breakdown] Death Cross: SMA20 crossed below SMA50. (Market Health: 75.0%)
"Aug 08, 2016",GFCL,SELL,54,455.0,24570.0,199369.0,811714.0,1072718.0,-4860.0,-16.51%,[Stop Loss] Stop-Loss hit at -16.51%. (Market Health: 45.8%)
"Aug 22, 2016",PCBL,SELL,27,630.0,17010.0,216379.0,797269.0,1071376.0,2565.0,+17.76%,[Trend Breakdown] Death Cross: SMA20 crossed below SMA50. (Market Health: 41.7%)
"Aug 23, 2016",ALICL,SELL,30,1605.0,48150.0,264529.0,761269.0,1072181.0,12150.0,+33.75%,[Trend Breakdown] Death Cross: SMA20 crossed below SMA50. (Market Health: 31.8%)
"Aug 23, 2016",NABIL,SELL,17,2289.0,38913.0,303442.0,722594.0,1072181.0,238.0,+0.62%,[Trend Breakdown] Death Cross: SMA20 crossed below SMA50. (Market Health: 31.8%)
"Aug 24, 2016",AHPC,SELL,89,324.0,28836.0,332278.0,692779.0,1079972.0,-979.0,-3.28%,[Trend Breakdown] Death Cross: SMA20 crossed below SMA50. (Market Health: 43.5%)
"Aug 29, 2016",HBL,SELL,26,1583.0,41158.0,373436.0,666623.0,1087840.0,15002.0,+57.36%,[Trend Breakdown] Death Cross: SMA20 crossed below SMA50. (Market Health: 50.0%)
"Aug 29, 2016",SBI,SELL,21,1888.0,39648.0,413084.0,624938.0,1087840.0,-2037.0,-4.89%,[Trend Breakdown] Death Cross: SMA20 crossed below SMA50. (Market Health: 50.0%)
"Aug 30, 2016",BPCL,SELL,50,877.0,43850.0,456934.0,590788.0,1092852.0,9700.0,+28.40%,[Trend Breakdown] Death Cross: SMA20 crossed below SMA50. (Market Health: 60.9%)
"Sep 01, 2016",GBIME,SELL,51,548.0,27948.0,484882.0,564166.0,1095565.0,1326.0,+4.98%,[Trend Breakdown] Death Cross: SMA20 crossed below SMA50. (Market Health: 62.5%)
"Sep 01, 2016",GFCL,BUY,102,500.0,51000.0,433882.0,615166.0,1095565.0,0.0,0.00%,"[Quant Buy] Confidence 85/100: Strong Uptrend, Stable RSI, Positive Momentum, Volume Breakout, Healthy Market Index (Market Health: 62.5%)"
"Sep 03, 2016",PROFL,BUY,156,249.0,38844.0,395038.0,654010.0,1091886.0,0.0,0.00%,"[Quant Buy] Confidence 65/100: Strong Uptrend, Stable RSI, Positive Momentum, Healthy Market Index (Market Health: 63.6%)"
"Sep 05, 2016",GMFIL,SELL,53,350.0,18550.0,413588.0,630584.0,1096297.0,-4876.0,-20.81%,[Stop Loss] Stop-Loss hit at -20.81%. (Market Health: 62.5%)
"Sep 05, 2016",HBL,BUY,23,1695.0,38985.0,374603.0,669569.0,1096297.0,0.0,0.00%,"[Quant Buy] Confidence 65/100: Strong Uptrend, Positive Momentum, Golden Cross, Healthy Market Index (Market Health: 62.5%)"
"Sep 08, 2016",SANIMA,SELL,28,760.0,21280.0,395883.0,647869.0,1089900.0,-420.0,-1.94%,[Trend Breakdown] Death Cross: SMA20 crossed below SMA50. (Market Health: 58.3%)
"Sep 14, 2016",SANIMA,BUY,46,775.0,35650.0,360233.0,683519.0,1090156.0,0.0,0.00%,"[Quant Buy] Confidence 60/100: Strong Uptrend, Stable RSI, Golden Cross (Market Health: 47.8%)"
"Sep 18, 2016",ICFC,SELL,99,375.0,37125.0,397358.0,655700.0,1090208.0,9306.0,+33.45%,[Trend Breakdown] Death Cross: SMA20 crossed below SMA50. (Market Health: 39.1%)
"Sep 18, 2016",JFL,SELL,49,401.0,19649.0,417007.0,639530.0,1090208.0,3479.0,+21.52%,[Trend Breakdown] Death Cross: SMA20 crossed below SMA50. (Market Health: 39.1%)
"Sep 22, 2016",CZBIL,SELL,40,595.0,23800.0,440807.0,608690.0,1074921.0,-7040.0,-22.83%,[Stop Loss] Stop-Loss hit at -22.83%. (Market Health: 13.0%)
"Sep 26, 2016",EDBL,SELL,42,735.0,30870.0,471677.0,582146.0,1055931.0,4326.0,+16.30%,[Trend Breakdown] Death Cross: SMA20 crossed below SMA50. (Market Health: 9.1%)
"Sep 27, 2016",GFCL,SELL,102,405.0,41310.0,512987.0,531146.0,1046366.0,-9690.0,-19.00%,[Stop Loss] Stop-Loss hit at -19.00%. (Market Health: 8.7%)
"Sep 28, 2016",SANIMA,SELL,46,757.0,34822.0,547809.0,495496.0,1044683.0,-828.0,-2.32%,[Trend Breakdown] Death Cross: SMA20 crossed below SMA50. (Market Health: 8.3%)
"Sep 29, 2016",ADBL,SELL,46,670.0,30820.0,578629.0,464078.0,1045175.0,-598.0,-1.90%,[Trend Breakdown] Death Cross: SMA20 crossed below SMA50. (Market Health: 12.0%)
"Oct 05, 2016",MBL,SELL,34,829.0,28186.0,606815.0,433750.0,1045046.0,-2142.0,-7.06%,[Trend Breakdown] Death Cross: SMA20 crossed below SMA50. (Market Health: 23.1%)
"Oct 06, 2016",NMB,SELL,31,815.0,25265.0,632080.0,416793.0,1046547.0,8308.0,+48.99%,[Trend Breakdown] Death Cross: SMA20 crossed below SMA50. (Market Health: 26.9%)
"Oct 24, 2016",HBL,SELL,23,1608.0,36984.0,669064.0,377808.0,1046872.0,-2001.0,-5.13%,[Trend Breakdown] Death Cross: SMA20 crossed below SMA50. (Market Health: 24.0%)
"Nov 07, 2016",PROFL,SELL,156,254.0,39624.0,708688.0,338964.0,1047652.0,780.0,+2.01%,[Trend Breakdown] Death Cross: SMA20 crossed below SMA50. (Market Health: 19.2%)
"Jan 16, 2017",GBBL,SELL,87,385.0,33495.0,742183.0,307905.0,1050088.0,2436.0,+7.84%,[Trend Breakdown] Death Cross: SMA20 crossed below SMA50. (Market Health: 0.0%)
"Mar 22, 2017",HBL,BUY,53,957.0,50721.0,691462.0,358626.0,1050088.0,0.0,0.00%,"[Quant Buy] Confidence 85/100: Strong Uptrend, Positive Momentum, Volume Breakout, Golden Cross, Healthy Market Index (Market Health: 77.8%)"
"Mar 26, 2017",NHPC,BUY,329,155.0,50995.0,640467.0,409621.0,1050777.0,0.0,0.00%,"[Quant Buy] Confidence 85/100: Strong Uptrend, Positive Momentum, Volume Breakout, Golden Cross, Healthy Market Index (Market Health: 88.9%)"
"Mar 26, 2017",EDBL,BUY,75,600.0,45000.0,595467.0,454621.0,1050777.0,0.0,0.00%,"[Quant Buy] Confidence 75/100: Strong Uptrend, Stable RSI, Volume Breakout, Healthy Market Index (Market Health: 88.9%)"
"Mar 28, 2017",BPCL,BUY,73,693.0,50589.0,544878.0,505210.0,1055302.0,0.0,0.00%,"[Quant Buy] Confidence 85/100: Strong Uptrend, Positive Momentum, Volume Breakout, Golden Cross, Healthy Market Index (Market Health: 92.6%)"
"Mar 28, 2017",CHCL,BUY,53,955.0,50615.0,494263.0,555825.0,1055302.0,0.0,0.00%,"[Quant Buy] Confidence 85/100: Strong Uptrend, Positive Momentum, Volume Breakout, Golden Cross, Healthy Market Index (Market Health: 92.6%)"
"Mar 28, 2017",JBBL,BUY,164,310.0,50840.0,443423.0,606665.0,1055302.0,0.0,0.00%,"[Quant Buy] Confidence 85/100: Strong Uptrend, Positive Momentum, Volume Breakout, Golden Cross, Healthy Market Index (Market Health: 92.6%)"
"Mar 28, 2017",SANIMA,BUY,90,565.0,50850.0,392573.0,657515.0,1055302.0,0.0,0.00%,"[Quant Buy] Confidence 85/100: Strong Uptrend, Positive Momentum, Volume Breakout, Golden Cross, Healthy Market Index (Market Health: 92.6%)"
"Mar 28, 2017",ALICL,BUY,35,1348.0,47180.0,345393.0,704695.0,1055302.0,0.0,0.00%,"[Quant Buy] Confidence 80/100: Strong Uptrend, Stable RSI, Positive Momentum, Golden Cross, Healthy Market Index (Market Health: 92.6%)"
"Mar 29, 2017",AHPC,BUY,188,271.0,50948.0,294445.0,755643.0,1048234.0,0.0,0.00%,"[Quant Buy] Confidence 85/100: Strong Uptrend, Positive Momentum, Volume Breakout, Golden Cross, Healthy Market Index (Market Health: 92.6%)"
"Mar 29, 2017",MBL,BUY,117,426.0,49842.0,244603.0,805485.0,1048234.0,0.0,0.00%,"[Quant Buy] Confidence 85/100: Strong Uptrend, Positive Momentum, Volume Breakout, Golden Cross, Healthy Market Index (Market Health: 92.6%)"
"Mar 29, 2017",NABIL,BUY,26,1570.0,40820.0,203783.0,846305.0,1048234.0,0.0,0.00%,"[Quant Buy] Confidence 85/100: Strong Uptrend, Positive Momentum, Volume Breakout, Golden Cross, Healthy Market Index (Market Health: 92.6%)"
"Mar 29, 2017",NMB,BUY,59,578.0,34102.0,169681.0,880407.0,1048234.0,0.0,0.00%,"[Quant Buy] Confidence 85/100: Strong Uptrend, Positive Momentum, Volume Breakout, Golden Cross, Healthy Market Index (Market Health: 92.6%)"
"Mar 30, 2017",ADBL,BUY,50,574.0,28700.0,140981.0,909107.0,1049466.0,0.0,0.00%,"[Quant Buy] Confidence 85/100: Strong Uptrend, Positive Momentum, Volume Breakout, Golden Cross, Healthy Market Index (Market Health: 92.6%)"
"Mar 30, 2017",GBBL,BUY,55,435.0,23925.0,117056.0,933032.0,1049466.0,0.0,0.00%,"[Quant Buy] Confidence 85/100: Strong Uptrend, Positive Momentum, Volume Breakout, Golden Cross, Healthy Market Index (Market Health: 92.6%)"
"Mar 30, 2017",ICFC,BUY,72,275.0,19800.0,97256.0,952832.0,1049466.0,0.0,0.00%,"[Quant Buy] Confidence 85/100: Strong Uptrend, Positive Momentum, Volume Breakout, Golden Cross, Healthy Market Index (Market Health: 92.6%)"
"Mar 30, 2017",GBIME,BUY,38,399.0,15162.0,82094.0,967994.0,1049466.0,0.0,0.00%,"[Quant Buy] Confidence 80/100: Strong Uptrend, Stable RSI, Positive Momentum, Golden Cross, Healthy Market Index (Market Health: 92.6%)"
"Mar 30, 2017",JFL,BUY,41,260.0,10660.0,71434.0,978654.0,1049466.0,0.0,0.00%,"[Quant Buy] Confidence 65/100: Strong Uptrend, Positive Momentum, Golden Cross, Healthy Market Index (Market Health: 92.6%)"
"Mar 30, 2017",PCBL,BUY,21,435.0,9135.0,62299.0,987789.0,1049466.0,0.0,0.00%,"[Quant Buy] Confidence 65/100: Strong Uptrend, Positive Momentum, Golden Cross, Healthy Market Index (Market Health: 92.6%)"
"Apr 03, 2017",GMFIL,BUY,42,252.0,10584.0,51715.0,998373.0,1073331.0,0.0,0.00%,"[Quant Buy] Confidence 85/100: Strong Uptrend, Positive Momentum, Volume Breakout, Golden Cross, Healthy Market Index (Market Health: 96.3%)"
"Apr 06, 2017",ADBL,SELL,50,482.0,24100.0,75815.0,969673.0,1063957.0,-4600.0,-16.03%,[Stop Loss] Stop-Loss hit at -16.03%. (Market Health: 96.2%)
"Apr 09, 2017",SANIMA,SELL,90,480.0,43200.0,119015.0,918823.0,1065867.0,-7650.0,-15.04%,[Stop Loss] Stop-Loss hit at -15.04%. (Market Health: 92.3%)
"Apr 10, 2017",GFCL,BUY,46,330.0,15180.0,103835.0,934003.0,1076349.0,0.0,0.00%,"[Quant Buy] Confidence 65/100: Strong Uptrend, Positive Momentum, Golden Cross, Healthy Market Index (Market Health: 92.6%)"
"Apr 11, 2017",PROFL,BUY,85,170.0,14450.0,89385.0,948453.0,1090584.0,0.0,0.00%,"[Quant Buy] Confidence 70/100: Strong Uptrend, Stable RSI, Golden Cross, Healthy Market Index (Market Health: 96.3%)"
"Apr 12, 2017",GBBL,SELL,55,360.0,19800.0,109185.0,924528.0,1082957.0,-4125.0,-17.24%,[Stop Loss] Stop-Loss hit at -17.24%. (Market Health: 88.9%)
"Apr 19, 2017",CZBIL,BUY,35,433.0,15155.0,94030.0,939683.0,1067103.0,0.0,0.00%,"[Quant Buy] Confidence 70/100: Strong Uptrend, Stable RSI, Golden Cross, Healthy Market Index (Market Health: 85.2%)"
"Apr 27, 2017",JBBL,SELL,164,259.0,42476.0,136506.0,888843.0,1046080.0,-8364.0,-16.45%,[Stop Loss] Stop-Loss hit at -16.45%. (Market Health: 77.8%)
"May 02, 2017",SBI,BUY,15,1465.0,21975.0,114531.0,910818.0,1042302.0,0.0,0.00%,"[Quant Buy] Confidence 85/100: Strong Uptrend, Stable RSI, Positive Momentum, Volume Breakout, Healthy Market Index (Market Health: 77.8%)"
"May 09, 2017",SBI,SELL,15,1059.0,15885.0,130416.0,888843.0,1036810.0,-6090.0,-27.71%,[Stop Loss] Stop-Loss hit at -27.71%. (Market Health: 66.7%)
"May 15, 2017",CZBIL,SELL,35,403.0,14105.0,144521.0,873688.0,1039951.0,-1050.0,-6.93%,[Trend Breakdown] Death Cross: SMA20 crossed below SMA50. (Market Health: 70.4%)
"May 17, 2017",NHPC,SELL,329,146.0,48034.0,192555.0,822693.0,1035930.0,-2961.0,-5.81%,[Trend Breakdown] Death Cross: SMA20 crossed below SMA50. (Market Health: 66.7%)
"May 24, 2017",GBIME,SELL,38,395.0,15010.0,207565.0,807531.0,1028670.0,-152.0,-1.00%,[Trend Breakdown] Death Cross: SMA20 crossed below SMA50. (Market Health: 48.1%)
"May 31, 2017",HBL,SELL,53,926.0,49078.0,256643.0,756810.0,1018556.0,-1643.0,-3.24%,[Trend Breakdown] Death Cross: SMA20 crossed below SMA50. (Market Health: 26.9%)
"Jun 01, 2017",CHCL,SELL,53,857.0,45421.0,302064.0,706195.0,1013826.0,-5194.0,-10.26%,[Trend Breakdown] Death Cross: SMA20 crossed below SMA50. (Market Health: 26.9%)
"Jun 01, 2017",MBL,SELL,117,379.0,44343.0,346407.0,656353.0,1013826.0,-5499.0,-11.03%,[Trend Breakdown] Death Cross: SMA20 crossed below SMA50. (Market Health: 26.9%)
"Jun 01, 2017",PCBL,SELL,21,420.0,8820.0,355227.0,647218.0,1013826.0,-315.0,-3.45%,[Trend Breakdown] Death Cross: SMA20 crossed below SMA50. (Market Health: 26.9%)
"Jun 04, 2017",NABIL,SELL,26,1480.0,38480.0,393707.0,606398.0,1010503.0,-2340.0,-5.73%,[Trend Breakdown] Death Cross: SMA20 crossed below SMA50. (Market Health: 18.5%)
"Jun 05, 2017",NMB,SELL,59,558.0,32922.0,426629.0,572296.0,1012217.0,-1180.0,-3.46%,[Trend Breakdown] Death Cross: SMA20 crossed below SMA50. (Market Health: 22.2%)
"Jun 07, 2017",GFCL,SELL,46,312.0,14352.0,440981.0,557116.0,1015204.0,-828.0,-5.45%,[Trend Breakdown] Death Cross: SMA20 crossed below SMA50. (Market Health: 22.2%)
"Jun 11, 2017",ALICL,SELL,35,1490.0,52150.0,493131.0,509936.0,1009400.0,4970.0,+10.53%,[Trend Breakdown] Death Cross: SMA20 crossed below SMA50. (Market Health: 11.5%)
"Jun 13, 2017",BPCL,SELL,73,654.0,47742.0,540873.0,459347.0,1008714.0,-2847.0,-5.63%,[Trend Breakdown] Death Cross: SMA20 crossed below SMA50. (Market Health: 11.5%)
"Jun 14, 2017",AHPC,SELL,188,284.0,53392.0,594265.0,408399.0,1009803.0,2444.0,+4.80%,[Trend Breakdown] Death Cross: SMA20 crossed below SMA50. (Market Health: 12.0%)
"Jun 14, 2017",ICFC,SELL,72,294.0,21168.0,615433.0,388599.0,1009803.0,1368.0,+6.91%,[Trend Breakdown] Death Cross: SMA20 crossed below SMA50. (Market Health: 12.0%)
"Jun 18, 2017",EDBL,SELL,75,627.0,47025.0,662458.0,343599.0,1006895.0,2025.0,+4.50%,[Trend Breakdown] Death Cross: SMA20 crossed below SMA50. (Market Health: 11.1%)
"Jun 18, 2017",JFL,SELL,41,262.0,10742.0,673200.0,332939.0,1006895.0,82.0,+0.77%,[Trend Breakdown] Death Cross: SMA20 crossed below SMA50. (Market Health: 11.1%)
"Jun 20, 2017",GMFIL,SELL,42,265.0,11130.0,684330.0,322355.0,1012210.0,546.0,+5.16%,[Trend Breakdown] Death Cross: SMA20 crossed below SMA50. (Market Health: 8.0%)
"Jul 19, 2017",PROFL,SELL,85,210.0,17850.0,702180.0,307905.0,1010085.0,3400.0,+23.53%,[Trend Breakdown] Death Cross: SMA20 crossed below SMA50. (Market Health: 39.3%)
"Jul 23, 2017",CZBIL,BUY,122,393.0,47946.0,654234.0,355851.0,1010085.0,0.0,0.00%,"[Quant Buy] Confidence 80/100: Strong Uptrend, Stable RSI, Volume Breakout, Golden Cross (Market Health: 40.7%)"
"Jul 31, 2017",PCBL,BUY,103,435.0,44805.0,609429.0,400656.0,1008743.0,0.0,0.00%,"[Quant Buy] Confidence 75/100: Strong Uptrend, Stable RSI, Positive Momentum, Volume Breakout (Market Health: 50.0%)"
"Aug 01, 2017",EDBL,BUY,68,658.0,44744.0,564685.0,445400.0,1008789.0,0.0,0.00%,"[Quant Buy] Confidence 75/100: Strong Uptrend, Positive Momentum, Volume Breakout, Golden Cross (Market Health: 42.9%)"
"Aug 02, 2017",GBIME,BUY,111,404.0,44844.0,519841.0,490244.0,1010095.0,0.0,0.00%,"[Quant Buy] Confidence 75/100: Strong Uptrend, Stable RSI, Positive Momentum, Volume Breakout (Market Health: 46.4%)"
"Aug 03, 2017",JFL,BUY,143,293.0,41899.0,477942.0,532143.0,1010645.0,0.0,0.00%,"[Quant Buy] Confidence 70/100: Strong Uptrend, Stable RSI, Positive Momentum, Golden Cross (Market Health: 50.0%)"
"Aug 03, 2017",NABIL,BUY,21,1667.0,35007.0,442935.0,567150.0,1010645.0,0.0,0.00%,"[Quant Buy] Confidence 60/100: Strong Uptrend, Positive Momentum, Volume Breakout (Market Health: 50.0%)"
"Aug 03, 2017",NHPC,BUY,250,144.0,36000.0,406935.0,603150.0,1010645.0,0.0,0.00%,"[Quant Buy] Confidence 60/100: Strong Uptrend, Stable RSI, Golden Cross (Market Health: 50.0%)"
"Aug 07, 2017",HBL,BUY,45,915.0,41175.0,365760.0,644325.0,1020975.0,0.0,0.00%,"[Quant Buy] Confidence 70/100: Strong Uptrend, Stable RSI, Positive Momentum, Golden Cross (Market Health: 57.1%)"
"Aug 09, 2017",ALICL,BUY,23,1628.0,37444.0,328316.0,681769.0,1018390.0,0.0,0.00%,"[Quant Buy] Confidence 65/100: Strong Uptrend, Stable RSI, Volume Breakout (Market Health: 53.6%)"
"Aug 09, 2017",CFCL,BUY,176,204.0,35904.0,292412.0,717673.0,1018390.0,0.0,0.00%,"[Quant Buy] Confidence 60/100: Strong Uptrend, Stable RSI, Golden Cross (Market Health: 53.6%)"
"Aug 13, 2017",GMFIL,BUY,162,270.0,43740.0,248672.0,761413.0,1015558.0,0.0,0.00%,"[Quant Buy] Confidence 75/100: Strong Uptrend, Stable RSI, Positive Momentum, Volume Breakout (Market Health: 46.4%)"
"Aug 16, 2017",CZBIL,SELL,122,380.0,46360.0,295032.0,713467.0,1012050.0,-1586.0,-3.31%,[Trend Breakdown] Death Cross: SMA20 crossed below SMA50. (Market Health: 40.7%)
"Aug 17, 2017",ADBL,BUY,86,443.0,38098.0,256934.0,751565.0,1011195.0,0.0,0.00%,"[Quant Buy] Confidence 65/100: Strong Uptrend, Stable RSI, Volume Breakout (Market Health: 40.7%)"
"Sep 04, 2017",GBIME,SELL,111,371.0,41181.0,298115.0,706721.0,985234.0,-3663.0,-8.17%,[Trend Breakdown] Death Cross: SMA20 crossed below SMA50. (Market Health: 7.4%)
"Sep 06, 2017",EDBL,SELL,68,455.0,30940.0,329055.0,661977.0,976248.0,-13804.0,-30.85%,[Stop Loss] Stop-Loss hit at -30.85%. (Market Health: 3.6%)
"Sep 10, 2017",HBL,SELL,45,850.0,38250.0,367305.0,620802.0,969467.0,-2925.0,-7.10%,[Trend Breakdown] Death Cross: SMA20 crossed below SMA50. (Market Health: 3.6%)
"Sep 10, 2017",ADBL,SELL,86,425.0,36550.0,403855.0,582704.0,969467.0,-1548.0,-4.06%,[Trend Breakdown] Death Cross: SMA20 crossed below SMA50. (Market Health: 3.6%)
"Sep 12, 2017",NABIL,SELL,21,1191.0,25011.0,428866.0,547697.0,956381.0,-9996.0,-28.55%,[Stop Loss] Stop-Loss hit at -28.55%. (Market Health: 0.0%)
"Sep 12, 2017",CFCL,SELL,176,180.0,31680.0,460546.0,511793.0,956381.0,-4224.0,-11.76%,[Trend Breakdown] Death Cross: SMA20 crossed below SMA50. (Market Health: 0.0%)
"Sep 12, 2017",GMFIL,SELL,162,255.0,41310.0,501856.0,468053.0,956381.0,-2430.0,-5.56%,[Trend Breakdown] Death Cross: SMA20 crossed below SMA50. (Market Health: 0.0%)
"Sep 14, 2017",NHPC,SELL,250,134.0,33500.0,535356.0,432053.0,960135.0,-2500.0,-6.94%,[Trend Breakdown] Death Cross: SMA20 crossed below SMA50. (Market Health: 3.6%)
"Sep 17, 2017",ALICL,SELL,23,1508.0,34684.0,570040.0,394609.0,961154.0,-2760.0,-7.37%,[Trend Breakdown] Death Cross: SMA20 crossed below SMA50. (Market Health: 10.7%)
"Sep 18, 2017",JFL,SELL,143,265.0,37895.0,607935.0,352710.0,960336.0,-4004.0,-9.56%,[Trend Breakdown] Death Cross: SMA20 crossed below SMA50. (Market Health: 3.6%)
"Sep 20, 2017",PCBL,SELL,103,430.0,44290.0,652225.0,307905.0,960130.0,-515.0,-1.15%,[Trend Breakdown] Death Cross: SMA20 crossed below SMA50. (Market Health: 3.7%)
"Nov 29, 2017",BPCL,BUY,50,718.0,35900.0,616325.0,343805.0,960130.0,0.0,0.00%,"[Quant Buy] Confidence 60/100: Strong Uptrend, Positive Momentum, Volume Breakout (Market Health: 53.6%)"
"Nov 29, 2017",CHCL,BUY,38,940.0,35720.0,580605.0,379525.0,960130.0,0.0,0.00%,"[Quant Buy] Confidence 60/100: Strong Uptrend, Positive Momentum, Volume Breakout (Market Health: 53.6%)"
"Dec 06, 2017",SANIMA,BUY,100,358.0,35800.0,544805.0,415325.0,961560.0,0.0,0.00%,"[Quant Buy] Confidence 60/100: Strong Uptrend, Stable RSI, Golden Cross (Market Health: 53.6%)"
"Jan 01, 2018",SANIMA,SELL,100,342.0,34200.0,579005.0,379525.0,956230.0,-1600.0,-4.47%,[Trend Breakdown] Death Cross: SMA20 crossed below SMA50. (Market Health: 7.1%)
"Jan 23, 2018",BPCL,SELL,50,640.0,32000.0,611005.0,343625.0,952388.0,-3900.0,-10.86%,[Trend Breakdown] Death Cross: SMA20 crossed below SMA50. (Market Health: 0.0%)
"Jan 24, 2018",CHCL,SELL,38,881.0,33478.0,644483.0,307905.0,952388.0,-2242.0,-6.28%,[Trend Breakdown] Death Cross: SMA20 crossed below SMA50. (Market Health: 0.0%)
"Apr 10, 2018",CORBL,SELL,15,117.0,1755.0,646238.0,306345.0,952583.0,195.0,+12.50%,[Trend Breakdown] Death Cross: SMA20 crossed below SMA50. (Market Health: 10.7%)
"Apr 22, 2018",SANIMA,BUY,133,381.0,50673.0,595565.0,357018.0,952583.0,0.0,0.00%,"[Quant Buy] Confidence 85/100: Strong Uptrend, Positive Momentum, Volume Breakout, Golden Cross, Healthy Market Index (Market Health: 86.2%)"
"Apr 24, 2018",PCBL,BUY,153,332.0,50796.0,544769.0,407814.0,950721.0,0.0,0.00%,"[Quant Buy] Confidence 85/100: Strong Uptrend, Positive Momentum, Volume Breakout, Golden Cross, Healthy Market Index (Market Health: 72.4%)"
"Apr 24, 2018",ADBL,BUY,108,359.0,38772.0,505997.0,446586.0,950721.0,0.0,0.00%,"[Quant Buy] Confidence 65/100: Strong Uptrend, Positive Momentum, Golden Cross, Healthy Market Index (Market Health: 72.4%)"
"Apr 24, 2018",EBL,BUY,46,840.0,38640.0,467357.0,485226.0,950721.0,0.0,0.00%,"[Quant Buy] Confidence 65/100: Strong Uptrend, Positive Momentum, Golden Cross, Healthy Market Index (Market Health: 72.4%)"
"Apr 25, 2018",GBBL,BUY,289,207.0,59823.0,407534.0,545049.0,948703.0,0.0,0.00%,"[Quant Buy] Confidence 100/100: Strong Uptrend, Stable RSI, Positive Momentum, Volume Breakout, Golden Cross, Healthy Market Index (Market Health: 71.4%)"
"Apr 25, 2018",NMB,BUY,101,472.0,47672.0,359862.0,592721.0,948703.0,0.0,0.00%,"[Quant Buy] Confidence 80/100: Strong Uptrend, Stable RSI, Positive Momentum, Golden Cross, Healthy Market Index (Market Health: 71.4%)"
"Apr 25, 2018",JFL,BUY,203,192.0,38976.0,320886.0,631697.0,948703.0,0.0,0.00%,"[Quant Buy] Confidence 65/100: Strong Uptrend, Positive Momentum, Golden Cross, Healthy Market Index (Market Health: 71.4%)"
"Apr 26, 2018",ALICL,BUY,64,831.0,53184.0,267702.0,684881.0,941344.0,0.0,0.00%,"[Quant Buy] Confidence 90/100: Strong Uptrend, Stable RSI, Volume Breakout, Golden Cross, Healthy Market Index (Market Health: 66.7%)"
"Apr 26, 2018",CHCL,BUY,45,830.0,37350.0,230352.0,722231.0,941344.0,0.0,0.00%,"[Quant Buy] Confidence 70/100: Strong Uptrend, Stable RSI, Golden Cross, Healthy Market Index (Market Health: 66.7%)"
"Apr 29, 2018",CZBIL,BUY,102,269.0,27438.0,202914.0,749669.0,939153.0,0.0,0.00%,"[Quant Buy] Confidence 60/100: Strong Uptrend, Stable RSI, Golden Cross (Market Health: 57.1%)"
"Apr 29, 2018",EDBL,BUY,67,361.0,24187.0,178727.0,773856.0,939153.0,0.0,0.00%,"[Quant Buy] Confidence 60/100: Strong Uptrend, Stable RSI, Golden Cross (Market Health: 57.1%)"
"Apr 29, 2018",GBIME,BUY,67,317.0,21239.0,157488.0,795095.0,939153.0,0.0,0.00%,"[Quant Buy] Confidence 60/100: Strong Uptrend, Stable RSI, Golden Cross (Market Health: 57.1%)"
"Apr 29, 2018",JBBL,BUY,121,156.0,18876.0,138612.0,813971.0,939153.0,0.0,0.00%,"[Quant Buy] Confidence 60/100: Strong Uptrend, Stable RSI, Golden Cross (Market Health: 57.1%)"
"Apr 29, 2018",MBL,BUY,69,239.0,16491.0,122121.0,830462.0,939153.0,0.0,0.00%,"[Quant Buy] Confidence 60/100: Strong Uptrend, Stable RSI, Golden Cross (Market Health: 57.1%)"
"Apr 29, 2018",SBI,BUY,25,568.0,14200.0,107921.0,844662.0,939153.0,0.0,0.00%,"[Quant Buy] Confidence 60/100: Strong Uptrend, Stable RSI, Golden Cross (Market Health: 57.1%)"
"May 02, 2018",AHPC,BUY,83,182.0,15106.0,92815.0,859768.0,938780.0,0.0,0.00%,"[Quant Buy] Confidence 70/100: Strong Uptrend, Stable RSI, Golden Cross, Healthy Market Index (Market Health: 67.9%)"
"May 08, 2018",HBL,BUY,19,615.0,11685.0,81130.0,871453.0,940728.0,0.0,0.00%,"[Quant Buy] Confidence 65/100: Strong Uptrend, Stable RSI, Positive Momentum, Healthy Market Index (Market Health: 71.4%)"
"May 09, 2018",GFCL,BUY,82,138.0,11316.0,69814.0,882769.0,939548.0,0.0,0.00%,"[Quant Buy] Confidence 70/100: Strong Uptrend, Stable RSI, Golden Cross, Healthy Market Index (Market Health: 64.3%)"
"May 20, 2018",CFCL,BUY,76,128.0,9728.0,60086.0,892497.0,924527.0,0.0,0.00%,"[Quant Buy] Confidence 70/100: Strong Uptrend, Stable RSI, Positive Momentum, Golden Cross (Market Health: 44.4%)"
"May 27, 2018",SANIMA,SELL,133,344.0,45752.0,105838.0,841824.0,906618.0,-4921.0,-9.71%,[Trend Breakdown] Death Cross: SMA20 crossed below SMA50. (Market Health: 21.4%)
"May 27, 2018",EBL,SELL,46,708.0,32568.0,138406.0,803184.0,906618.0,-6072.0,-15.71%,[Stop Loss] Stop-Loss hit at -15.71%. (Market Health: 21.4%)
"May 28, 2018",SBI,SELL,25,533.0,13325.0,151731.0,788984.0,919888.0,-875.0,-6.16%,[Trend Breakdown] Death Cross: SMA20 crossed below SMA50. (Market Health: 44.8%)
"May 29, 2018",GFCL,SELL,82,127.0,10414.0,162145.0,777668.0,914353.0,-902.0,-7.97%,[Trend Breakdown] Death Cross: SMA20 crossed below SMA50. (Market Health: 42.9%)
"May 29, 2018",CFCL,SELL,76,120.0,9120.0,171265.0,767940.0,914353.0,-608.0,-6.25%,[Trend Breakdown] Death Cross: SMA20 crossed below SMA50. (Market Health: 42.9%)
"May 30, 2018",MBL,SELL,69,231.0,15939.0,187204.0,751449.0,913326.0,-552.0,-3.35%,[Trend Breakdown] Death Cross: SMA20 crossed below SMA50. (Market Health: 32.1%)
"May 30, 2018",HBL,SELL,19,603.0,11457.0,198661.0,739764.0,913326.0,-228.0,-1.95%,[Trend Breakdown] Death Cross: SMA20 crossed below SMA50. (Market Health: 32.1%)
"May 31, 2018",GBIME,SELL,67,303.0,20301.0,218962.0,718525.0,910715.0,-938.0,-4.42%,[Trend Breakdown] Death Cross: SMA20 crossed below SMA50. (Market Health: 37.0%)
"Jun 03, 2018",NMB,SELL,101,397.0,40097.0,259059.0,670853.0,899545.0,-7575.0,-15.89%,[Stop Loss] Stop-Loss hit at -15.89%. (Market Health: 11.5%)
"Jun 03, 2018",EDBL,SELL,67,331.0,22177.0,281236.0,646666.0,899545.0,-2010.0,-8.31%,[Trend Breakdown] Death Cross: SMA20 crossed below SMA50. (Market Health: 11.5%)
"Jun 03, 2018",JBBL,SELL,121,140.0,16940.0,298176.0,627790.0,899545.0,-1936.0,-10.26%,[Trend Breakdown] Death Cross: SMA20 crossed below SMA50. (Market Health: 11.5%)
"Jun 03, 2018",AHPC,SELL,83,160.0,13280.0,311456.0,612684.0,899545.0,-1826.0,-12.09%,[Trend Breakdown] Death Cross: SMA20 crossed below SMA50. (Market Health: 11.5%)
"Jun 04, 2018",CZBIL,SELL,102,250.0,25500.0,336956.0,585246.0,896557.0,-1938.0,-7.06%,[Trend Breakdown] Death Cross: SMA20 crossed below SMA50. (Market Health: 7.4%)
"Jun 10, 2018",ADBL,SELL,108,317.0,34236.0,371192.0,546474.0,885783.0,-4536.0,-11.70%,[Trend Breakdown] Death Cross: SMA20 crossed below SMA50. (Market Health: 0.0%)
"Jun 10, 2018",GBBL,SELL,289,178.0,51442.0,422634.0,486651.0,885783.0,-8381.0,-14.01%,[Trend Breakdown] Death Cross: SMA20 crossed below SMA50. (Market Health: 0.0%)
"Jun 10, 2018",ALICL,SELL,64,679.0,43456.0,466090.0,433467.0,885783.0,-9728.0,-18.29%,[Stop Loss] Stop-Loss hit at -18.29%. (Market Health: 0.0%)
"Jun 13, 2018",PCBL,SELL,153,294.0,44982.0,511072.0,382671.0,888020.0,-5814.0,-11.45%,[Trend Breakdown] Death Cross: SMA20 crossed below SMA50. (Market Health: 3.6%)
"Jun 14, 2018",CHCL,SELL,45,775.0,34875.0,545947.0,345321.0,887411.0,-2475.0,-6.63%,[Trend Breakdown] Death Cross: SMA20 crossed below SMA50. (Market Health: 3.6%)
"Jun 17, 2018",JFL,SELL,203,167.0,33901.0,579848.0,306345.0,886193.0,-5075.0,-13.02%,[Trend Breakdown] Death Cross: SMA20 crossed below SMA50. (Market Health: 0.0%)
"Aug 15, 2018",GBBL,BUY,267,191.0,50997.0,528851.0,357342.0,886193.0,0.0,0.00%,"[Quant Buy] Confidence 85/100: Strong Uptrend, Stable RSI, Positive Momentum, Volume Breakout, Healthy Market Index (Market Health: 64.3%)"
"Aug 15, 2018",HBL,BUY,88,576.0,50688.0,478163.0,408030.0,886193.0,0.0,0.00%,"[Quant Buy] Confidence 85/100: Strong Uptrend, Stable RSI, Positive Momentum, Volume Breakout, Healthy Market Index (Market Health: 64.3%)"
"Aug 15, 2018",ADBL,BUY,123,339.0,41697.0,436466.0,449727.0,886193.0,0.0,0.00%,"[Quant Buy] Confidence 70/100: Strong Uptrend, Positive Momentum, Volume Breakout, Healthy Market Index (Market Health: 64.3%)"
"Aug 15, 2018",GFCL,BUY,307,127.0,38989.0,397477.0,488716.0,886193.0,0.0,0.00%,"[Quant Buy] Confidence 65/100: Strong Uptrend, Stable RSI, Positive Momentum, Healthy Market Index (Market Health: 64.3%)"
"Aug 15, 2018",JBBL,BUY,268,145.0,38860.0,358617.0,527576.0,886193.0,0.0,0.00%,"[Quant Buy] Confidence 65/100: Strong Uptrend, Stable RSI, Positive Momentum, Healthy Market Index (Market Health: 64.3%)"
"Aug 16, 2018",GBIME,BUY,140,300.0,42000.0,316617.0,569576.0,887299.0,0.0,0.00%,"[Quant Buy] Confidence 70/100: Strong Uptrend, Stable RSI, Positive Momentum, Golden Cross (Market Health: 55.2%)"
"Aug 16, 2018",SBI,BUY,83,505.0,41915.0,274702.0,611491.0,887299.0,0.0,0.00%,"[Quant Buy] Confidence 70/100: Strong Uptrend, Stable RSI, Positive Momentum, Golden Cross (Market Health: 55.2%)"
"Aug 19, 2018",PCBL,BUY,168,294.0,49392.0,225310.0,660883.0,883849.0,0.0,0.00%,"[Quant Buy] Confidence 90/100: Strong Uptrend, Stable RSI, Positive Momentum, Volume Breakout, Golden Cross (Market Health: 50.0%)"
"Aug 29, 2018",SBI,SELL,83,497.0,41251.0,266561.0,618968.0,874131.0,-664.0,-1.58%,[Trend Breakdown] Death Cross: SMA20 crossed below SMA50. (Market Health: 25.0%)
"Sep 02, 2018",HBL,SELL,88,536.0,47168.0,313729.0,568280.0,882168.0,-3520.0,-6.94%,[Trend Breakdown] Death Cross: SMA20 crossed below SMA50. (Market Health: 50.0%)
"Sep 02, 2018",CZBIL,BUY,177,236.0,41772.0,271957.0,610052.0,882168.0,0.0,0.00%,"[Quant Buy] Confidence 70/100: Strong Uptrend, Stable RSI, Positive Momentum, Golden Cross (Market Health: 50.0%)"
"Sep 02, 2018",KBL,BUY,156,208.0,32448.0,239509.0,642500.0,882168.0,0.0,0.00%,"[Quant Buy] Confidence 60/100: Strong Uptrend, Positive Momentum, Volume Breakout (Market Health: 50.0%)"
"Sep 03, 2018",CFCL,BUY,296,121.0,35816.0,203693.0,678316.0,885779.0,0.0,0.00%,"[Quant Buy] Confidence 75/100: Strong Uptrend, Stable RSI, Positive Momentum, Volume Breakout (Market Health: 57.7%)"
"Sep 05, 2018",JFL,BUY,173,200.0,34600.0,169093.0,712916.0,896275.0,0.0,0.00%,"[Quant Buy] Confidence 85/100: Strong Uptrend, Stable RSI, Positive Momentum, Volume Breakout, Healthy Market Index (Market Health: 75.0%)"
"Sep 06, 2018",NABIL,BUY,29,965.0,27985.0,141108.0,740901.0,894921.0,0.0,0.00%,"[Quant Buy] Confidence 85/100: Strong Uptrend, Stable RSI, Positive Momentum, Volume Breakout, Healthy Market Index (Market Health: 64.3%)"
"Sep 10, 2018",SANIMA,BUY,51,326.0,16626.0,124482.0,757527.0,890837.0,0.0,0.00%,"[Quant Buy] Confidence 60/100: Strong Uptrend, Stable RSI, Golden Cross (Market Health: 50.0%)"
"Sep 11, 2018",MBL,BUY,70,213.0,14910.0,109572.0,772437.0,894486.0,0.0,0.00%,"[Quant Buy] Confidence 60/100: Strong Uptrend, Stable RSI, Golden Cross (Market Health: 59.3%)"
"Sep 13, 2018",BPCL,BUY,33,464.0,15312.0,94260.0,787749.0,904800.0,0.0,0.00%,"[Quant Buy] Confidence 70/100: Strong Uptrend, Positive Momentum, Volume Breakout, Healthy Market Index (Market Health: 67.9%)"
"Sep 25, 2018",NMB,BUY,32,377.0,12064.0,82196.0,799813.0,928044.0,0.0,0.00%,"[Quant Buy] Confidence 65/100: Strong Uptrend, Positive Momentum, Golden Cross, Healthy Market Index (Market Health: 72.4%)"
"Sep 25, 2018",SBI,BUY,20,511.0,10220.0,71976.0,810033.0,928044.0,0.0,0.00%,"[Quant Buy] Confidence 65/100: Strong Uptrend, Stable RSI, Positive Momentum, Healthy Market Index (Market Health: 72.4%)"
"Sep 27, 2018",NHPC,BUY,161,89.0,14329.0,57647.0,824362.0,921404.0,0.0,0.00%,"[Quant Buy] Confidence 100/100: Strong Uptrend, Stable RSI, Positive Momentum, Volume Breakout, Golden Cross, Healthy Market Index (Market Health: 63.0%)"
"Oct 03, 2018",JFL,SELL,173,168.0,29064.0,86711.0,789762.0,883297.0,-5536.0,-16.00%,[Stop Loss] Stop-Loss hit at -16.00%. (Market Health: 44.4%)
"Oct 08, 2018",SBI,SELL,20,485.0,9700.0,96411.0,779542.0,882598.0,-520.0,-5.09%,[Trend Breakdown] Death Cross: SMA20 crossed below SMA50. (Market Health: 42.3%)
"Oct 14, 2018",GBBL,SELL,267,179.0,47793.0,144204.0,728545.0,894485.0,-3204.0,-6.28%,[Trend Breakdown] Death Cross: SMA20 crossed below SMA50. (Market Health: 48.0%)
"Oct 24, 2018",JBBL,SELL,268,138.0,36984.0,181188.0,689685.0,894804.0,-1876.0,-4.83%,[Trend Breakdown] Death Cross: SMA20 crossed below SMA50. (Market Health: 61.5%)
"Oct 24, 2018",NABIL,SELL,29,962.0,27898.0,209086.0,661700.0,894804.0,-87.0,-0.31%,[Trend Breakdown] Death Cross: SMA20 crossed below SMA50. (Market Health: 61.5%)
"Nov 01, 2018",CZBIL,SELL,177,241.0,42657.0,251743.0,619928.0,883843.0,885.0,+2.12%,[Trend Breakdown] Death Cross: SMA20 crossed below SMA50. (Market Health: 36.0%)
"Nov 01, 2018",NHPC,SELL,161,78.0,12558.0,264301.0,605599.0,883843.0,-1771.0,-12.36%,[Trend Breakdown] Death Cross: SMA20 crossed below SMA50. (Market Health: 36.0%)
"Nov 12, 2018",SANIMA,SELL,51,320.0,16320.0,280621.0,588973.0,881175.0,-306.0,-1.84%,[Trend Breakdown] Death Cross: SMA20 crossed below SMA50. (Market Health: 8.3%)
"Nov 15, 2018",MBL,SELL,70,220.0,15400.0,296021.0,574063.0,883101.0,490.0,+3.29%,[Trend Breakdown] Death Cross: SMA20 crossed below SMA50. (Market Health: 10.7%)
"Nov 18, 2018",ADBL,SELL,123,345.0,42435.0,338456.0,532366.0,880508.0,738.0,+1.77%,[Trend Breakdown] Death Cross: SMA20 crossed below SMA50. (Market Health: 11.5%)
"Nov 19, 2018",CFCL,SELL,296,115.0,34040.0,372496.0,496550.0,882098.0,-1776.0,-4.96%,[Trend Breakdown] Death Cross: SMA20 crossed below SMA50. (Market Health: 11.1%)
"Nov 20, 2018",GBIME,SELL,140,313.0,43820.0,416316.0,454550.0,880702.0,1820.0,+4.33%,[Trend Breakdown] Death Cross: SMA20 crossed below SMA50. (Market Health: 4.2%)
"Nov 20, 2018",BPCL,SELL,33,444.0,14652.0,430968.0,439238.0,880702.0,-660.0,-4.31%,[Trend Breakdown] Death Cross: SMA20 crossed below SMA50. (Market Health: 4.2%)
"Nov 20, 2018",NMB,SELL,32,342.0,10944.0,441912.0,427174.0,880702.0,-1120.0,-9.28%,[Trend Breakdown] Death Cross: SMA20 crossed below SMA50. (Market Health: 4.2%)
"Nov 25, 2018",PCBL,SELL,168,321.0,53928.0,495840.0,377782.0,877099.0,4536.0,+9.18%,[Trend Breakdown] Death Cross: SMA20 crossed below SMA50. (Market Health: 7.4%)
"Nov 27, 2018",GFCL,SELL,307,118.0,36226.0,532066.0,338793.0,876943.0,-2763.0,-7.09%,[Trend Breakdown] Death Cross: SMA20 crossed below SMA50. (Market Health: 7.1%)
"Dec 02, 2018",KBL,SELL,156,243.0,37908.0,569974.0,306345.0,876319.0,5460.0,+16.83%,[Trend Breakdown] Death Cross: SMA20 crossed below SMA50. (Market Health: 3.8%)
"Dec 23, 2018",NMB,BUY,91,392.0,35672.0,534302.0,342017.0,876319.0,0.0,0.00%,"[Quant Buy] Confidence 60/100: Strong Uptrend, Positive Momentum, Volume Breakout (Market Health: 42.3%)"
"Dec 26, 2018",GBIME,BUY,109,328.0,35752.0,498550.0,377769.0,871860.0,0.0,0.00%,"[Quant Buy] Confidence 60/100: Strong Uptrend, Positive Momentum, Volume Breakout (Market Health: 48.3%)"
"Dec 26, 2018",ICFC,BUY,230,156.0,35880.0,462670.0,413649.0,871860.0,0.0,0.00%,"[Quant Buy] Confidence 60/100: Strong Uptrend, Stable RSI, Golden Cross (Market Health: 48.3%)"
"Dec 27, 2018",JFL,BUY,238,176.0,41888.0,420782.0,455537.0,870878.0,0.0,0.00%,"[Quant Buy] Confidence 70/100: Strong Uptrend, Stable RSI, Positive Momentum, Golden Cross (Market Health: 51.9%)"
"Dec 30, 2018",GBBL,BUY,185,194.0,35890.0,384892.0,491427.0,865533.0,0.0,0.00%,"[Quant Buy] Confidence 60/100: Strong Uptrend, Stable RSI, Golden Cross (Market Health: 42.3%)"
"Dec 31, 2018",NMB,SELL,91,329.0,29939.0,414831.0,455755.0,862690.0,-5733.0,-16.07%,[Stop Loss] Stop-Loss hit at -16.07%. (Market Health: 34.6%)
"Dec 31, 2018",GBIME,SELL,109,277.0,30193.0,445024.0,420003.0,862690.0,-5559.0,-15.55%,[Stop Loss] Stop-Loss hit at -15.55%. (Market Health: 34.6%)
"Jan 10, 2019",KBL,BUY,213,253.0,53889.0,391135.0,473892.0,862719.0,0.0,0.00%,"[Quant Buy] Confidence 90/100: Strong Uptrend, Stable RSI, Positive Momentum, Volume Breakout, Golden Cross (Market Health: 44.0%)"
"Jan 10, 2019",JBBL,BUY,326,138.0,44988.0,346147.0,518880.0,862719.0,0.0,0.00%,"[Quant Buy] Confidence 75/100: Strong Uptrend, Stable RSI, Positive Momentum, Volume Breakout (Market Health: 44.0%)"
"Jan 13, 2019",ADBL,BUY,103,349.0,35947.0,310200.0,554827.0,861736.0,0.0,0.00%,"[Quant Buy] Confidence 60/100: Strong Uptrend, Positive Momentum, Volume Breakout (Market Health: 46.2%)"
"Jan 23, 2019",ICFC,SELL,230,155.0,35650.0,345850.0,518947.0,861610.0,-230.0,-0.64%,[Trend Breakdown] Death Cross: SMA20 crossed below SMA50. (Market Health: 37.5%)
"Feb 05, 2019",JFL,SELL,238,169.0,40222.0,386072.0,477059.0,857664.0,-1666.0,-3.98%,[Trend Breakdown] Death Cross: SMA20 crossed below SMA50. (Market Health: 22.2%)
"Feb 05, 2019",ADBL,SELL,103,338.0,34814.0,420886.0,441112.0,857664.0,-1133.0,-3.15%,[Trend Breakdown] Death Cross: SMA20 crossed below SMA50. (Market Health: 22.2%)
"Feb 07, 2019",KBL,SELL,213,238.0,50694.0,471580.0,387223.0,857138.0,-3195.0,-5.93%,[Trend Breakdown] Death Cross: SMA20 crossed below SMA50. (Market Health: 26.9%)
"Feb 12, 2019",GBBL,SELL,185,182.0,33670.0,505250.0,351333.0,855931.0,-2220.0,-6.19%,[Trend Breakdown] Death Cross: SMA20 crossed below SMA50. (Market Health: 14.8%)
"Feb 24, 2019",JBBL,SELL,326,134.0,43684.0,548934.0,306345.0,855279.0,-1304.0,-2.90%,[Trend Breakdown] Death Cross: SMA20 crossed below SMA50. (Market Health: 8.0%)
"Mar 11, 2019",MBL,BUY,248,217.0,53816.0,495118.0,360161.0,855279.0,0.0,0.00%,"[Quant Buy] Confidence 90/100: Strong Uptrend, Stable RSI, Positive Momentum, Volume Breakout, Golden Cross (Market Health: 48.1%)"
"Mar 11, 2019",CIT,BUY,17,2618.0,44506.0,450612.0,404667.0,855279.0,0.0,0.00%,"[Quant Buy] Confidence 75/100: Strong Uptrend, Stable RSI, Positive Momentum, Volume Breakout (Market Health: 48.1%)"
"Mar 12, 2019",EDBL,BUY,177,288.0,50976.0,399636.0,455643.0,856713.0,0.0,0.00%,"[Quant Buy] Confidence 85/100: Strong Uptrend, Stable RSI, Positive Momentum, Volume Breakout, Healthy Market Index (Market Health: 70.4%)"
"Mar 24, 2019",NHPC,BUY,583,72.0,41976.0,357660.0,497619.0,855915.0,0.0,0.00%,"[Quant Buy] Confidence 70/100: Strong Uptrend, Stable RSI, Positive Momentum, Golden Cross (Market Health: 42.3%)"
"Mar 26, 2019",SBI,BUY,107,391.0,41837.0,315823.0,539456.0,857164.0,0.0,0.00%,"[Quant Buy] Confidence 70/100: Strong Uptrend, Stable RSI, Golden Cross, Healthy Market Index (Market Health: 61.5%)"
"Mar 27, 2019",AHPC,BUY,346,104.0,35984.0,279839.0,575440.0,857899.0,0.0,0.00%,"[Quant Buy] Confidence 60/100: Strong Uptrend, Stable RSI, Golden Cross (Market Health: 52.0%)"
"Mar 31, 2019",CZBIL,BUY,241,209.0,50369.0,229470.0,625809.0,855640.0,0.0,0.00%,"[Quant Buy] Confidence 90/100: Strong Uptrend, Stable RSI, Positive Momentum, Volume Breakout, Golden Cross (Market Health: 50.0%)"
"Mar 31, 2019",SANIMA,BUY,106,302.0,32012.0,197458.0,657821.0,855640.0,0.0,0.00%,"[Quant Buy] Confidence 70/100: Strong Uptrend, Stable RSI, Positive Momentum, Golden Cross (Market Health: 50.0%)"
"Mar 31, 2019",HBL,BUY,56,458.0,25648.0,171810.0,683469.0,855640.0,0.0,0.00%,"[Quant Buy] Confidence 65/100: Strong Uptrend, Stable RSI, Volume Breakout (Market Health: 50.0%)"
"Apr 01, 2019",NMB,BUY,88,331.0,29128.0,142682.0,712597.0,862045.0,0.0,0.00%,"[Quant Buy] Confidence 85/100: Strong Uptrend, Stable RSI, Positive Momentum, Volume Breakout, Healthy Market Index (Market Health: 66.7%)"
"Apr 01, 2019",BPCL,BUY,63,362.0,22806.0,119876.0,735403.0,862045.0,0.0,0.00%,"[Quant Buy] Confidence 80/100: Strong Uptrend, Stable RSI, Positive Momentum, Golden Cross, Healthy Market Index (Market Health: 66.7%)"
"Apr 01, 2019",GMFIL,BUY,147,130.0,19110.0,100766.0,754513.0,862045.0,0.0,0.00%,"[Quant Buy] Confidence 80/100: Strong Uptrend, Stable RSI, Positive Momentum, Golden Cross, Healthy Market Index (Market Health: 66.7%)"
"Apr 01, 2019",GBBL,BUY,79,190.0,15010.0,85756.0,769523.0,862045.0,0.0,0.00%,"[Quant Buy] Confidence 75/100: Strong Uptrend, Stable RSI, Volume Breakout, Healthy Market Index (Market Health: 66.7%)"
"Apr 01, 2019",EBL,BUY,20,573.0,11460.0,74296.0,780983.0,862045.0,0.0,0.00%,"[Quant Buy] Confidence 70/100: Strong Uptrend, Positive Momentum, Volume Breakout, Healthy Market Index (Market Health: 66.7%)"
"Apr 01, 2019",GBIME,BUY,36,264.0,9504.0,64792.0,790487.0,862045.0,0.0,0.00%,"[Quant Buy] Confidence 65/100: Strong Uptrend, Stable RSI, Positive Momentum, Healthy Market Index (Market Health: 66.7%)"
"Apr 02, 2019",PCBL,BUY,39,325.0,12675.0,52117.0,803162.0,865530.0,0.0,0.00%,"[Quant Buy] Confidence 100/100: Strong Uptrend, Stable RSI, Positive Momentum, Volume Breakout, Golden Cross, Healthy Market Index (Market Health: 70.4%)"
"Apr 03, 2019",JBBL,BUY,49,138.0,6762.0,45355.0,809924.0,865867.0,0.0,0.00%,"[Quant Buy] Confidence 65/100: Strong Uptrend, Stable RSI, Positive Momentum, Healthy Market Index (Market Health: 73.1%)"
"Apr 04, 2019",KBL,BUY,37,241.0,8917.0,36438.0,818841.0,864440.0,0.0,0.00%,"[Quant Buy] Confidence 100/100: Strong Uptrend, Stable RSI, Positive Momentum, Volume Breakout, Golden Cross, Healthy Market Index (Market Health: 69.2%)"
"Apr 04, 2019",JFL,BUY,33,174.0,5742.0,30696.0,824583.0,864440.0,0.0,0.00%,"[Quant Buy] Confidence 80/100: Strong Uptrend, Stable RSI, Positive Momentum, Golden Cross, Healthy Market Index (Market Health: 69.2%)"
"Apr 07, 2019",ICFC,BUY,31,157.0,4867.0,25829.0,829450.0,872979.0,0.0,0.00%,"[Quant Buy] Confidence 80/100: Strong Uptrend, Stable RSI, Positive Momentum, Golden Cross, Healthy Market Index (Market Health: 74.1%)"
"Apr 09, 2019",GFCL,BUY,34,121.0,4114.0,21715.0,833564.0,871016.0,0.0,0.00%,"[Quant Buy] Confidence 80/100: Strong Uptrend, Stable RSI, Positive Momentum, Golden Cross, Healthy Market Index (Market Health: 73.1%)"
"Apr 18, 2019",CIT,SELL,17,2550.0,43350.0,65065.0,789058.0,894650.0,-1156.0,-2.60%,[Trend Breakdown] Death Cross: SMA20 crossed below SMA50. (Market Health: 84.6%)
"Apr 23, 2019",ADBL,BUY,24,346.0,8304.0,56761.0,797362.0,900580.0,0.0,0.00%,"[Quant Buy] Confidence 65/100: Strong Uptrend, Positive Momentum, Golden Cross, Healthy Market Index (Market Health: 77.8%)"
"Apr 28, 2019",CFCL,BUY,100,113.0,11300.0,45461.0,808662.0,915146.0,0.0,0.00%,"[Quant Buy] Confidence 100/100: Strong Uptrend, Stable RSI, Positive Momentum, Volume Breakout, Golden Cross, Healthy Market Index (Market Health: 89.3%)"
"May 12, 2019",KBL,SELL,37,221.0,8177.0,53638.0,799745.0,902875.0,-740.0,-8.30%,[Trend Breakdown] Death Cross: SMA20 crossed below SMA50. (Market Health: 84.6%)
"May 12, 2019",ALICL,BUY,15,441.0,6615.0,47023.0,806360.0,902875.0,0.0,0.00%,"[Quant Buy] Confidence 65/100: Strong Uptrend, Stable RSI, Positive Momentum, Healthy Market Index (Market Health: 84.6%)"
"May 13, 2019",NHPC,SELL,583,70.0,40810.0,87833.0,764384.0,908697.0,-1166.0,-2.78%,[Trend Breakdown] Death Cross: SMA20 crossed below SMA50. (Market Health: 96.2%)
"May 13, 2019",CHCL,BUY,21,537.0,11277.0,76556.0,775661.0,908697.0,0.0,0.00%,"[Quant Buy] Confidence 65/100: Strong Uptrend, Stable RSI, Positive Momentum, Healthy Market Index (Market Health: 96.2%)"
"May 13, 2019",CORBL,BUY,101,98.0,9898.0,66658.0,785559.0,908697.0,0.0,0.00%,"[Quant Buy] Confidence 65/100: Strong Uptrend, Stable RSI, Positive Momentum, Healthy Market Index (Market Health: 96.2%)"
"May 22, 2019",PROFL,BUY,92,108.0,9936.0,56722.0,795495.0,921021.0,0.0,0.00%,"[Quant Buy] Confidence 75/100: Strong Uptrend, Stable RSI, Volume Breakout, Healthy Market Index (Market Health: 96.3%)"
"Jun 06, 2019",PCBL,SELL,39,300.0,11700.0,68422.0,782820.0,903942.0,-975.0,-7.69%,[Trend Breakdown] Death Cross: SMA20 crossed below SMA50. (Market Health: 67.9%)
"Jun 12, 2019",ALICL,SELL,15,393.0,5895.0,74317.0,776205.0,900387.0,-720.0,-10.88%,[Trend Breakdown] Death Cross: SMA20 crossed below SMA50. (Market Health: 65.4%)
"Jun 12, 2019",PROFL,SELL,92,114.0,10488.0,84805.0,766269.0,900387.0,552.0,+5.56%,[Trend Breakdown] Death Cross: SMA20 crossed below SMA50. (Market Health: 65.4%)
"Jun 17, 2019",CZBIL,SELL,241,221.0,53261.0,138066.0,715900.0,901199.0,2892.0,+5.74%,[Trend Breakdown] Death Cross: SMA20 crossed below SMA50. (Market Health: 48.1%)
"Jun 19, 2019",SBI,SELL,107,461.0,49327.0,187393.0,674063.0,896592.0,7490.0,+17.90%,[Trend Breakdown] Death Cross: SMA20 crossed below SMA50. (Market Health: 46.2%)
"Jun 19, 2019",GMFIL,SELL,147,123.0,18081.0,205474.0,654953.0,896592.0,-1029.0,-5.38%,[Trend Breakdown] Death Cross: SMA20 crossed below SMA50. (Market Health: 46.2%)
"Jun 20, 2019",CHCL,SELL,21,511.0,10731.0,216205.0,643676.0,899517.0,-546.0,-4.84%,[Trend Breakdown] Death Cross: SMA20 crossed below SMA50. (Market Health: 46.4%)
"Jun 23, 2019",GBIME,SELL,36,300.0,10800.0,227005.0,634172.0,898561.0,1296.0,+13.64%,[Trend Breakdown] Death Cross: SMA20 crossed below SMA50. (Market Health: 40.7%)
"Jun 24, 2019",HBL,SELL,56,555.0,31080.0,258085.0,608524.0,898892.0,5432.0,+21.18%,[Trend Breakdown] Death Cross: SMA20 crossed below SMA50. (Market Health: 44.4%)
"Jun 25, 2019",SANIMA,SELL,106,350.0,37100.0,295185.0,576512.0,895899.0,5088.0,+15.89%,[Trend Breakdown] Death Cross: SMA20 crossed below SMA50. (Market Health: 40.0%)
"Jun 26, 2019",EDBL,SELL,177,294.0,52038.0,347223.0,525536.0,898294.0,1062.0,+2.08%,[Trend Breakdown] Death Cross: SMA20 crossed below SMA50. (Market Health: 38.5%)
"Jun 30, 2019",MBL,SELL,248,264.0,65472.0,412695.0,471720.0,895496.0,11656.0,+21.66%,[Trend Breakdown] Death Cross: SMA20 crossed below SMA50. (Market Health: 19.2%)
"Jun 30, 2019",EBL,SELL,20,653.0,13060.0,425755.0,460260.0,895496.0,1600.0,+13.96%,[Trend Breakdown] Death Cross: SMA20 crossed below SMA50. (Market Health: 19.2%)
"Jul 02, 2019",AHPC,SELL,346,106.0,36676.0,462431.0,424276.0,897469.0,692.0,+1.92%,[Trend Breakdown] Death Cross: SMA20 crossed below SMA50. (Market Health: 28.6%)
"Jul 08, 2019",GBBL,SELL,79,221.0,17459.0,479890.0,409266.0,898700.0,2449.0,+16.32%,[Trend Breakdown] Death Cross: SMA20 crossed below SMA50. (Market Health: 22.2%)
"Jul 08, 2019",ICFC,SELL,31,161.0,4991.0,484881.0,404399.0,898700.0,124.0,+2.55%,[Trend Breakdown] Death Cross: SMA20 crossed below SMA50. (Market Health: 22.2%)
"Jul 09, 2019",ADBL,SELL,24,405.0,9720.0,494601.0,396095.0,898455.0,1416.0,+17.05%,[Trend Breakdown] Death Cross: SMA20 crossed below SMA50. (Market Health: 28.0%)
"Jul 15, 2019",BPCL,SELL,63,409.0,25767.0,520368.0,373289.0,896156.0,2961.0,+12.98%,[Trend Breakdown] Death Cross: SMA20 crossed below SMA50. (Market Health: 39.1%)
"Jul 16, 2019",ICFC,BUY,250,168.0,42000.0,478368.0,415289.0,898277.0,0.0,0.00%,"[Quant Buy] Confidence 70/100: Strong Uptrend, Stable RSI, Positive Momentum, Golden Cross (Market Health: 44.0%)"
"Jul 21, 2019",KBL,BUY,190,221.0,41990.0,436378.0,457279.0,897615.0,0.0,0.00%,"[Quant Buy] Confidence 70/100: Strong Uptrend, Stable RSI, Positive Momentum, Golden Cross (Market Health: 54.2%)"
"Jul 28, 2019",ICFC,SELL,250,160.0,40000.0,476378.0,415279.0,895350.0,-2000.0,-4.76%,[Trend Breakdown] Death Cross: SMA20 crossed below SMA50. (Market Health: 23.1%)
"Jul 30, 2019",GBBL,BUY,159,226.0,35934.0,440444.0,451213.0,895858.0,0.0,0.00%,"[Quant Buy] Confidence 60/100: Strong Uptrend, Stable RSI, Golden Cross (Market Health: 44.4%)"
"Jul 31, 2019",PROFL,BUY,327,110.0,35970.0,404474.0,487183.0,895771.0,0.0,0.00%,"[Quant Buy] Confidence 60/100: Strong Uptrend, Stable RSI, Golden Cross (Market Health: 44.4%)"
"Aug 07, 2019",CORBL,SELL,101,121.0,12221.0,416695.0,477285.0,893736.0,2323.0,+23.47%,[Trend Breakdown] Death Cross: SMA20 crossed below SMA50. (Market Health: 24.0%)
"Aug 13, 2019",CFCL,SELL,100,115.0,11500.0,428195.0,465985.0,888551.0,200.0,+1.77%,[Trend Breakdown] Death Cross: SMA20 crossed below SMA50. (Market Health: 15.4%)
"Aug 13, 2019",GBBL,SELL,159,215.0,34185.0,462380.0,430051.0,888551.0,-1749.0,-4.87%,[Trend Breakdown] Death Cross: SMA20 crossed below SMA50. (Market Health: 15.4%)
"Aug 13, 2019",PROFL,SELL,327,101.0,33027.0,495407.0,394081.0,888551.0,-2943.0,-8.18%,[Trend Breakdown] Death Cross: SMA20 crossed below SMA50. (Market Health: 15.4%)
"Aug 14, 2019",KBL,SELL,190,206.0,39140.0,534547.0,352091.0,888373.0,-2850.0,-6.79%,[Trend Breakdown] Death Cross: SMA20 crossed below SMA50. (Market Health: 7.4%)
"Aug 20, 2019",JBBL,SELL,49,156.0,7644.0,542191.0,345329.0,888595.0,882.0,+13.04%,[Trend Breakdown] Death Cross: SMA20 crossed below SMA50. (Market Health: 19.2%)
"Sep 29, 2019",GFCL,SELL,34,133.0,4522.0,546713.0,341215.0,888588.0,408.0,+9.92%,[Trend Breakdown] Death Cross: SMA20 crossed below SMA50. (Market Health: 4.2%)
"Nov 17, 2019",JFL,SELL,33,195.0,6435.0,553148.0,335473.0,893373.0,693.0,+12.07%,[Trend Breakdown] Death Cross: SMA20 crossed below SMA50. (Market Health: 25.9%)
"Dec 09, 2019",JBBL,BUY,272,165.0,44880.0,508268.0,380353.0,893637.0,0.0,0.00%,"[Quant Buy] Confidence 75/100: Strong Uptrend, Stable RSI, Positive Momentum, Volume Breakout (Market Health: 51.9%)"
"Dec 09, 2019",ALICL,BUY,104,344.0,35776.0,472492.0,416129.0,893637.0,0.0,0.00%,"[Quant Buy] Confidence 60/100: Strong Uptrend, Positive Momentum, Volume Breakout (Market Health: 51.9%)"
"Dec 10, 2019",EDBL,BUY,155,290.0,44950.0,427542.0,461079.0,895277.0,0.0,0.00%,"[Quant Buy] Confidence 75/100: Strong Uptrend, Stable RSI, Positive Momentum, Volume Breakout (Market Health: 48.1%)"
"Dec 12, 2019",CFCL,BUY,413,116.0,47908.0,379634.0,508987.0,899471.0,0.0,0.00%,"[Quant Buy] Confidence 80/100: Strong Uptrend, Stable RSI, Positive Momentum, Golden Cross, Healthy Market Index (Market Health: 65.4%)"
"Dec 12, 2019",ICFC,BUY,240,162.0,38880.0,340754.0,547867.0,899471.0,0.0,0.00%,"[Quant Buy] Confidence 65/100: Strong Uptrend, Stable RSI, Positive Momentum, Healthy Market Index (Market Health: 65.4%)"
"Dec 16, 2019",PCBL,BUY,161,279.0,44919.0,295835.0,592786.0,895585.0,0.0,0.00%,"[Quant Buy] Confidence 75/100: Strong Uptrend, Stable RSI, Positive Momentum, Volume Breakout (Market Health: 50.0%)"
"Dec 17, 2019",AHPC,BUY,418,99.0,41382.0,254453.0,634168.0,895677.0,0.0,0.00%,"[Quant Buy] Confidence 70/100: Strong Uptrend, Stable RSI, Positive Momentum, Golden Cross (Market Health: 51.9%)"
"Dec 19, 2019",SANIMA,BUY,114,310.0,35340.0,219113.0,669508.0,894714.0,0.0,0.00%,"[Quant Buy] Confidence 70/100: Strong Uptrend, Stable RSI, Golden Cross, Healthy Market Index (Market Health: 63.0%)"
"Dec 24, 2019",HBL,BUY,79,498.0,39342.0,179771.0,708850.0,890454.0,0.0,0.00%,"[Quant Buy] Confidence 90/100: Strong Uptrend, Stable RSI, Volume Breakout, Golden Cross, Healthy Market Index (Market Health: 60.7%)"
"Dec 24, 2019",LICN,BUY,27,1035.0,27945.0,151826.0,736795.0,890454.0,0.0,0.00%,"[Quant Buy] Confidence 80/100: Strong Uptrend, Stable RSI, Positive Momentum, Golden Cross, Healthy Market Index (Market Health: 60.7%)"
"Dec 25, 2019",NMB,SELL,88,324.0,28512.0,180338.0,707667.0,891178.0,-616.0,-2.11%,[Trend Breakdown] Death Cross: SMA20 crossed below SMA50. (Market Health: 57.1%)
"Dec 25, 2019",JFL,BUY,128,196.0,25088.0,155250.0,732755.0,891178.0,0.0,0.00%,"[Quant Buy] Confidence 70/100: Strong Uptrend, Stable RSI, Positive Momentum, Golden Cross (Market Health: 57.1%)"
"Dec 26, 2019",GFCL,BUY,184,135.0,24840.0,130410.0,757595.0,887503.0,0.0,0.00%,"[Quant Buy] Confidence 80/100: Strong Uptrend, Stable RSI, Volume Breakout, Golden Cross (Market Health: 53.8%)"
"Dec 30, 2019",PCBL,SELL,161,237.0,38157.0,168567.0,712676.0,880143.0,-6762.0,-15.05%,[Stop Loss] Stop-Loss hit at -15.05%. (Market Health: 42.9%)
"Dec 30, 2019",JFL,SELL,128,162.0,20736.0,189303.0,687588.0,880143.0,-4352.0,-17.35%,[Stop Loss] Stop-Loss hit at -17.35%. (Market Health: 42.9%)
"Jan 01, 2020",ICFC,SELL,240,146.0,35040.0,224343.0,648708.0,873563.0,-3840.0,-9.88%,[Trend Breakdown] Death Cross: SMA20 crossed below SMA50. (Market Health: 32.1%)
"Jan 02, 2020",AHPC,SELL,418,92.0,38456.0,262799.0,607326.0,869337.0,-2926.0,-7.07%,[Trend Breakdown] Death Cross: SMA20 crossed below SMA50. (Market Health: 32.1%)
"Jan 06, 2020",KBL,BUY,254,186.0,47244.0,215555.0,654570.0,878440.0,0.0,0.00%,"[Quant Buy] Confidence 90/100: Strong Uptrend, Stable RSI, Positive Momentum, Volume Breakout, Golden Cross (Market Health: 46.4%)"
"Jan 06, 2020",GMFIL,BUY,239,117.0,27963.0,187592.0,682533.0,878440.0,0.0,0.00%,"[Quant Buy] Confidence 65/100: Strong Uptrend, Stable RSI, Volume Breakout (Market Health: 46.4%)"
"Jan 08, 2020",PROFL,BUY,267,98.0,26166.0,161426.0,708699.0,886818.0,0.0,0.00%,"[Quant Buy] Confidence 70/100: Strong Uptrend, Stable RSI, Positive Momentum, Golden Cross (Market Health: 59.3%)"
"Jan 09, 2020",CZBIL,BUY,116,194.0,22504.0,138922.0,731203.0,886945.0,0.0,0.00%,"[Quant Buy] Confidence 70/100: Strong Uptrend, Stable RSI, Positive Momentum, Golden Cross (Market Health: 57.1%)"
"Jan 14, 2020",MBL,BUY,84,229.0,19236.0,119686.0,750439.0,914568.0,0.0,0.00%,"[Quant Buy] Confidence 70/100: Strong Uptrend, Stable RSI, Golden Cross, Healthy Market Index (Market Health: 75.0%)"
"Jan 14, 2020",EBL,BUY,26,596.0,15496.0,104190.0,765935.0,914568.0,0.0,0.00%,"[Quant Buy] Confidence 65/100: Strong Uptrend, Positive Momentum, Golden Cross, Healthy Market Index (Market Health: 75.0%)"
"Jan 15, 2020",CHCL,BUY,32,420.0,13440.0,90750.0,779375.0,920389.0,0.0,0.00%,"[Quant Buy] Confidence 65/100: Strong Uptrend, Positive Momentum, Golden Cross, Healthy Market Index (Market Health: 89.3%)"
"Jan 16, 2020",SBI,BUY,36,419.0,15084.0,75666.0,794459.0,940219.0,0.0,0.00%,"[Quant Buy] Confidence 85/100: Strong Uptrend, Positive Momentum, Volume Breakout, Golden Cross, Healthy Market Index (Market Health: 89.3%)"
"Jan 19, 2020",NHPC,BUY,270,56.0,15120.0,60546.0,809579.0,962945.0,0.0,0.00%,"[Quant Buy] Confidence 100/100: Strong Uptrend, Stable RSI, Positive Momentum, Volume Breakout, Golden Cross, Healthy Market Index (Market Health: 96.4%)"
"Jan 19, 2020",CORBL,BUY,71,144.0,10224.0,50322.0,819803.0,962945.0,0.0,0.00%,"[Quant Buy] Confidence 85/100: Strong Uptrend, Positive Momentum, Volume Breakout, Golden Cross, Healthy Market Index (Market Health: 96.4%)"
"Jan 19, 2020",GBBL,BUY,35,240.0,8400.0,41922.0,828203.0,962945.0,0.0,0.00%,"[Quant Buy] Confidence 85/100: Strong Uptrend, Positive Momentum, Volume Breakout, Golden Cross, Healthy Market Index (Market Health: 96.4%)"
"Jan 19, 2020",ICFC,BUY,36,195.0,7020.0,34902.0,835223.0,962945.0,0.0,0.00%,"[Quant Buy] Confidence 85/100: Strong Uptrend, Positive Momentum, Volume Breakout, Golden Cross, Healthy Market Index (Market Health: 96.4%)"
"Feb 02, 2020",AHPC,BUY,50,97.0,4850.0,30052.0,840073.0,950635.0,0.0,0.00%,"[Quant Buy] Confidence 70/100: Strong Uptrend, Stable RSI, Golden Cross, Healthy Market Index (Market Health: 89.7%)"
"Feb 03, 2020",PCBL,BUY,21,285.0,5985.0,24067.0,846058.0,953703.0,0.0,0.00%,"[Quant Buy] Confidence 100/100: Strong Uptrend, Stable RSI, Positive Momentum, Volume Breakout, Golden Cross, Healthy Market Index (Market Health: 93.1%)"
"Feb 11, 2020",JFL,BUY,18,183.0,3294.0,20773.0,849352.0,947617.0,0.0,0.00%,"[Quant Buy] Confidence 70/100: Strong Uptrend, Stable RSI, Golden Cross, Healthy Market Index (Market Health: 86.2%)"
"Feb 25, 2020",ALICL,SELL,104,690.0,71760.0,92533.0,813576.0,1024674.0,35984.0,+100.58%,[Profit Booking] Target Achieved: +100.58% gain. (Market Health: 96.6%)
"Feb 25, 2020",BPCL,BUY,32,403.0,12896.0,79637.0,826472.0,1024674.0,0.0,0.00%,"[Quant Buy] Confidence 70/100: Strong Uptrend, Positive Momentum, Volume Breakout, Healthy Market Index (Market Health: 96.6%)"
"Feb 25, 2020",NMB,BUY,23,477.0,10971.0,68666.0,837443.0,1024674.0,0.0,0.00%,"[Quant Buy] Confidence 70/100: Strong Uptrend, Positive Momentum, Volume Breakout, Healthy Market Index (Market Health: 96.6%)"
"Feb 26, 2020",ADBL,BUY,21,453.0,9513.0,59153.0,846956.0,1036228.0,0.0,0.00%,"[Quant Buy] Confidence 70/100: Strong Uptrend, Positive Momentum, Volume Breakout, Healthy Market Index (Market Health: 100.0%)"
"Mar 10, 2020",BPCL,SELL,32,340.0,10880.0,70033.0,834060.0,959317.0,-2016.0,-15.63%,[Stop Loss] Stop-Loss hit at -15.63%. (Market Health: 53.6%)
"Mar 10, 2020",ADBL,SELL,21,380.0,7980.0,78013.0,824547.0,959317.0,-1533.0,-16.11%,[Stop Loss] Stop-Loss hit at -16.11%. (Market Health: 53.6%)
"Mar 15, 2020",CORBL,SELL,71,120.0,8520.0,86533.0,814323.0,943546.0,-1704.0,-16.67%,[Stop Loss] Stop-Loss hit at -16.67%. (Market Health: 13.8%)
"Mar 17, 2020",ICFC,SELL,36,165.0,5940.0,92473.0,807303.0,921990.0,-1080.0,-15.38%,[Stop Loss] Stop-Loss hit at -15.38%. (Market Health: 3.4%)
"Mar 17, 2020",NMB,SELL,23,388.0,8924.0,101397.0,796332.0,921990.0,-2047.0,-18.66%,[Stop Loss] Stop-Loss hit at -18.66%. (Market Health: 3.4%)
"Mar 18, 2020",CFCL,SELL,413,126.0,52038.0,153435.0,748424.0,918941.0,4130.0,+8.62%,[Trend Breakdown] Death Cross: SMA20 crossed below SMA50. (Market Health: 3.4%)
"Mar 18, 2020",JFL,SELL,18,169.0,3042.0,156477.0,745130.0,918941.0,-252.0,-7.65%,[Trend Breakdown] Death Cross: SMA20 crossed below SMA50. (Market Health: 3.4%)
"Mar 19, 2020",CHCL,SELL,32,377.0,12064.0,168541.0,731690.0,922096.0,-1376.0,-10.24%,[Trend Breakdown] Death Cross: SMA20 crossed below SMA50. (Market Health: 3.6%)
"May 12, 2020",GMFIL,SELL,239,114.0,27246.0,195787.0,703727.0,899671.0,-717.0,-2.56%,[Trend Breakdown] Death Cross: SMA20 crossed below SMA50. (Market Health: 0.0%)
"Jun 29, 2020",GBBL,SELL,35,196.0,6860.0,202647.0,695327.0,882639.0,-1540.0,-18.33%,[Stop Loss] Stop-Loss hit at -18.33%. (Market Health: 0.0%)
"Jun 29, 2020",PCBL,SELL,21,233.0,4893.0,207540.0,689342.0,882639.0,-1092.0,-18.25%,[Stop Loss] Stop-Loss hit at -18.25%. (Market Health: 0.0%)
"Jun 30, 2020",KBL,SELL,254,177.0,44958.0,252498.0,642098.0,902012.0,-2286.0,-4.84%,[Trend Breakdown] Death Cross: SMA20 crossed below SMA50. (Market Health: 0.0%)
"Jun 30, 2020",CZBIL,SELL,116,180.0,20880.0,273378.0,619594.0,902012.0,-1624.0,-7.22%,[Trend Breakdown] Death Cross: SMA20 crossed below SMA50. (Market Health: 0.0%)
"Jul 01, 2020",JBBL,SELL,272,179.0,48688.0,322066.0,574714.0,917358.0,3808.0,+8.48%,[Trend Breakdown] Death Cross: SMA20 crossed below SMA50. (Market Health: 15.4%)
"Jul 01, 2020",SANIMA,SELL,114,341.0,38874.0,360940.0,539374.0,917358.0,3534.0,+10.00%,[Trend Breakdown] Death Cross: SMA20 crossed below SMA50. (Market Health: 15.4%)
"Jul 01, 2020",AHPC,SELL,50,97.0,4850.0,365790.0,534524.0,917358.0,0.0,+0.00%,[Trend Breakdown] Death Cross: SMA20 crossed below SMA50. (Market Health: 15.4%)
"Jul 02, 2020",HBL,SELL,79,514.0,40606.0,406396.0,495182.0,909496.0,1264.0,+3.21%,[Trend Breakdown] Death Cross: SMA20 crossed below SMA50. (Market Health: 7.4%)
"Jul 02, 2020",MBL,SELL,84,212.0,17808.0,424204.0,475946.0,909496.0,-1428.0,-7.42%,[Trend Breakdown] Death Cross: SMA20 crossed below SMA50. (Market Health: 7.4%)
"Jul 02, 2020",NHPC,SELL,270,49.0,13230.0,437434.0,460826.0,909496.0,-1890.0,-12.50%,[Trend Breakdown] Death Cross: SMA20 crossed below SMA50. (Market Health: 7.4%)
"Jul 05, 2020",LICN,SELL,27,1250.0,33750.0,471184.0,432881.0,908517.0,5805.0,+20.77%,[Trend Breakdown] Death Cross: SMA20 crossed below SMA50. (Market Health: 0.0%)
"Jul 05, 2020",GFCL,SELL,184,148.0,27232.0,498416.0,408041.0,908517.0,2392.0,+9.63%,[Trend Breakdown] Death Cross: SMA20 crossed below SMA50. (Market Health: 0.0%)
"Jul 05, 2020",EBL,SELL,26,630.0,16380.0,514796.0,392545.0,908517.0,884.0,+5.70%,[Trend Breakdown] Death Cross: SMA20 crossed below SMA50. (Market Health: 0.0%)
"Jul 06, 2020",SBI,SELL,36,408.0,14688.0,529484.0,377461.0,907410.0,-396.0,-2.63%,[Trend Breakdown] Death Cross: SMA20 crossed below SMA50. (Market Health: 3.7%)
"Jul 07, 2020",PROFL,SELL,267,103.0,27501.0,556985.0,351295.0,908280.0,1335.0,+5.10%,[Trend Breakdown] Death Cross: SMA20 crossed below SMA50. (Market Health: 13.8%)
"Jul 08, 2020",EDBL,SELL,155,285.0,44175.0,601160.0,306345.0,907505.0,-775.0,-1.72%,[Trend Breakdown] Death Cross: SMA20 crossed below SMA50. (Market Health: 7.1%)
"Jul 26, 2020",ALICL,BUY,77,662.0,50974.0,550186.0,357319.0,907505.0,0.0,0.00%,"[Quant Buy] Confidence 85/100: Strong Uptrend, Positive Momentum, Volume Breakout, Golden Cross, Healthy Market Index (Market Health: 72.4%)"
"Jul 27, 2020",NABIL,BUY,52,860.0,44720.0,505466.0,402039.0,907274.0,0.0,0.00%,"[Quant Buy] Confidence 75/100: Strong Uptrend, Volume Breakout, Golden Cross, Healthy Market Index (Market Health: 71.4%)"
"Jul 27, 2020",BPCL,BUY,114,367.0,41838.0,463628.0,443877.0,907274.0,0.0,0.00%,"[Quant Buy] Confidence 70/100: Strong Uptrend, Stable RSI, Golden Cross, Healthy Market Index (Market Health: 71.4%)"
"Jul 29, 2020",ADBL,BUY,92,422.0,38824.0,424804.0,482701.0,904162.0,0.0,0.00%,"[Quant Buy] Confidence 65/100: Strong Uptrend, Volume Breakout, Golden Cross (Market Health: 51.7%)"
"Aug 10, 2020",LICN,BUY,31,1450.0,44950.0,379854.0,527651.0,903910.0,0.0,0.00%,"[Quant Buy] Confidence 75/100: Strong Uptrend, Stable RSI, Positive Momentum, Volume Breakout (Market Health: 55.2%)"
"Aug 12, 2020",CIT,BUY,16,2600.0,41600.0,338254.0,569251.0,904337.0,0.0,0.00%,"[Quant Buy] Confidence 70/100: Strong Uptrend, Stable RSI, Positive Momentum, Golden Cross (Market Health: 48.3%)"
"Aug 24, 2020",CHCL,BUY,113,395.0,44635.0,293619.0,613886.0,911486.0,0.0,0.00%,"[Quant Buy] Confidence 75/100: Strong Uptrend, Stable RSI, Positive Momentum, Volume Breakout (Market Health: 58.6%)"
"Aug 25, 2020",EBL,BUY,53,720.0,38160.0,255459.0,652046.0,914002.0,0.0,0.00%,"[Quant Buy] Confidence 65/100: Strong Uptrend, Stable RSI, Positive Momentum, Healthy Market Index (Market Health: 69.0%)"
"Aug 25, 2020",GBBL,BUY,139,238.0,33082.0,222377.0,685128.0,914002.0,0.0,0.00%,"[Quant Buy] Confidence 65/100: Strong Uptrend, Stable RSI, Positive Momentum, Healthy Market Index (Market Health: 69.0%)"
"Aug 25, 2020",HBL,BUY,52,554.0,28808.0,193569.0,713936.0,914002.0,0.0,0.00%,"[Quant Buy] Confidence 65/100: Strong Uptrend, Stable RSI, Positive Momentum, Healthy Market Index (Market Health: 69.0%)"
"Aug 25, 2020",NMB,BUY,59,421.0,24839.0,168730.0,738775.0,914002.0,0.0,0.00%,"[Quant Buy] Confidence 65/100: Strong Uptrend, Stable RSI, Positive Momentum, Healthy Market Index (Market Health: 69.0%)"
"Aug 25, 2020",SANIMA,BUY,64,341.0,21824.0,146906.0,760599.0,914002.0,0.0,0.00%,"[Quant Buy] Confidence 65/100: Strong Uptrend, Stable RSI, Positive Momentum, Healthy Market Index (Market Health: 69.0%)"
"Aug 26, 2020",KBL,BUY,132,189.0,24948.0,121958.0,785547.0,919999.0,0.0,0.00%,"[Quant Buy] Confidence 85/100: Strong Uptrend, Stable RSI, Positive Momentum, Volume Breakout, Healthy Market Index (Market Health: 75.9%)"
"Aug 26, 2020",MBL,BUY,90,230.0,20700.0,101258.0,806247.0,919999.0,0.0,0.00%,"[Quant Buy] Confidence 85/100: Strong Uptrend, Stable RSI, Positive Momentum, Volume Breakout, Healthy Market Index (Market Health: 75.9%)"
"Aug 26, 2020",SBI,BUY,39,433.0,16887.0,84371.0,823134.0,919999.0,0.0,0.00%,"[Quant Buy] Confidence 85/100: Strong Uptrend, Stable RSI, Positive Momentum, Volume Breakout, Healthy Market Index (Market Health: 75.9%)"
"Aug 26, 2020",PCBL,BUY,41,286.0,11726.0,72645.0,834860.0,919999.0,0.0,0.00%,"[Quant Buy] Confidence 70/100: Strong Uptrend, Positive Momentum, Volume Breakout, Healthy Market Index (Market Health: 75.9%)"
"Aug 26, 2020",CZBIL,BUY,47,197.0,9259.0,63386.0,844119.0,919999.0,0.0,0.00%,"[Quant Buy] Confidence 65/100: Strong Uptrend, Stable RSI, Positive Momentum, Healthy Market Index (Market Health: 75.9%)"
"Aug 26, 2020",GFCL,BUY,53,153.0,8109.0,55277.0,852228.0,919999.0,0.0,0.00%,"[Quant Buy] Confidence 65/100: Strong Uptrend, Stable RSI, Positive Momentum, Healthy Market Index (Market Health: 75.9%)"
"Aug 27, 2020",NHPC,BUY,163,54.0,8802.0,46475.0,861030.0,918058.0,0.0,0.00%,"[Quant Buy] Confidence 80/100: Strong Uptrend, Stable RSI, Positive Momentum, Golden Cross, Healthy Market Index (Market Health: 79.3%)"
"Aug 27, 2020",GBIME,BUY,23,256.0,5888.0,40587.0,866918.0,918058.0,0.0,0.00%,"[Quant Buy] Confidence 65/100: Strong Uptrend, Stable RSI, Positive Momentum, Healthy Market Index (Market Health: 79.3%)"
"Aug 31, 2020",AHPC,BUY,81,100.0,8100.0,32487.0,875018.0,924615.0,0.0,0.00%,"[Quant Buy] Confidence 100/100: Strong Uptrend, Stable RSI, Positive Momentum, Volume Breakout, Golden Cross, Healthy Market Index (Market Health: 86.2%)"
"Aug 31, 2020",GMFIL,BUY,36,123.0,4428.0,28059.0,879446.0,924615.0,0.0,0.00%,"[Quant Buy] Confidence 70/100: Stable RSI, Positive Momentum, Volume Breakout, Golden Cross, Healthy Market Index (Market Health: 86.2%)"
"Aug 31, 2020",ICFC,BUY,22,178.0,3916.0,24143.0,883362.0,924615.0,0.0,0.00%,"[Quant Buy] Confidence 70/100: Strong Uptrend, Positive Momentum, Volume Breakout, Healthy Market Index (Market Health: 86.2%)"
"Sep 03, 2020",CFCL,BUY,30,126.0,3780.0,20363.0,887142.0,931850.0,0.0,0.00%,"[Quant Buy] Confidence 80/100: Strong Uptrend, Stable RSI, Positive Momentum, Golden Cross, Healthy Market Index (Market Health: 96.6%)"
"Sep 03, 2020",PROFL,BUY,30,107.0,3210.0,17153.0,890352.0,931850.0,0.0,0.00%,"[Quant Buy] Confidence 80/100: Strong Uptrend, Stable RSI, Positive Momentum, Golden Cross, Healthy Market Index (Market Health: 96.6%)"
"Sep 06, 2020",KBL,SELL,132,190.0,25080.0,42233.0,865404.0,929245.0,132.0,+0.53%,[Trend Breakdown] Death Cross: SMA20 crossed below SMA50. (Market Health: 86.2%)
"Sep 06, 2020",ICFC,SELL,22,174.0,3828.0,46061.0,861488.0,929245.0,-88.0,-2.25%,[Trend Breakdown] Death Cross: SMA20 crossed below SMA50. (Market Health: 86.2%)
"Sep 08, 2020",MBL,SELL,90,224.0,20160.0,66221.0,840788.0,936683.0,-540.0,-2.61%,[Trend Breakdown] Death Cross: SMA20 crossed below SMA50. (Market Health: 69.0%)
"Sep 09, 2020",SANIMA,SELL,64,340.0,21760.0,87981.0,818964.0,940453.0,-64.0,-0.29%,[Trend Breakdown] Death Cross: SMA20 crossed below SMA50. (Market Health: 65.5%)
"Sep 09, 2020",JFL,BUY,73,167.0,12191.0,75790.0,831155.0,940453.0,0.0,0.00%,"[Quant Buy] Confidence 70/100: Strong Uptrend, Stable RSI, Golden Cross, Healthy Market Index (Market Health: 65.5%)"
"Sep 10, 2020",CZBIL,SELL,47,194.0,9118.0,84908.0,821896.0,942543.0,-141.0,-1.52%,[Trend Breakdown] Death Cross: SMA20 crossed below SMA50. (Market Health: 72.4%)
"Sep 10, 2020",CORBL,BUY,85,129.0,10965.0,73943.0,832861.0,942543.0,0.0,0.00%,"[Quant Buy] Confidence 65/100: Strong Uptrend, Positive Momentum, Golden Cross, Healthy Market Index (Market Health: 72.4%)"
"Sep 21, 2020",CZBIL,BUY,60,209.0,12540.0,61403.0,845401.0,969657.0,0.0,0.00%,"[Quant Buy] Confidence 85/100: Strong Uptrend, Positive Momentum, Volume Breakout, Golden Cross, Healthy Market Index (Market Health: 100.0%)"
"Sep 22, 2020",KBL,BUY,48,203.0,9744.0,51659.0,855145.0,960315.0,0.0,0.00%,"[Quant Buy] Confidence 80/100: Strong Uptrend, Stable RSI, Positive Momentum, Golden Cross, Healthy Market Index (Market Health: 86.2%)"
"Sep 27, 2020",EBL,SELL,53,732.0,38796.0,90455.0,816985.0,973603.0,636.0,+1.67%,[Trend Breakdown] Death Cross: SMA20 crossed below SMA50. (Market Health: 82.8%)
"Sep 27, 2020",NMB,SELL,59,419.0,24721.0,115176.0,792146.0,973603.0,-118.0,-0.48%,[Trend Breakdown] Death Cross: SMA20 crossed below SMA50. (Market Health: 82.8%)
"Sep 28, 2020",ICFC,BUY,76,195.0,14820.0,100356.0,806966.0,973443.0,0.0,0.00%,"[Quant Buy] Confidence 65/100: Strong Uptrend, Stable RSI, Positive Momentum, Healthy Market Index (Market Health: 82.8%)"
"Sep 29, 2020",AHPC,SELL,81,209.0,16929.0,117285.0,798866.0,971459.0,8829.0,+109.00%,[Profit Booking] Target Achieved: +109.00% gain. (Market Health: 79.3%)
"Sep 30, 2020",JBBL,BUY,127,184.0,23368.0,93917.0,822234.0,972132.0,0.0,0.00%,"[Quant Buy] Confidence 100/100: Strong Uptrend, Stable RSI, Positive Momentum, Volume Breakout, Golden Cross, Healthy Market Index (Market Health: 75.9%)"
"Oct 01, 2020",MBL,BUY,62,239.0,14818.0,79099.0,837052.0,981160.0,0.0,0.00%,"[Quant Buy] Confidence 80/100: Strong Uptrend, Stable RSI, Positive Momentum, Golden Cross, Healthy Market Index (Market Health: 86.2%)"
"Oct 05, 2020",AHPC,BUY,44,250.0,11000.0,68099.0,848052.0,985820.0,0.0,0.00%,"[Quant Buy] Confidence 70/100: Strong Uptrend, Positive Momentum, Volume Breakout, Healthy Market Index (Market Health: 86.2%)"
"Oct 06, 2020",NHPC,SELL,163,110.0,17930.0,86029.0,839250.0,990620.0,9128.0,+103.70%,[Profit Booking] Target Achieved: +103.70% gain. (Market Health: 86.2%)
"Oct 11, 2020",EDBL,BUY,41,330.0,13530.0,72499.0,852780.0,993045.0,0.0,0.00%,"[Quant Buy] Confidence 80/100: Strong Uptrend, Stable RSI, Positive Momentum, Golden Cross, Healthy Market Index (Market Health: 79.3%)"
"Oct 13, 2020",NHPC,BUY,84,111.0,9324.0,63175.0,862104.0,992052.0,0.0,0.00%,"[Quant Buy] Confidence 65/100: Strong Uptrend, Stable RSI, Positive Momentum, Healthy Market Index (Market Health: 75.9%)"
"Oct 14, 2020",SANIMA,BUY,27,345.0,9315.0,53860.0,871419.0,988191.0,0.0,0.00%,"[Quant Buy] Confidence 75/100: Strong Uptrend, Stable RSI, Volume Breakout, Healthy Market Index (Market Health: 79.3%)"
"Oct 18, 2020",SBI,SELL,39,412.0,16068.0,69928.0,854532.0,986203.0,-819.0,-4.85%,[Trend Breakdown] Death Cross: SMA20 crossed below SMA50. (Market Health: 72.4%)
"Oct 18, 2020",SANIMA,SELL,27,340.0,9180.0,79108.0,845217.0,986203.0,-135.0,-1.45%,[Trend Breakdown] Death Cross: SMA20 crossed below SMA50. (Market Health: 72.4%)
"Oct 19, 2020",LICN,SELL,31,1483.0,45973.0,125081.0,800267.0,995364.0,1023.0,+2.28%,[Trend Breakdown] Death Cross: SMA20 crossed below SMA50. (Market Health: 79.3%)
"Oct 29, 2020",SANIMA,BUY,70,355.0,24850.0,100231.0,825117.0,1017098.0,0.0,0.00%,"[Quant Buy] Confidence 100/100: Strong Uptrend, Stable RSI, Positive Momentum, Volume Breakout, Golden Cross, Healthy Market Index (Market Health: 100.0%)"
"Nov 02, 2020",SANIMA,SELL,70,322.0,22540.0,122771.0,800267.0,1012811.0,-2310.0,-9.30%,[Trend Breakdown] Death Cross: SMA20 crossed below SMA50. (Market Health: 93.1%)
"Nov 04, 2020",ALICL,SELL,77,738.0,56826.0,179597.0,749293.0,1011704.0,5852.0,+11.48%,[Trend Breakdown] Death Cross: SMA20 crossed below SMA50. (Market Health: 89.7%)
"Nov 05, 2020",MBL,SELL,62,229.0,14198.0,193795.0,734475.0,1011632.0,-620.0,-4.18%,[Trend Breakdown] Death Cross: SMA20 crossed below SMA50. (Market Health: 86.2%)
"Nov 10, 2020",LICN,BUY,21,1562.0,32802.0,160993.0,767277.0,1021681.0,0.0,0.00%,"[Quant Buy] Confidence 85/100: Strong Uptrend, Positive Momentum, Volume Breakout, Golden Cross, Healthy Market Index (Market Health: 82.8%)"
"Nov 12, 2020",ALICL,BUY,34,782.0,26588.0,134405.0,793865.0,1029696.0,0.0,0.00%,"[Quant Buy] Confidence 85/100: Strong Uptrend, Positive Momentum, Volume Breakout, Golden Cross, Healthy Market Index (Market Health: 93.1%)"
"Nov 18, 2020",NMB,BUY,50,427.0,21350.0,113055.0,815215.0,1035495.0,0.0,0.00%,"[Quant Buy] Confidence 80/100: Strong Uptrend, Stable RSI, Positive Momentum, Golden Cross, Healthy Market Index (Market Health: 89.7%)"
"Nov 25, 2020",MBL,BUY,94,239.0,22466.0,90589.0,837681.0,1063463.0,0.0,0.00%,"[Quant Buy] Confidence 100/100: Strong Uptrend, Stable RSI, Positive Momentum, Volume Breakout, Golden Cross, Healthy Market Index (Market Health: 89.7%)"
"Nov 26, 2020",SBI,BUY,35,430.0,15050.0,75539.0,852731.0,1070729.0,0.0,0.00%,"[Quant Buy] Confidence 85/100: Strong Uptrend, Stable RSI, Positive Momentum, Volume Breakout, Healthy Market Index (Market Health: 93.1%)"
"Dec 15, 2020",CIT,SELL,16,5298.0,84768.0,160307.0,811131.0,1106848.0,43168.0,+103.77%,[Profit Booking] Target Achieved: +103.77% gain. (Market Health: 80.0%)
"Dec 15, 2020",CFCL,SELL,30,159.0,4770.0,165077.0,807351.0,1106848.0,990.0,+26.19%,[Trend Breakdown] Death Cross: SMA20 crossed below SMA50. (Market Health: 80.0%)
"Dec 15, 2020",PROFL,SELL,30,130.0,3900.0,168977.0,804141.0,1106848.0,690.0,+21.50%,[Trend Breakdown] Death Cross: SMA20 crossed below SMA50. (Market Health: 80.0%)
"Dec 17, 2020",AHPC,SELL,44,218.0,9592.0,178569.0,793141.0,1098535.0,-1408.0,-12.80%,[Trend Breakdown] Death Cross: SMA20 crossed below SMA50. (Market Health: 73.3%)
"Dec 22, 2020",EBL,BUY,32,714.0,22848.0,155721.0,815989.0,1102715.0,0.0,0.00%,"[Quant Buy] Confidence 65/100: Strong Uptrend, Stable RSI, Positive Momentum, Healthy Market Index (Market Health: 73.3%)"
"Dec 27, 2020",ICFC,SELL,76,284.0,21584.0,177305.0,801169.0,1089302.0,6764.0,+45.64%,[Trend Breakdown] Death Cross: SMA20 crossed below SMA50. (Market Health: 53.3%)
"Dec 27, 2020",SBI,SELL,35,414.0,14490.0,191795.0,786119.0,1089302.0,-560.0,-3.72%,[Trend Breakdown] Death Cross: SMA20 crossed below SMA50. (Market Health: 53.3%)
"Dec 28, 2020",KBL,SELL,48,235.0,11280.0,203075.0,776375.0,1090006.0,1536.0,+15.76%,[Trend Breakdown] Death Cross: SMA20 crossed below SMA50. (Market Health: 56.7%)
"Dec 30, 2020",CORBL,SELL,85,207.0,17595.0,220670.0,765410.0,1063756.0,6630.0,+60.47%,[Trend Breakdown] Death Cross: SMA20 crossed below SMA50. (Market Health: 46.7%)
"Dec 31, 2020",NHPC,SELL,84,112.0,9408.0,230078.0,756086.0,1067432.0,84.0,+0.90%,[Trend Breakdown] Death Cross: SMA20 crossed below SMA50. (Market Health: 43.3%)
"Jan 04, 2021",CHCL,SELL,113,535.0,60455.0,290533.0,711451.0,1078196.0,15820.0,+35.44%,[Trend Breakdown] Death Cross: SMA20 crossed below SMA50. (Market Health: 50.0%)
"Jan 04, 2021",GFCL,SELL,53,194.0,10282.0,300815.0,703342.0,1078196.0,2173.0,+26.80%,[Trend Breakdown] Death Cross: SMA20 crossed below SMA50. (Market Health: 50.0%)
"Jan 05, 2021",ADBL,SELL,92,435.0,40020.0,340835.0,664518.0,1077109.0,1196.0,+3.08%,[Trend Breakdown] Death Cross: SMA20 crossed below SMA50. (Market Health: 46.7%)
"Jan 05, 2021",HBL,SELL,52,565.0,29380.0,370215.0,635710.0,1077109.0,572.0,+1.99%,[Trend Breakdown] Death Cross: SMA20 crossed below SMA50. (Market Health: 46.7%)
"Jan 05, 2021",NMB,SELL,50,409.0,20450.0,390665.0,614360.0,1077109.0,-900.0,-4.22%,[Trend Breakdown] Death Cross: SMA20 crossed below SMA50. (Market Health: 46.7%)
"Jan 07, 2021",SANIMA,BUY,119,376.0,44744.0,345921.0,659104.0,1081950.0,0.0,0.00%,"[Quant Buy] Confidence 75/100: Strong Uptrend, Positive Momentum, Volume Breakout, Golden Cross (Market Health: 53.3%)"
"Jan 10, 2021",KBL,BUY,155,289.0,44795.0,301126.0,703899.0,1092148.0,0.0,0.00%,"[Quant Buy] Confidence 75/100: Strong Uptrend, Positive Momentum, Volume Breakout, Golden Cross (Market Health: 60.0%)"
"Jan 11, 2021",BPCL,SELL,114,402.0,45828.0,346954.0,662061.0,1092647.0,3990.0,+9.54%,[Trend Breakdown] Death Cross: SMA20 crossed below SMA50. (Market Health: 63.3%)
"Jan 11, 2021",CORBL,BUY,138,282.0,38916.0,308038.0,700977.0,1092647.0,0.0,0.00%,"[Quant Buy] Confidence 65/100: Strong Uptrend, Positive Momentum, Golden Cross, Healthy Market Index (Market Health: 63.3%)"
"Jan 13, 2021",CFCL,BUY,260,196.0,50960.0,257078.0,751937.0,1101471.0,0.0,0.00%,"[Quant Buy] Confidence 85/100: Strong Uptrend, Positive Momentum, Volume Breakout, Golden Cross, Healthy Market Index (Market Health: 66.7%)"
"Jan 18, 2021",SBI,BUY,91,449.0,40859.0,216219.0,792796.0,1128303.0,0.0,0.00%,"[Quant Buy] Confidence 80/100: Strong Uptrend, Stable RSI, Positive Momentum, Golden Cross, Healthy Market Index (Market Health: 76.7%)"
"Jan 21, 2021",GFCL,BUY,139,263.0,36557.0,179662.0,829353.0,1160402.0,0.0,0.00%,"[Quant Buy] Confidence 85/100: Strong Uptrend, Positive Momentum, Volume Breakout, Golden Cross, Healthy Market Index (Market Health: 73.3%)"
"Jan 21, 2021",PROFL,BUY,168,181.0,30408.0,149254.0,859761.0,1160402.0,0.0,0.00%,"[Quant Buy] Confidence 85/100: Strong Uptrend, Positive Momentum, Volume Breakout, Golden Cross, Healthy Market Index (Market Health: 73.3%)"
"Jan 24, 2021",CORBL,SELL,138,572.0,78936.0,228190.0,820845.0,1170771.0,40020.0,+102.84%,[Profit Booking] Target Achieved: +102.84% gain. (Market Health: 73.3%)
"Jan 25, 2021",GBIME,SELL,23,337.0,7751.0,235941.0,814957.0,1155060.0,1863.0,+31.64%,[Trend Breakdown] Death Cross: SMA20 crossed below SMA50. (Market Health: 79.3%)
"Jan 26, 2021",NABIL,SELL,52,1168.0,60736.0,296677.0,770237.0,1149722.0,16016.0,+35.81%,[Trend Breakdown] Death Cross: SMA20 crossed below SMA50. (Market Health: 76.7%)
"Jan 26, 2021",CHCL,BUY,65,592.0,38480.0,258197.0,808717.0,1149722.0,0.0,0.00%,"[Quant Buy] Confidence 65/100: Strong Uptrend, Positive Momentum, Golden Cross, Healthy Market Index (Market Health: 76.7%)"
"Jan 31, 2021",PROFL,SELL,168,150.0,25200.0,283397.0,778309.0,1120264.0,-5208.0,-17.13%,[Stop Loss] Stop-Loss hit at -17.13%. (Market Health: 63.3%)
"Jan 31, 2021",AHPC,BUY,163,242.0,39446.0,243951.0,817755.0,1120264.0,0.0,0.00%,"[Quant Buy] Confidence 70/100: Strong Uptrend, Stable RSI, Golden Cross, Healthy Market Index (Market Health: 63.3%)"
"Feb 01, 2021",NHPC,BUY,296,140.0,41440.0,202511.0,859195.0,1134961.0,0.0,0.00%,"[Quant Buy] Confidence 85/100: Strong Uptrend, Positive Momentum, Volume Breakout, Golden Cross, Healthy Market Index (Market Health: 66.7%)"
"Feb 02, 2021",ICFC,BUY,95,296.0,28120.0,174391.0,887315.0,1142945.0,0.0,0.00%,"[Quant Buy] Confidence 70/100: Strong Uptrend, Stable RSI, Golden Cross, Healthy Market Index (Market Health: 66.7%)"
"Feb 03, 2021",GBIME,BUY,74,400.0,29600.0,144791.0,916915.0,1140843.0,0.0,0.00%,"[Quant Buy] Confidence 85/100: Strong Uptrend, Positive Momentum, Volume Breakout, Golden Cross, Healthy Market Index (Market Health: 70.0%)"
"Feb 04, 2021",PROFL,BUY,117,160.0,18720.0,126071.0,935635.0,1142930.0,0.0,0.00%,"[Quant Buy] Confidence 65/100: Strong Uptrend, Stable RSI, Positive Momentum, Healthy Market Index (Market Health: 70.0%)"
"Feb 07, 2021",JBBL,SELL,127,222.0,28194.0,154265.0,912267.0,1154243.0,4826.0,+20.65%,[Trend Breakdown] Death Cross: SMA20 crossed below SMA50. (Market Health: 76.7%)
"Feb 11, 2021",CORBL,BUY,36,548.0,19728.0,134537.0,931995.0,1175166.0,0.0,0.00%,"[Quant Buy] Confidence 65/100: Strong Uptrend, Stable RSI, Positive Momentum, Healthy Market Index (Market Health: 90.0%)"
"Feb 14, 2021",NMB,BUY,48,440.0,21120.0,113417.0,953115.0,1170107.0,0.0,0.00%,"[Quant Buy] Confidence 80/100: Strong Uptrend, Stable RSI, Positive Momentum, Golden Cross, Healthy Market Index (Market Health: 90.0%)"
"Feb 18, 2021",GBBL,SELL,139,334.0,46426.0,159843.0,920033.0,1218431.0,13344.0,+40.34%,[Trend Breakdown] Death Cross: SMA20 crossed below SMA50. (Market Health: 93.3%)
"Feb 21, 2021",JBBL,BUY,86,241.0,20726.0,139117.0,940759.0,1214466.0,0.0,0.00%,"[Quant Buy] Confidence 65/100: Strong Uptrend, Positive Momentum, Golden Cross, Healthy Market Index (Market Health: 93.3%)"
"Mar 04, 2021",NABBC,SELL,15,555.0,8325.0,147442.0,934354.0,1175280.0,1920.0,+29.98%,[Trend Breakdown] Death Cross: SMA20 crossed below SMA50. (Market Health: 60.0%)
"Mar 04, 2021",SBI,SELL,91,419.0,38129.0,185571.0,893495.0,1175280.0,-2730.0,-6.68%,[Trend Breakdown] Death Cross: SMA20 crossed below SMA50. (Market Health: 60.0%)
"Mar 10, 2021",EBL,SELL,32,752.0,24064.0,209635.0,870647.0,1166594.0,1216.0,+5.32%,[Trend Breakdown] Death Cross: SMA20 crossed below SMA50. (Market Health: 50.0%)
"Mar 10, 2021",CHCL,SELL,65,552.0,35880.0,245515.0,832167.0,1166594.0,-2600.0,-6.76%,[Trend Breakdown] Death Cross: SMA20 crossed below SMA50. (Market Health: 50.0%)
"Mar 16, 2021",JFL,SELL,73,260.0,18980.0,264495.0,819976.0,1149141.0,6789.0,+55.69%,[Trend Breakdown] Death Cross: SMA20 crossed below SMA50. (Market Health: 23.3%)
"Mar 17, 2021",LICN,SELL,21,2271.0,47691.0,312186.0,787174.0,1157344.0,14889.0,+45.39%,[Trend Breakdown] Death Cross: SMA20 crossed below SMA50. (Market Health: 30.0%)
"Mar 17, 2021",JBBL,SELL,86,222.0,19092.0,331278.0,766448.0,1157344.0,-1634.0,-7.88%,[Trend Breakdown] Death Cross: SMA20 crossed below SMA50. (Market Health: 30.0%)
"Mar 18, 2021",PCBL,SELL,41,428.0,17548.0,348826.0,754722.0,1163685.0,5822.0,+49.65%,[Trend Breakdown] Death Cross: SMA20 crossed below SMA50. (Market Health: 53.3%)
"Mar 21, 2021",NMB,SELL,48,428.0,20544.0,369370.0,733602.0,1166225.0,-576.0,-2.73%,[Trend Breakdown] Death Cross: SMA20 crossed below SMA50. (Market Health: 46.7%)
"Mar 22, 2021",SANIMA,SELL,119,359.0,42721.0,412091.0,688858.0,1150897.0,-2023.0,-4.52%,[Trend Breakdown] Death Cross: SMA20 crossed below SMA50. (Market Health: 30.0%)
"Mar 22, 2021",CFCL,SELL,260,199.0,51740.0,463831.0,637898.0,1150897.0,780.0,+1.53%,[Trend Breakdown] Death Cross: SMA20 crossed below SMA50. (Market Health: 30.0%)
"Mar 23, 2021",GMFIL,SELL,36,211.0,7596.0,471427.0,633470.0,1150036.0,3168.0,+71.54%,[Trend Breakdown] Death Cross: SMA20 crossed below SMA50. (Market Health: 36.7%)
"Mar 23, 2021",ICFC,SELL,95,297.0,28215.0,499642.0,605350.0,1150036.0,95.0,+0.34%,[Trend Breakdown] Death Cross: SMA20 crossed below SMA50. (Market Health: 36.7%)
"Mar 24, 2021",PROFL,SELL,117,159.0,18603.0,518245.0,586630.0,1153326.0,-117.0,-0.62%,[Trend Breakdown] Death Cross: SMA20 crossed below SMA50. (Market Health: 40.0%)
"Mar 25, 2021",ALICL,SELL,34,1245.0,42330.0,560575.0,560042.0,1149824.0,15742.0,+59.21%,[Trend Breakdown] Death Cross: SMA20 crossed below SMA50. (Market Health: 36.7%)
"Mar 25, 2021",GFCL,SELL,139,252.0,35028.0,595603.0,523485.0,1149824.0,-1529.0,-4.18%,[Trend Breakdown] Death Cross: SMA20 crossed below SMA50. (Market Health: 36.7%)
"Mar 29, 2021",CZBIL,SELL,60,305.0,18300.0,613903.0,510945.0,1149041.0,5760.0,+45.93%,[Trend Breakdown] Death Cross: SMA20 crossed below SMA50. (Market Health: 33.3%)
"Mar 30, 2021",MBL,SELL,94,302.0,28388.0,642291.0,488479.0,1150112.0,5922.0,+26.36%,[Trend Breakdown] Death Cross: SMA20 crossed below SMA50. (Market Health: 43.3%)
"Mar 31, 2021",NABIL,BUY,34,1294.0,43996.0,598295.0,532475.0,1151775.0,0.0,0.00%,"[Quant Buy] Confidence 75/100: Strong Uptrend, Stable RSI, Positive Momentum, Volume Breakout (Market Health: 46.7%)"
"Apr 04, 2021",CZBIL,BUY,142,316.0,44872.0,553423.0,577347.0,1162059.0,0.0,0.00%,"[Quant Buy] Confidence 75/100: Strong Uptrend, Positive Momentum, Volume Breakout, Golden Cross (Market Health: 60.0%)"
"Apr 06, 2021",AHPC,SELL,163,277.0,45151.0,598574.0,537901.0,1166916.0,5705.0,+14.46%,[Trend Breakdown] Death Cross: SMA20 crossed below SMA50. (Market Health: 63.3%)
"Apr 08, 2021",JBBL,BUY,196,260.0,50960.0,547614.0,588861.0,1164890.0,0.0,0.00%,"[Quant Buy] Confidence 85/100: Strong Uptrend, Positive Momentum, Volume Breakout, Golden Cross, Healthy Market Index (Market Health: 70.0%)"
"Apr 08, 2021",MBL,BUY,154,311.0,47894.0,499720.0,636755.0,1164890.0,0.0,0.00%,"[Quant Buy] Confidence 80/100: Strong Uptrend, Stable RSI, Positive Momentum, Golden Cross, Healthy Market Index (Market Health: 70.0%)"
"Apr 08, 2021",CHCL,BUY,58,670.0,38860.0,460860.0,675615.0,1164890.0,0.0,0.00%,"[Quant Buy] Confidence 65/100: Strong Uptrend, Positive Momentum, Golden Cross, Healthy Market Index (Market Health: 70.0%)"
"Apr 12, 2021",BPCL,BUY,114,420.0,47880.0,412980.0,723495.0,1168361.0,0.0,0.00%,"[Quant Buy] Confidence 80/100: Strong Uptrend, Stable RSI, Positive Momentum, Golden Cross, Healthy Market Index (Market Health: 73.3%)"
"Apr 12, 2021",GBBL,BUY,116,335.0,38860.0,374120.0,762355.0,1168361.0,0.0,0.00%,"[Quant Buy] Confidence 65/100: Strong Uptrend, Positive Momentum, Golden Cross, Healthy Market Index (Market Health: 73.3%)"
"Apr 13, 2021",GBIME,SELL,74,450.0,33300.0,407420.0,732755.0,1175707.0,3700.0,+12.50%,[Trend Breakdown] Death Cross: SMA20 crossed below SMA50. (Market Health: 83.3%)
"Apr 13, 2021",GMFIL,BUY,203,251.0,50953.0,356467.0,783708.0,1175707.0,0.0,0.00%,"[Quant Buy] Confidence 85/100: Strong Uptrend, Positive Momentum, Volume Breakout, Golden Cross, Healthy Market Index (Market Health: 83.3%)"
"Apr 13, 2021",PROFL,BUY,286,178.0,50908.0,305559.0,834616.0,1175707.0,0.0,0.00%,"[Quant Buy] Confidence 85/100: Strong Uptrend, Positive Momentum, Volume Breakout, Golden Cross, Healthy Market Index (Market Health: 83.3%)"
"Apr 13, 2021",SANIMA,BUY,129,393.0,50697.0,254862.0,885313.0,1175707.0,0.0,0.00%,"[Quant Buy] Confidence 85/100: Strong Uptrend, Positive Momentum, Volume Breakout, Golden Cross, Healthy Market Index (Market Health: 83.3%)"
"Apr 15, 2021",CFCL,BUY,182,238.0,43316.0,211546.0,928629.0,1188868.0,0.0,0.00%,"[Quant Buy] Confidence 85/100: Strong Uptrend, Positive Momentum, Volume Breakout, Golden Cross, Healthy Market Index (Market Health: 90.0%)"
"Apr 15, 2021",ICFC,BUY,105,340.0,35700.0,175846.0,964329.0,1188868.0,0.0,0.00%,"[Quant Buy] Confidence 85/100: Strong Uptrend, Positive Momentum, Volume Breakout, Golden Cross, Healthy Market Index (Market Health: 90.0%)"
"Apr 22, 2021",CORBL,SELL,36,669.0,24084.0,199930.0,944601.0,1163730.0,4356.0,+22.08%,[Trend Breakdown] Death Cross: SMA20 crossed below SMA50. (Market Health: 60.0%)
"Apr 29, 2021",GFCL,BUY,99,281.0,27819.0,172111.0,972420.0,1145917.0,0.0,0.00%,"[Quant Buy] Confidence 70/100: Strong Uptrend, Stable RSI, Positive Momentum, Golden Cross (Market Health: 40.0%)"
"May 03, 2021",ALICL,BUY,18,1288.0,23184.0,148927.0,995604.0,1150630.0,0.0,0.00%,"[Quant Buy] Confidence 70/100: Strong Uptrend, Stable RSI, Positive Momentum, Golden Cross (Market Health: 50.0%)"
"May 03, 2021",JFL,BUY,78,266.0,20748.0,128179.0,1016352.0,1150630.0,0.0,0.00%,"[Quant Buy] Confidence 70/100: Strong Uptrend, Stable RSI, Positive Momentum, Golden Cross (Market Health: 50.0%)"
"May 10, 2021",NHPC,SELL,296,160.0,47360.0,175539.0,974912.0,1155911.0,5920.0,+14.29%,[Trend Breakdown] Death Cross: SMA20 crossed below SMA50. (Market Health: 66.7%)
"May 11, 2021",CORBL,BUY,41,670.0,27470.0,148069.0,1002382.0,1164621.0,0.0,0.00%,"[Quant Buy] Confidence 80/100: Strong Uptrend, Stable RSI, Positive Momentum, Golden Cross, Healthy Market Index (Market Health: 66.7%)"
"May 16, 2021",NABIL,SELL,34,1288.0,43792.0,191861.0,958386.0,1207092.0,-204.0,-0.46%,[Trend Breakdown] Death Cross: SMA20 crossed below SMA50. (Market Health: 86.2%)
"May 17, 2021",AHPC,BUY,99,329.0,32571.0,159290.0,990957.0,1218170.0,0.0,0.00%,"[Quant Buy] Confidence 85/100: Strong Uptrend, Positive Momentum, Volume Breakout, Golden Cross, Healthy Market Index (Market Health: 89.7%)"
"May 17, 2021",NABBC,BUY,42,636.0,26712.0,132578.0,1017669.0,1218170.0,0.0,0.00%,"[Quant Buy] Confidence 85/100: Strong Uptrend, Positive Momentum, Volume Breakout, Golden Cross, Healthy Market Index (Market Health: 89.7%)"
"May 18, 2021",NHPC,BUY,113,198.0,22374.0,110204.0,1040043.0,1257063.0,0.0,0.00%,"[Quant Buy] Confidence 85/100: Strong Uptrend, Positive Momentum, Volume Breakout, Golden Cross, Healthy Market Index (Market Health: 93.1%)"
"May 23, 2021",EDBL,SELL,41,671.0,27511.0,137715.0,1026513.0,1320075.0,13981.0,+103.33%,[Profit Booking] Target Achieved: +103.33% gain. (Market Health: 96.6%)
"May 24, 2021",PCBL,BUY,51,454.0,23154.0,114561.0,1049667.0,1315426.0,0.0,0.00%,"[Quant Buy] Confidence 85/100: Strong Uptrend, Positive Momentum, Volume Breakout, Golden Cross, Healthy Market Index (Market Health: 100.0%)"
"May 30, 2021",NMB,BUY,44,438.0,19272.0,95289.0,1068939.0,1384349.0,0.0,0.00%,"[Quant Buy] Confidence 85/100: Strong Uptrend, Positive Momentum, Volume Breakout, Golden Cross, Healthy Market Index (Market Health: 93.1%)"
"May 30, 2021",EDBL,BUY,20,640.0,12800.0,82489.0,1081739.0,1384349.0,0.0,0.00%,"[Quant Buy] Confidence 70/100: Strong Uptrend, Positive Momentum, Volume Breakout, Healthy Market Index (Market Health: 93.1%)"
"Jun 01, 2021",ADBL,BUY,26,437.0,11362.0,71127.0,1093101.0,1366429.0,0.0,0.00%,"[Quant Buy] Confidence 70/100: Strong Uptrend, Stable RSI, Golden Cross, Healthy Market Index (Market Health: 86.2%)"
"Jun 02, 2021",GBIME,BUY,22,438.0,9636.0,61491.0,1102737.0,1416337.0,0.0,0.00%,"[Quant Buy] Confidence 70/100: Strong Uptrend, Stable RSI, Golden Cross, Healthy Market Index (Market Health: 93.1%)"
"Jun 07, 2021",GFCL,SELL,99,574.0,56826.0,118317.0,1074918.0,1486086.0,29007.0,+104.27%,[Profit Booking] Target Achieved: +104.27% gain. (Market Health: 96.6%)
"Jun 08, 2021",PROFL,SELL,286,375.0,107250.0,225567.0,1024010.0,1543596.0,56342.0,+110.67%,[Profit Booking] Target Achieved: +110.67% gain. (Market Health: 96.6%)
"Jun 08, 2021",SBI,BUY,106,424.0,44944.0,180623.0,1068954.0,1543596.0,0.0,0.00%,"[Quant Buy] Confidence 100/100: Strong Uptrend, Stable RSI, Positive Momentum, Volume Breakout, Golden Cross, Healthy Market Index (Market Health: 96.6%)"
"Jun 08, 2021",NABIL,BUY,17,1315.0,22355.0,158268.0,1091309.0,1543596.0,0.0,0.00%,"[Quant Buy] Confidence 65/100: Strong Uptrend, Stable RSI, Positive Momentum, Healthy Market Index (Market Health: 96.6%)"
"Jun 10, 2021",GMFIL,SELL,203,514.0,104342.0,262610.0,1040356.0,1553627.0,53389.0,+104.78%,[Profit Booking] Target Achieved: +104.78% gain. (Market Health: 96.6%)
"Jun 13, 2021",CFCL,SELL,182,490.0,89180.0,351790.0,997040.0,1604320.0,45864.0,+105.88%,[Profit Booking] Target Achieved: +105.88% gain. (Market Health: 96.6%)
"Jun 13, 2021",ICFC,SELL,105,682.0,71610.0,423400.0,961340.0,1604320.0,35910.0,+100.59%,[Profit Booking] Target Achieved: +100.59% gain. (Market Health: 96.6%)
"Jun 13, 2021",LICN,BUY,20,2532.0,50640.0,372760.0,1011980.0,1604320.0,0.0,0.00%,"[Quant Buy] Confidence 85/100: Strong Uptrend, Stable RSI, Positive Momentum, Volume Breakout, Healthy Market Index (Market Health: 96.6%)"
"Jun 14, 2021",JBBL,SELL,196,520.0,101920.0,474680.0,961020.0,1613635.0,50960.0,+100.00%,[Profit Booking] Target Achieved: +100.00% gain. (Market Health: 100.0%)
"Jun 16, 2021",PROFL,BUY,102,380.0,38760.0,435920.0,999780.0,1579455.0,0.0,0.00%,"[Quant Buy] Confidence 65/100: Strong Uptrend, Stable RSI, Positive Momentum, Healthy Market Index (Market Health: 96.6%)"
"Jun 29, 2021",PROFL,SELL,102,310.0,31620.0,467540.0,961020.0,1533495.0,-7140.0,-18.42%,[Stop Loss] Stop-Loss hit at -18.42%. (Market Health: 79.3%)
"Jul 05, 2021",GFCL,BUY,60,640.0,38400.0,429140.0,999420.0,1533288.0,0.0,0.00%,"[Quant Buy] Confidence 65/100: Strong Uptrend, Stable RSI, Positive Momentum, Healthy Market Index (Market Health: 75.9%)"
"Jul 06, 2021",CFCL,BUY,102,382.0,38964.0,390176.0,1038384.0,1529732.0,0.0,0.00%,"[Quant Buy] Confidence 65/100: Strong Uptrend, Stable RSI, Positive Momentum, Healthy Market Index (Market Health: 72.4%)"
"Jul 08, 2021",CHCL,SELL,58,668.0,38744.0,428920.0,999524.0,1538380.0,-116.0,-0.30%,[Trend Breakdown] Death Cross: SMA20 crossed below SMA50. (Market Health: 75.9%)
"Jul 11, 2021",ALICL,SELL,18,1370.0,24660.0,453580.0,976340.0,1573851.0,1476.0,+6.37%,[Trend Breakdown] Death Cross: SMA20 crossed below SMA50. (Market Health: 89.7%)
"Jul 11, 2021",GMFIL,BUY,98,516.0,50568.0,403012.0,1026908.0,1573851.0,0.0,0.00%,"[Quant Buy] Confidence 85/100: Strong Uptrend, Stable RSI, Positive Momentum, Volume Breakout, Healthy Market Index (Market Health: 89.7%)"
"Jul 11, 2021",EBL,BUY,52,749.0,38948.0,364064.0,1065856.0,1573851.0,0.0,0.00%,"[Quant Buy] Confidence 65/100: Strong Uptrend, Stable RSI, Positive Momentum, Healthy Market Index (Market Health: 89.7%)"
"Jul 11, 2021",ICFC,BUY,66,583.0,38478.0,325586.0,1104334.0,1573851.0,0.0,0.00%,"[Quant Buy] Confidence 65/100: Strong Uptrend, Stable RSI, Positive Momentum, Healthy Market Index (Market Health: 89.7%)"
"Jul 11, 2021",JBBL,BUY,79,489.0,38631.0,286955.0,1142965.0,1573851.0,0.0,0.00%,"[Quant Buy] Confidence 65/100: Strong Uptrend, Stable RSI, Positive Momentum, Healthy Market Index (Market Health: 89.7%)"
"Jul 11, 2021",PROFL,BUY,101,368.0,37168.0,249787.0,1180133.0,1573851.0,0.0,0.00%,"[Quant Buy] Confidence 65/100: Strong Uptrend, Stable RSI, Positive Momentum, Healthy Market Index (Market Health: 89.7%)"
"Jul 12, 2021",LICN,SELL,20,2332.0,46640.0,296427.0,1129493.0,1554174.0,-4000.0,-7.90%,[Trend Breakdown] Death Cross: SMA20 crossed below SMA50. (Market Health: 79.3%)
"Jul 13, 2021",GBIME,SELL,22,443.0,9746.0,306173.0,1119857.0,1571717.0,110.0,+1.14%,[Trend Breakdown] Death Cross: SMA20 crossed below SMA50. (Market Health: 86.2%)
"Jul 15, 2021",SBI,SELL,106,409.0,43354.0,349527.0,1074913.0,1580222.0,-1590.0,-3.54%,[Trend Breakdown] Death Cross: SMA20 crossed below SMA50. (Market Health: 82.8%)
"Jul 19, 2021",NABBC,SELL,42,686.0,28812.0,378339.0,1048201.0,1610412.1,2100.0,+7.86%,[Trend Breakdown] Death Cross: SMA20 crossed below SMA50. (Market Health: 96.6%)
"Jul 25, 2021",GBIME,BUY,102,500.0,51000.0,327339.0,1099201.0,1646178.5,0.0,0.00%,"[Quant Buy] Confidence 85/100: Strong Uptrend, Positive Momentum, Volume Breakout, Golden Cross, Healthy Market Index (Market Health: 89.7%)"
"Jul 25, 2021",SBI,BUY,115,441.0,50715.0,276624.0,1149916.0,1646178.5,0.0,0.00%,"[Quant Buy] Confidence 85/100: Strong Uptrend, Positive Momentum, Volume Breakout, Golden Cross, Healthy Market Index (Market Health: 89.7%)"
"Jul 26, 2021",JFL,SELL,78,566.5,44187.0,320811.0,1129168.0,1648166.6,23439.0,+112.97%,[Profit Booking] Target Achieved: +112.97% gain. (Market Health: 93.1%)
"Aug 01, 2021",NABBC,BUY,63,799.0,50337.0,270474.0,1179505.0,1659612.8,0.0,0.00%,"[Quant Buy] Confidence 85/100: Strong Uptrend, Positive Momentum, Volume Breakout, Golden Cross, Healthy Market Index (Market Health: 100.0%)"
"Aug 03, 2021",LICN,BUY,17,2495.9,42430.3,228043.7,1221935.3,1656048.3,0.0,0.00%,"[Quant Buy] Confidence 80/100: Strong Uptrend, Stable RSI, Positive Momentum, Golden Cross, Healthy Market Index (Market Health: 100.0%)"
"Aug 05, 2021",JFL,BUY,49,647.0,31703.0,196340.7,1253638.3,1679813.5,0.0,0.00%,"[Quant Buy] Confidence 70/100: Strong Uptrend, Positive Momentum, Volume Breakout, Healthy Market Index (Market Health: 96.6%)"
"Aug 08, 2021",CHCL,BUY,53,740.0,39220.0,157120.7,1292858.3,1696111.3,0.0,0.00%,"[Quant Buy] Confidence 100/100: Strong Uptrend, Stable RSI, Positive Momentum, Volume Breakout, Golden Cross, Healthy Market Index (Market Health: 96.6%)"
"Aug 09, 2021",NHPC,SELL,113,419.0,47347.0,204467.7,1270484.3,1716995.9,24973.0,+111.62%,[Profit Booking] Target Achieved: +111.62% gain. (Market Health: 96.6%)
"Aug 11, 2021",ALICL,BUY,23,1417.0,32591.0,171876.7,1303075.3,1767797.0,0.0,0.00%,"[Quant Buy] Confidence 80/100: Strong Uptrend, Stable RSI, Positive Momentum, Golden Cross, Healthy Market Index (Market Health: 100.0%)"
"Aug 15, 2021",NHPC,BUY,55,399.0,21945.0,149931.7,1325020.3,1755825.8,0.0,0.00%,"[Quant Buy] Confidence 65/100: Strong Uptrend, Stable RSI, Positive Momentum, Healthy Market Index (Market Health: 93.1%)"
"Aug 17, 2021",GBBL,SELL,116,689.0,79924.0,229855.7,1286160.3,1783286.2,41064.0,+105.67%,[Profit Booking] Target Achieved: +105.67% gain. (Market Health: 89.7%)
"Aug 18, 2021",AHPC,SELL,99,690.8,68389.2,298244.9,1253589.3,1816226.4,35818.2,+109.97%,[Profit Booking] Target Achieved: +109.97% gain. (Market Health: 93.1%)
"Aug 24, 2021",CFCL,SELL,102,777.0,79254.0,377498.9,1214625.3,1790556.8,40290.0,+103.40%,[Profit Booking] Target Achieved: +103.40% gain. (Market Health: 86.2%)
"Aug 24, 2021",AHPC,BUY,58,670.0,38860.0,338638.9,1253485.3,1790556.8,0.0,0.00%,"[Quant Buy] Confidence 65/100: Strong Uptrend, Stable RSI, Positive Momentum, Healthy Market Index (Market Health: 86.2%)"
"Aug 25, 2021",ICFC,SELL,66,1176.8,77668.8,416307.7,1215007.3,1783060.5,39190.8,+101.85%,[Profit Booking] Target Achieved: +101.85% gain. (Market Health: 79.3%)
"Aug 25, 2021",GBBL,BUY,59,656.9,38757.1,377550.6,1253764.4,1783060.5,0.0,0.00%,"[Quant Buy] Confidence 65/100: Strong Uptrend, Stable RSI, Positive Momentum, Healthy Market Index (Market Health: 79.3%)"
"Aug 29, 2021",SBI,SELL,115,390.0,44850.0,422400.6,1203049.4,1828106.6,-5865.0,-11.56%,[Trend Breakdown] Death Cross: SMA20 crossed below SMA50. (Market Health: 65.5%)
"Sep 02, 2021",CHCL,SELL,53,626.0,33178.0,455578.6,1163829.4,1771161.4,-6042.0,-15.41%,[Stop Loss] Stop-Loss hit at -15.41%. (Market Health: 62.1%)
"Sep 05, 2021",KBL,SELL,155,342.0,53010.0,508588.6,1119034.4,1719981.2,8215.0,+18.34%,[Trend Breakdown] Death Cross: SMA20 crossed below SMA50. (Market Health: 37.9%)
"Sep 05, 2021",LICN,SELL,17,2100.0,35700.0,544288.6,1076604.1,1719981.2,-6730.3,-15.86%,[Stop Loss] Stop-Loss hit at -15.86%. (Market Health: 37.9%)
"Sep 08, 2021",NMB,SELL,44,430.9,18959.6,563248.2,1057332.1,1739952.1,-312.4,-1.62%,[Trend Breakdown] Death Cross: SMA20 crossed below SMA50. (Market Health: 44.8%)
"Sep 08, 2021",EBL,SELL,52,720.0,37440.0,600688.2,1018384.1,1739952.1,-1508.0,-3.87%,[Trend Breakdown] Death Cross: SMA20 crossed below SMA50. (Market Health: 44.8%)
"Sep 12, 2021",GBIME,SELL,102,440.0,44880.0,645568.2,967384.1,1770204.4,-6120.0,-12.00%,[Trend Breakdown] Death Cross: SMA20 crossed below SMA50. (Market Health: 51.7%)
"Sep 12, 2021",ALICL,SELL,23,1355.0,31165.0,676733.2,934793.1,1770204.4,-1426.0,-4.38%,[Trend Breakdown] Death Cross: SMA20 crossed below SMA50. (Market Health: 51.7%)
"Sep 14, 2021",SANIMA,SELL,129,502.0,64758.0,741491.2,884096.1,1762328.0,14061.0,+27.74%,[Trend Breakdown] Death Cross: SMA20 crossed below SMA50. (Market Health: 58.6%)
"Sep 15, 2021",CZBIL,SELL,142,410.0,58220.0,799711.2,839224.1,1753614.4,13348.0,+29.75%,[Trend Breakdown] Death Cross: SMA20 crossed below SMA50. (Market Health: 51.7%)
"Sep 15, 2021",MBL,SELL,154,394.0,60676.0,860387.2,791330.1,1753614.4,12782.0,+26.69%,[Trend Breakdown] Death Cross: SMA20 crossed below SMA50. (Market Health: 51.7%)
"Sep 20, 2021",PCBL,SELL,51,462.0,23562.0,883949.2,768176.1,1679781.1,408.0,+1.76%,[Trend Breakdown] Death Cross: SMA20 crossed below SMA50. (Market Health: 6.9%)
"Sep 20, 2021",NABIL,SELL,17,1393.0,23681.0,907630.2,745821.1,1679781.1,1326.0,+5.93%,[Trend Breakdown] Death Cross: SMA20 crossed below SMA50. (Market Health: 6.9%)
"Sep 21, 2021",ADBL,SELL,26,507.0,13182.0,920812.2,734459.1,1679185.7,1820.0,+16.02%,[Trend Breakdown] Death Cross: SMA20 crossed below SMA50. (Market Health: 6.9%)
"Sep 22, 2021",BPCL,SELL,114,537.0,61218.0,982030.2,686579.1,1713576.8,13338.0,+27.86%,[Trend Breakdown] Death Cross: SMA20 crossed below SMA50. (Market Health: 27.6%)
"Sep 22, 2021",EDBL,SELL,20,674.5,13490.0,995520.2,673779.1,1713576.8,690.0,+5.39%,[Trend Breakdown] Death Cross: SMA20 crossed below SMA50. (Market Health: 27.6%)
"Sep 27, 2021",AHPC,SELL,58,492.0,28536.0,1024056.2,634919.1,1665698.0,-10324.0,-26.57%,[Stop Loss] Stop-Loss hit at -26.57%. (Market Health: 3.4%)
"Sep 28, 2021",JFL,SELL,49,530.0,25970.0,1050026.2,603216.1,1649233.2,-5733.0,-18.08%,[Stop Loss] Stop-Loss hit at -18.08%. (Market Health: 0.0%)
"Sep 28, 2021",GBBL,SELL,59,545.0,32155.0,1082181.2,564459.0,1649233.2,-6602.1,-17.03%,[Stop Loss] Stop-Loss hit at -17.03%. (Market Health: 0.0%)
"Sep 29, 2021",GFCL,SELL,60,656.0,39360.0,1121541.2,526059.0,1660904.0,960.0,+2.50%,[Trend Breakdown] Death Cross: SMA20 crossed below SMA50. (Market Health: 3.4%)
"Sep 29, 2021",PROFL,SELL,101,380.0,38380.0,1159921.2,488891.0,1660904.0,1212.0,+3.26%,[Trend Breakdown] Death Cross: SMA20 crossed below SMA50. (Market Health: 3.4%)
"Sep 30, 2021",GMFIL,SELL,98,504.0,49392.0,1209313.2,438323.0,1653536.2,-1176.0,-2.33%,[Trend Breakdown] Death Cross: SMA20 crossed below SMA50. (Market Health: 0.0%)
"Oct 03, 2021",JBBL,SELL,79,465.0,36735.0,1246048.2,399692.0,1648255.2,-1896.0,-4.91%,[Trend Breakdown] Death Cross: SMA20 crossed below SMA50. (Market Health: 0.0%)
"Oct 04, 2021",CORBL,SELL,41,760.0,31160.0,1277208.2,372222.0,1644761.4,3690.0,+13.43%,[Trend Breakdown] Death Cross: SMA20 crossed below SMA50. (Market Health: 0.0%)
"Oct 05, 2021",NABBC,SELL,63,760.0,47880.0,1325088.2,321885.0,1646313.2,-2457.0,-4.88%,[Trend Breakdown] Death Cross: SMA20 crossed below SMA50. (Market Health: 0.0%)
"Oct 11, 2021",NHPC,SELL,55,381.0,20955.0,1346043.2,299940.0,1645983.2,-990.0,-4.51%,[Trend Breakdown] Death Cross: SMA20 crossed below SMA50. (Market Health: 0.0%)
"Nov 03, 2021",NABIL,BUY,21,1653.0,34713.0,1311330.2,334653.0,1645983.2,0.0,0.00%,"[Quant Buy] Confidence 60/100: Strong Uptrend, Positive Momentum, Volume Breakout (Market Health: 41.4%)"
"Nov 18, 2021",GBBL,BUY,85,635.0,53975.0,1257355.2,388628.0,1643757.2,0.0,0.00%,"[Quant Buy] Confidence 90/100: Strong Uptrend, Stable RSI, Positive Momentum, Volume Breakout, Golden Cross (Market Health: 41.4%)"
"Nov 18, 2021",ICFC,BUY,46,900.0,41400.0,1215955.2,430028.0,1643757.2,0.0,0.00%,"[Quant Buy] Confidence 70/100: Strong Uptrend, Stable RSI, Positive Momentum, Golden Cross (Market Health: 41.4%)"
"Nov 18, 2021",JFL,BUY,58,720.0,41760.0,1174195.2,471788.0,1643757.2,0.0,0.00%,"[Quant Buy] Confidence 70/100: Strong Uptrend, Stable RSI, Positive Momentum, Golden Cross (Market Health: 41.4%)"
"Nov 18, 2021",ALICL,BUY,28,1285.0,35980.0,1138215.2,507768.0,1643757.2,0.0,0.00%,"[Quant Buy] Confidence 60/100: Strong Uptrend, Stable RSI, Golden Cross (Market Health: 41.4%)"
"Nov 18, 2021",GFCL,BUY,44,810.0,35640.0,1102575.2,543408.0,1643757.2,0.0,0.00%,"[Quant Buy] Confidence 60/100: Strong Uptrend, Stable RSI, Golden Cross (Market Health: 41.4%)"
"Nov 21, 2021",NHPC,BUY,117,458.9,53691.3,1048883.9,597099.3,1640592.2,0.0,0.00%,"[Quant Buy] Confidence 90/100: Strong Uptrend, Stable RSI, Positive Momentum, Volume Breakout, Golden Cross (Market Health: 44.8%)"
"Dec 05, 2021",GBBL,SELL,85,533.0,45305.0,1094188.9,543124.3,1604561.5,-8670.0,-16.06%,[Stop Loss] Stop-Loss hit at -16.06%. (Market Health: 6.9%)
"Dec 05, 2021",ICFC,SELL,46,748.1,34412.6,1128601.5,501724.3,1604561.5,-6987.4,-16.88%,[Stop Loss] Stop-Loss hit at -16.88%. (Market Health: 6.9%)
"Dec 05, 2021",GFCL,SELL,44,685.0,30140.0,1158741.5,466084.3,1604561.5,-5500.0,-15.43%,[Stop Loss] Stop-Loss hit at -15.43%. (Market Health: 6.9%)
"Dec 07, 2021",JFL,SELL,58,611.0,35438.0,1194179.5,424324.3,1602903.5,-6322.0,-15.14%,[Stop Loss] Stop-Loss hit at -15.14%. (Market Health: 6.9%)
"Dec 08, 2021",NHPC,SELL,117,382.0,44694.0,1238873.5,370633.0,1600175.5,-8997.3,-16.76%,[Stop Loss] Stop-Loss hit at -16.76%. (Market Health: 6.9%)
"Dec 09, 2021",ALICL,SELL,28,1088.9,30489.2,1269362.7,334653.0,1599813.6,-5490.8,-15.26%,[Stop Loss] Stop-Loss hit at -15.26%. (Market Health: 10.3%)
"Dec 13, 2021",NABIL,SELL,21,1366.1,28688.1,1298050.8,299940.0,1597990.8,-6024.9,-17.36%,[Stop Loss] Stop-Loss hit at -17.36%. (Market Health: 0.0%)
"Jan 04, 2022",SBI,BUY,116,385.0,44660.0,1253390.8,344600.0,1597990.8,0.0,0.00%,"[Quant Buy] Confidence 75/100: Strong Uptrend, Positive Momentum, Volume Breakout, Golden Cross (Market Health: 41.4%)"
"Jan 04, 2022",CORBL,BUY,38,935.0,35530.0,1217860.8,380130.0,1597990.8,0.0,0.00%,"[Quant Buy] Confidence 60/100: Strong Uptrend, Positive Momentum, Volume Breakout (Market Health: 41.4%)"
"Jan 10, 2022",CORBL,SELL,38,500.2,19007.6,1236868.4,344600.0,1582500.8,-16522.4,-46.50%,[Stop Loss] Stop-Loss hit at -46.50%. (Market Health: 44.8%)
"Jan 16, 2022",CIT,BUY,16,3569.0,57104.0,1179764.4,401704.0,1581120.4,0.0,0.00%,"[Quant Buy] Confidence 100/100: Strong Uptrend, Stable RSI, Positive Momentum, Volume Breakout, Golden Cross, Healthy Market Index (Market Health: 79.3%)"
"Jan 16, 2022",CZBIL,BUY,175,308.0,53900.0,1125864.4,455604.0,1581120.4,0.0,0.00%,"[Quant Buy] Confidence 90/100: Strong Uptrend, Stable RSI, Volume Breakout, Golden Cross, Healthy Market Index (Market Health: 79.3%)"
"Jan 16, 2022",KBL,BUY,194,277.0,53738.0,1072126.4,509342.0,1581120.4,0.0,0.00%,"[Quant Buy] Confidence 90/100: Strong Uptrend, Stable RSI, Volume Breakout, Golden Cross, Healthy Market Index (Market Health: 79.3%)"
"Jan 16, 2022",LICN,BUY,17,2197.0,37349.0,1034777.4,546691.0,1581120.4,0.0,0.00%,"[Quant Buy] Confidence 65/100: Strong Uptrend, Positive Momentum, Golden Cross, Healthy Market Index (Market Health: 79.3%)"
"Jan 17, 2022",AHPC,BUY,89,571.3,50845.7,983931.7,597536.7,1585180.4,0.0,0.00%,"[Quant Buy] Confidence 85/100: Strong Uptrend, Positive Momentum, Volume Breakout, Golden Cross, Healthy Market Index (Market Health: 79.3%)"
"Jan 17, 2022",SANIMA,BUY,98,395.0,38710.0,945221.7,636246.7,1585180.4,0.0,0.00%,"[Quant Buy] Confidence 65/100: Strong Uptrend, Positive Momentum, Golden Cross, Healthy Market Index (Market Health: 79.3%)"
"Jan 18, 2022",ALICL,BUY,38,1339.0,50882.0,894339.7,687128.7,1586649.1,0.0,0.00%,"[Quant Buy] Confidence 85/100: Strong Uptrend, Positive Momentum, Volume Breakout, Golden Cross, Healthy Market Index (Market Health: 79.3%)"
"Jan 18, 2022",MBL,BUY,148,343.0,50764.0,843575.7,737892.7,1586649.1,0.0,0.00%,"[Quant Buy] Confidence 85/100: Strong Uptrend, Stable RSI, Positive Momentum, Volume Breakout, Healthy Market Index (Market Health: 79.3%)"
"Jan 19, 2022",EBL,BUY,63,615.0,38745.0,804830.7,776637.7,1579465.8,0.0,0.00%,"[Quant Buy] Confidence 65/100: Strong Uptrend, Positive Momentum, Golden Cross, Healthy Market Index (Market Health: 69.0%)"
"Jan 20, 2022",GBBL,BUY,64,607.0,38848.0,765982.7,815485.7,1582466.7,0.0,0.00%,"[Quant Buy] Confidence 65/100: Strong Uptrend, Positive Momentum, Golden Cross, Healthy Market Index (Market Health: 79.3%)"
"Jan 23, 2022",PROFL,BUY,102,410.0,41820.0,724162.7,857305.7,1579532.0,0.0,0.00%,"[Quant Buy] Confidence 70/100: Strong Uptrend, Stable RSI, Golden Cross, Healthy Market Index (Market Health: 72.4%)"
"Jan 24, 2022",JFL,BUY,59,654.0,38586.0,685576.7,895891.7,1560166.3,0.0,0.00%,"[Quant Buy] Confidence 65/100: Strong Uptrend, Stable RSI, Volume Breakout (Market Health: 48.3%)"
"Jan 26, 2022",ALICL,SELL,38,1021.0,38798.0,724374.7,845009.7,1539931.3,-12084.0,-23.75%,[Stop Loss] Stop-Loss hit at -23.75%. (Market Health: 34.5%)
"Jan 30, 2022",EDBL,BUY,78,571.0,44538.0,679836.7,889547.7,1563276.6,0.0,0.00%,"[Quant Buy] Confidence 75/100: Strong Uptrend, Stable RSI, Volume Breakout, Healthy Market Index (Market Health: 72.4%)"
"Jan 30, 2022",CFCL,BUY,83,506.0,41998.0,637838.7,931545.7,1563276.6,0.0,0.00%,"[Quant Buy] Confidence 70/100: Strong Uptrend, Stable RSI, Golden Cross, Healthy Market Index (Market Health: 72.4%)"
"Jan 30, 2022",GFCL,BUY,59,706.0,41654.0,596184.7,973199.7,1563276.6,0.0,0.00%,"[Quant Buy] Confidence 70/100: Strong Uptrend, Stable RSI, Golden Cross, Healthy Market Index (Market Health: 72.4%)"
"Jan 31, 2022",ICFC,BUY,66,718.0,47388.0,548796.7,1020587.7,1553613.3,0.0,0.00%,"[Quant Buy] Confidence 80/100: Strong Uptrend, Stable RSI, Positive Momentum, Golden Cross, Healthy Market Index (Market Health: 65.5%)"
"Jan 31, 2022",NHPC,BUY,123,388.0,47724.0,501072.7,1068311.7,1553613.3,0.0,0.00%,"[Quant Buy] Confidence 80/100: Strong Uptrend, Stable RSI, Positive Momentum, Golden Cross, Healthy Market Index (Market Health: 65.5%)"
"Jan 31, 2022",GMFIL,BUY,81,480.0,38880.0,462192.7,1107191.7,1553613.3,0.0,0.00%,"[Quant Buy] Confidence 65/100: Strong Uptrend, Stable RSI, Positive Momentum, Healthy Market Index (Market Health: 65.5%)"
"Feb 01, 2022",CHCL,BUY,89,534.0,47526.0,414666.7,1154717.7,1569926.8,0.0,0.00%,"[Quant Buy] Confidence 80/100: Strong Uptrend, Stable RSI, Positive Momentum, Golden Cross, Healthy Market Index (Market Health: 72.4%)"
"Feb 06, 2022",BPCL,BUY,104,460.0,47840.0,366826.7,1202557.7,1552771.1,0.0,0.00%,"[Quant Buy] Confidence 80/100: Strong Uptrend, Stable RSI, Positive Momentum, Golden Cross, Healthy Market Index (Market Health: 62.1%)"
"Feb 06, 2022",GBIME,BUY,108,359.0,38772.0,328054.7,1241329.7,1552771.1,0.0,0.00%,"[Quant Buy] Confidence 65/100: Strong Uptrend, Stable RSI, Positive Momentum, Healthy Market Index (Market Health: 62.1%)"
"Feb 13, 2022",JFL,SELL,59,544.0,32096.0,360150.7,1202743.7,1495612.0,-6490.0,-16.82%,[Stop Loss] Stop-Loss hit at -16.82%. (Market Health: 13.8%)
"Feb 16, 2022",BPCL,SELL,104,429.0,44616.0,404766.7,1154903.7,1504988.6,-3224.0,-6.74%,[Trend Breakdown] Death Cross: SMA20 crossed below SMA50. (Market Health: 24.1%)
"Feb 17, 2022",SANIMA,SELL,98,343.0,33614.0,438380.7,1116193.7,1503988.1,-5096.0,-13.16%,[Trend Breakdown] Death Cross: SMA20 crossed below SMA50. (Market Health: 24.1%)
"Feb 20, 2022",MBL,SELL,148,306.0,45288.0,483668.7,1065429.7,1489543.6,-5476.0,-10.79%,[Trend Breakdown] Death Cross: SMA20 crossed below SMA50. (Market Health: 17.2%)
"Feb 21, 2022",KBL,SELL,194,247.5,48015.0,531683.7,1011691.7,1498232.7,-5723.0,-10.65%,[Trend Breakdown] Death Cross: SMA20 crossed below SMA50. (Market Health: 24.1%)
"Feb 23, 2022",CZBIL,SELL,175,279.0,48825.0,580508.7,957791.7,1501240.8,-5075.0,-9.42%,[Trend Breakdown] Death Cross: SMA20 crossed below SMA50. (Market Health: 24.1%)
"Feb 23, 2022",EBL,SELL,63,582.0,36666.0,617174.7,919046.7,1501240.8,-2079.0,-5.37%,[Trend Breakdown] Death Cross: SMA20 crossed below SMA50. (Market Health: 24.1%)
"Feb 23, 2022",GMFIL,SELL,81,440.0,35640.0,652814.7,880166.7,1501240.8,-3240.0,-8.33%,[Trend Breakdown] Death Cross: SMA20 crossed below SMA50. (Market Health: 24.1%)
"Feb 24, 2022",EDBL,SELL,78,489.0,38142.0,690956.7,835628.7,1484846.3,-6396.0,-14.36%,[Trend Breakdown] Death Cross: SMA20 crossed below SMA50. (Market Health: 10.3%)
"Feb 28, 2022",CIT,SELL,16,3038.0,48608.0,739564.7,778524.7,1469982.0,-8496.0,-14.88%,[Trend Breakdown] Death Cross: SMA20 crossed below SMA50. (Market Health: 3.4%)
"Feb 28, 2022",LICN,SELL,17,1896.9,32247.3,771812.0,741175.7,1469982.0,-5101.7,-13.66%,[Trend Breakdown] Death Cross: SMA20 crossed below SMA50. (Market Health: 3.4%)
"Feb 28, 2022",PROFL,SELL,102,352.0,35904.0,807716.0,699355.7,1469982.0,-5916.0,-14.15%,[Trend Breakdown] Death Cross: SMA20 crossed below SMA50. (Market Health: 3.4%)
"Feb 28, 2022",CHCL,SELL,89,505.0,44945.0,852661.0,651829.7,1469982.0,-2581.0,-5.43%,[Trend Breakdown] Death Cross: SMA20 crossed below SMA50. (Market Health: 3.4%)
"Mar 02, 2022",SBI,SELL,116,353.0,40948.0,893609.0,607169.7,1459110.3,-3712.0,-8.31%,[Trend Breakdown] Death Cross: SMA20 crossed below SMA50. (Market Health: 0.0%)
"Mar 02, 2022",CFCL,SELL,83,417.0,34611.0,928220.0,565171.7,1459110.3,-7387.0,-17.59%,[Stop Loss] Stop-Loss hit at -17.59%. (Market Health: 0.0%)
"Mar 02, 2022",GFCL,SELL,59,592.0,34928.0,963148.0,523517.7,1459110.3,-6726.0,-16.15%,[Stop Loss] Stop-Loss hit at -16.15%. (Market Health: 0.0%)
"Mar 02, 2022",NHPC,SELL,123,329.5,40528.5,1003676.5,475793.7,1459110.3,-7195.5,-15.08%,[Stop Loss] Stop-Loss hit at -15.08%. (Market Health: 0.0%)
"Mar 07, 2022",GBBL,SELL,64,535.5,34272.0,1037948.5,436945.7,1457340.5,-4576.0,-11.78%,[Trend Breakdown] Death Cross: SMA20 crossed below SMA50. (Market Health: 0.0%)
"Mar 09, 2022",AHPC,SELL,89,477.0,42453.0,1080401.5,386100.0,1457025.7,-8392.7,-16.51%,[Stop Loss] Stop-Loss hit at -16.51%. (Market Health: 0.0%)
"Mar 09, 2022",ICFC,SELL,66,649.7,42880.2,1123281.7,338712.0,1457025.7,-4507.8,-9.51%,[Trend Breakdown] Death Cross: SMA20 crossed below SMA50. (Market Health: 0.0%)
"Mar 10, 2022",GBIME,SELL,108,318.0,34344.0,1157625.7,299940.0,1457565.7,-4428.0,-11.42%,[Trend Breakdown] Death Cross: SMA20 crossed below SMA50. (Market Health: 0.0%)
"Jul 19, 2022",GFCL,BUY,91,494.0,44954.0,1112671.7,344894.0,1457565.7,0.0,0.00%,"[Quant Buy] Confidence 75/100: Strong Uptrend, Stable RSI, Positive Momentum, Volume Breakout (Market Health: 48.3%)"
"Jul 19, 2022",GMFIL,BUY,137,327.0,44799.0,1067872.7,389693.0,1457565.7,0.0,0.00%,"[Quant Buy] Confidence 75/100: Strong Uptrend, Stable RSI, Positive Momentum, Volume Breakout (Market Health: 48.3%)"
"Jul 19, 2022",ICFC,BUY,93,479.0,44547.0,1023325.7,434240.0,1457565.7,0.0,0.00%,"[Quant Buy] Confidence 75/100: Strong Uptrend, Stable RSI, Positive Momentum, Volume Breakout (Market Health: 48.3%)"
"Jul 19, 2022",CFCL,BUY,135,311.0,41985.0,981340.7,476225.0,1457565.7,0.0,0.00%,"[Quant Buy] Confidence 70/100: Strong Uptrend, Stable RSI, Positive Momentum, Golden Cross (Market Health: 48.3%)"
"Jul 22, 2022",JFL,BUY,110,380.0,41800.0,939540.7,518025.0,1460144.4,0.0,0.00%,"[Quant Buy] Confidence 70/100: Strong Uptrend, Stable RSI, Positive Momentum, Golden Cross (Market Health: 41.4%)"
"Jul 22, 2022",GBBL,BUY,94,379.1,35635.4,903905.3,553660.4,1460144.4,0.0,0.00%,"[Quant Buy] Confidence 60/100: Strong Uptrend, Stable RSI, Golden Cross (Market Health: 41.4%)"
"Jul 24, 2022",PROFL,BUY,219,273.3,59852.7,844052.6,613513.1,1478262.7,0.0,0.00%,"[Quant Buy] Confidence 100/100: Strong Uptrend, Stable RSI, Positive Momentum, Volume Breakout, Golden Cross, Healthy Market Index (Market Health: 72.4%)"
"Jul 24, 2022",NABBC,BUY,129,395.0,50955.0,793097.6,664468.1,1478262.7,0.0,0.00%,"[Quant Buy] Confidence 85/100: Strong Uptrend, Stable RSI, Positive Momentum, Volume Breakout, Healthy Market Index (Market Health: 72.4%)"
"Jul 24, 2022",ALICL,BUY,65,593.0,38545.0,754552.6,703013.1,1478262.7,0.0,0.00%,"[Quant Buy] Confidence 65/100: Strong Uptrend, Stable RSI, Positive Momentum, Healthy Market Index (Market Health: 72.4%)"
"Jul 24, 2022",CHCL,BUY,95,410.0,38950.0,715602.6,741963.1,1478262.7,0.0,0.00%,"[Quant Buy] Confidence 65/100: Strong Uptrend, Stable RSI, Positive Momentum, Healthy Market Index (Market Health: 72.4%)"
"Jul 24, 2022",NABIL,BUY,45,860.0,38700.0,676902.6,780663.1,1478262.7,0.0,0.00%,"[Quant Buy] Confidence 65/100: Strong Uptrend, Stable RSI, Positive Momentum, Healthy Market Index (Market Health: 72.4%)"
"Jul 25, 2022",CORBL,BUY,171,349.0,59679.0,617223.6,840342.1,1512709.3,0.0,0.00%,"[Quant Buy] Confidence 100/100: Strong Uptrend, Stable RSI, Positive Momentum, Volume Breakout, Golden Cross, Healthy Market Index (Market Health: 86.2%)"
"Jul 25, 2022",JBBL,BUY,181,330.0,59730.0,557493.6,900072.1,1512709.3,0.0,0.00%,"[Quant Buy] Confidence 100/100: Strong Uptrend, Stable RSI, Positive Momentum, Volume Breakout, Golden Cross, Healthy Market Index (Market Health: 86.2%)"
"Jul 25, 2022",LICN,BUY,26,1498.9,38971.4,518522.2,939043.5,1512709.3,0.0,0.00%,"[Quant Buy] Confidence 65/100: Strong Uptrend, Stable RSI, Positive Momentum, Healthy Market Index (Market Health: 86.2%)"
"Jul 27, 2022",NHPC,BUY,180,282.0,50760.0,467762.2,989803.5,1508971.6,0.0,0.00%,"[Quant Buy] Confidence 85/100: Strong Uptrend, Positive Momentum, Volume Breakout, Golden Cross, Healthy Market Index (Market Health: 75.9%)"
"Jul 29, 2022",BPCL,BUY,142,336.0,47712.0,420050.2,1037515.5,1529654.3,0.0,0.00%,"[Quant Buy] Confidence 80/100: Strong Uptrend, Stable RSI, Positive Momentum, Golden Cross, Healthy Market Index (Market Health: 75.9%)"
"Jul 29, 2022",EBL,BUY,77,503.0,38731.0,381319.2,1076246.5,1529654.3,0.0,0.00%,"[Quant Buy] Confidence 65/100: Strong Uptrend, Positive Momentum, Golden Cross, Healthy Market Index (Market Health: 75.9%)"
"Jul 31, 2022",EDBL,BUY,120,422.0,50640.0,330679.2,1126886.5,1534907.5,0.0,0.00%,"[Quant Buy] Confidence 85/100: Strong Uptrend, Positive Momentum, Volume Breakout, Golden Cross, Healthy Market Index (Market Health: 96.6%)"
"Aug 01, 2022",MBL,BUY,230,260.0,59800.0,270879.2,1186686.5,1535205.1,0.0,0.00%,"[Quant Buy] Confidence 100/100: Strong Uptrend, Stable RSI, Positive Momentum, Volume Breakout, Golden Cross, Healthy Market Index (Market Health: 100.0%)"
"Aug 01, 2022",NMB,BUY,199,272.0,54128.0,216751.2,1240814.5,1535205.1,0.0,0.00%,"[Quant Buy] Confidence 100/100: Strong Uptrend, Stable RSI, Positive Momentum, Volume Breakout, Golden Cross, Healthy Market Index (Market Health: 100.0%)"
"Aug 02, 2022",ADBL,BUY,103,335.0,34505.0,182246.2,1275319.5,1540253.7,0.0,0.00%,"[Quant Buy] Confidence 80/100: Strong Uptrend, Stable RSI, Positive Momentum, Golden Cross, Healthy Market Index (Market Health: 100.0%)"
"Aug 03, 2022",AHPC,BUY,59,399.0,23541.0,158705.2,1298860.5,1537831.8,0.0,0.00%,"[Quant Buy] Confidence 65/100: Strong Uptrend, Positive Momentum, Golden Cross, Healthy Market Index (Market Health: 96.6%)"
"Aug 03, 2022",PCBL,BUY,74,255.0,18870.0,139835.2,1317730.5,1537831.8,0.0,0.00%,"[Quant Buy] Confidence 60/100: Stable RSI, Volume Breakout, Golden Cross, Healthy Market Index (Market Health: 96.6%)"
"Aug 04, 2022",HBL,BUY,68,347.0,23596.0,116239.2,1341326.5,1512180.3,0.0,0.00%,"[Quant Buy] Confidence 85/100: Strong Uptrend, Positive Momentum, Volume Breakout, Golden Cross, Healthy Market Index (Market Health: 89.7%)"
"Aug 04, 2022",KBL,BUY,87,213.0,18531.0,97708.2,1359857.5,1512180.3,0.0,0.00%,"[Quant Buy] Confidence 80/100: Strong Uptrend, Stable RSI, Positive Momentum, Golden Cross, Healthy Market Index (Market Health: 89.7%)"
"Aug 04, 2022",SBI,BUY,53,294.0,15582.0,82126.2,1375439.5,1512180.3,0.0,0.00%,"[Quant Buy] Confidence 80/100: Strong Uptrend, Stable RSI, Positive Momentum, Golden Cross, Healthy Market Index (Market Health: 89.7%)"
"Aug 09, 2022",EDBL,SELL,120,353.3,42396.0,124522.2,1324799.5,1457267.7,-8244.0,-16.28%,[Stop Loss] Stop-Loss hit at -16.28%. (Market Health: 69.0%)
"Aug 11, 2022",PCBL,SELL,74,240.0,17760.0,142282.2,1305929.5,1438305.1,-1110.0,-5.88%,[Trend Breakdown] Death Cross: SMA20 crossed below SMA50. (Market Health: 55.2%)
"Aug 22, 2022",NABIL,SELL,45,799.0,35955.0,178237.2,1267229.5,1460466.5,-2745.0,-7.09%,[Trend Breakdown] Death Cross: SMA20 crossed below SMA50. (Market Health: 58.6%)
"Aug 24, 2022",LICN,SELL,26,1368.1,35570.6,213807.8,1228258.1,1458907.3,-3400.8,-8.73%,[Trend Breakdown] Death Cross: SMA20 crossed below SMA50. (Market Health: 55.2%)
"Aug 24, 2022",NMB,SELL,199,255.0,50745.0,264552.8,1174130.1,1458907.3,-3383.0,-6.25%,[Trend Breakdown] Death Cross: SMA20 crossed below SMA50. (Market Health: 55.2%)
"Aug 25, 2022",MBL,SELL,230,230.0,52900.0,317452.8,1114330.1,1445832.1,-6900.0,-11.54%,[Trend Breakdown] Death Cross: SMA20 crossed below SMA50. (Market Health: 44.8%)
"Aug 25, 2022",ADBL,SELL,103,330.0,33990.0,351442.8,1079825.1,1445832.1,-515.0,-1.49%,[Trend Breakdown] Death Cross: SMA20 crossed below SMA50. (Market Health: 44.8%)
"Aug 28, 2022",CORBL,SELL,171,296.0,50616.0,402058.8,1020146.1,1408006.5,-9063.0,-15.19%,[Stop Loss] Stop-Loss hit at -15.19%. (Market Health: 13.8%)
"Aug 28, 2022",NHPC,SELL,180,238.0,42840.0,444898.8,969386.1,1408006.5,-7920.0,-15.60%,[Stop Loss] Stop-Loss hit at -15.60%. (Market Health: 13.8%)
"Aug 28, 2022",AHPC,SELL,59,341.0,20119.0,465017.8,945845.1,1408006.5,-3422.0,-14.54%,[Trend Breakdown] Death Cross: SMA20 crossed below SMA50. (Market Health: 13.8%)
"Aug 29, 2022",ALICL,SELL,65,560.0,36400.0,501417.8,907300.1,1416442.5,-2145.0,-5.56%,[Trend Breakdown] Death Cross: SMA20 crossed below SMA50. (Market Health: 17.2%)
"Aug 29, 2022",CHCL,SELL,95,385.1,36584.5,538002.3,868350.1,1416442.5,-2365.5,-6.07%,[Trend Breakdown] Death Cross: SMA20 crossed below SMA50. (Market Health: 17.2%)
"Aug 29, 2022",JBBL,SELL,181,295.5,53485.5,591487.8,808620.1,1416442.5,-6244.5,-10.45%,[Trend Breakdown] Death Cross: SMA20 crossed below SMA50. (Market Health: 17.2%)
"Aug 29, 2022",BPCL,SELL,142,310.5,44091.0,635578.8,760908.1,1416442.5,-3621.0,-7.59%,[Trend Breakdown] Death Cross: SMA20 crossed below SMA50. (Market Health: 17.2%)
"Aug 31, 2022",SBI,SELL,53,276.9,14675.7,650254.5,745326.1,1404988.8,-906.3,-5.82%,[Trend Breakdown] Death Cross: SMA20 crossed below SMA50. (Market Health: 13.8%)
"Sep 01, 2022",JFL,SELL,110,389.9,42889.0,693143.5,703526.1,1409662.9,1089.0,+2.61%,[Trend Breakdown] Death Cross: SMA20 crossed below SMA50. (Market Health: 13.8%)
"Sep 04, 2022",GBBL,SELL,94,382.0,35908.0,729051.5,667890.7,1408353.9,272.6,+0.76%,[Trend Breakdown] Death Cross: SMA20 crossed below SMA50. (Market Health: 13.8%)
"Sep 04, 2022",KBL,SELL,87,197.0,17139.0,746190.5,649359.7,1408353.9,-1392.0,-7.51%,[Trend Breakdown] Death Cross: SMA20 crossed below SMA50. (Market Health: 13.8%)
"Sep 05, 2022",CFCL,SELL,135,333.0,44955.0,791145.5,607374.7,1407019.3,2970.0,+7.07%,[Trend Breakdown] Death Cross: SMA20 crossed below SMA50. (Market Health: 13.8%)
"Sep 06, 2022",GFCL,SELL,91,484.0,44044.0,835189.5,562420.7,1402102.1,-910.0,-2.02%,[Trend Breakdown] Death Cross: SMA20 crossed below SMA50. (Market Health: 6.9%)
"Sep 07, 2022",ICFC,SELL,93,463.0,43059.0,878248.5,517873.7,1399697.3,-1488.0,-3.34%,[Trend Breakdown] Death Cross: SMA20 crossed below SMA50. (Market Health: 6.9%)
"Sep 11, 2022",GMFIL,SELL,137,336.0,46032.0,924280.5,473074.7,1397092.8,1233.0,+2.75%,[Trend Breakdown] Death Cross: SMA20 crossed below SMA50. (Market Health: 3.4%)
"Sep 14, 2022",NABBC,SELL,129,413.0,53277.0,977557.5,422119.7,1404054.1,2322.0,+4.56%,[Trend Breakdown] Death Cross: SMA20 crossed below SMA50. (Market Health: 17.2%)
"Sep 16, 2022",PROFL,SELL,219,287.0,62853.0,1040410.5,362267.0,1399868.7,3000.3,+5.01%,[Trend Breakdown] Death Cross: SMA20 crossed below SMA50. (Market Health: 0.0%)
"Sep 16, 2022",EBL,SELL,77,488.6,37622.2,1078032.7,323536.0,1399868.7,-1108.8,-2.86%,[Trend Breakdown] Death Cross: SMA20 crossed below SMA50. (Market Health: 0.0%)
"Sep 22, 2022",HBL,SELL,68,313.0,21284.0,1099316.7,299940.0,1399256.7,-2312.0,-9.80%,[Trend Breakdown] Death Cross: SMA20 crossed below SMA50. (Market Health: 0.0%)
"Nov 01, 2022",NABIL,BUY,53,835.0,44255.0,1055061.7,344195.0,1399256.7,0.0,0.00%,"[Quant Buy] Confidence 75/100: Strong Uptrend, Positive Momentum, Volume Breakout, Golden Cross (Market Health: 50.0%)"
"Nov 03, 2022",EBL,BUY,101,532.0,53732.0,1001329.7,397927.0,1398673.7,0.0,0.00%,"[Quant Buy] Confidence 90/100: Strong Uptrend, Stable RSI, Positive Momentum, Volume Breakout, Golden Cross (Market Health: 42.9%)"
"Nov 06, 2022",HBL,BUY,176,340.5,59928.0,941401.7,457855.0,1399858.0,0.0,0.00%,"[Quant Buy] Confidence 100/100: Strong Uptrend, Stable RSI, Positive Momentum, Volume Breakout, Golden Cross, Healthy Market Index (Market Health: 60.7%)"
"Nov 07, 2022",SANIMA,BUY,180,266.2,47916.0,893485.7,505771.0,1399173.1,0.0,0.00%,"[Quant Buy] Confidence 80/100: Strong Uptrend, Stable RSI, Positive Momentum, Golden Cross, Healthy Market Index (Market Health: 64.3%)"
"Nov 08, 2022",SBI,BUY,160,299.0,47840.0,845645.7,553611.0,1399174.9,0.0,0.00%,"[Quant Buy] Confidence 80/100: Strong Uptrend, Stable RSI, Positive Momentum, Golden Cross, Healthy Market Index (Market Health: 64.3%)"
"Nov 08, 2022",GBBL,BUY,108,387.8,41882.4,803763.3,595493.4,1399174.9,0.0,0.00%,"[Quant Buy] Confidence 70/100: Strong Uptrend, Stable RSI, Golden Cross, Healthy Market Index (Market Health: 64.3%)"
"Nov 08, 2022",MBL,BUY,186,224.9,41831.4,761931.9,637324.8,1399174.9,0.0,0.00%,"[Quant Buy] Confidence 70/100: Strong Uptrend, Stable RSI, Golden Cross, Healthy Market Index (Market Health: 64.3%)"
"Nov 17, 2022",CHCL,BUY,125,384.0,48000.0,713931.9,685324.8,1396924.6,0.0,0.00%,"[Quant Buy] Confidence 80/100: Strong Uptrend, Stable RSI, Positive Momentum, Golden Cross, Healthy Market Index (Market Health: 64.3%)"
"Nov 17, 2022",NMB,BUY,200,240.0,48000.0,665931.9,733324.8,1396924.6,0.0,0.00%,"[Quant Buy] Confidence 80/100: Strong Uptrend, Stable RSI, Positive Momentum, Golden Cross, Healthy Market Index (Market Health: 64.3%)"
"Nov 17, 2022",ADBL,BUY,122,319.5,38979.0,626952.9,772303.8,1396924.6,0.0,0.00%,"[Quant Buy] Confidence 65/100: Strong Uptrend, Stable RSI, Positive Momentum, Healthy Market Index (Market Health: 64.3%)"
"Nov 17, 2022",PCBL,BUY,168,231.8,38942.4,588010.5,811246.2,1396924.6,0.0,0.00%,"[Quant Buy] Confidence 65/100: Strong Uptrend, Stable RSI, Positive Momentum, Healthy Market Index (Market Health: 64.3%)"
"Nov 23, 2022",BPCL,BUY,137,306.0,41922.0,546088.5,853168.2,1394160.2,0.0,0.00%,"[Quant Buy] Confidence 70/100: Strong Uptrend, Stable RSI, Positive Momentum, Golden Cross (Market Health: 57.1%)"
"Nov 24, 2022",JBBL,BUY,166,288.0,47808.0,498280.5,900976.2,1396982.8,0.0,0.00%,"[Quant Buy] Confidence 80/100: Strong Uptrend, Stable RSI, Positive Momentum, Golden Cross, Healthy Market Index (Market Health: 67.9%)"
"Nov 27, 2022",PROFL,BUY,196,305.0,59780.0,438500.5,960756.2,1406258.9,0.0,0.00%,"[Quant Buy] Confidence 100/100: Strong Uptrend, Stable RSI, Positive Momentum, Volume Breakout, Golden Cross, Healthy Market Index (Market Health: 79.3%)"
"Nov 27, 2022",CFCL,BUY,148,322.5,47730.0,390770.5,1008486.2,1406258.9,0.0,0.00%,"[Quant Buy] Confidence 80/100: Strong Uptrend, Stable RSI, Positive Momentum, Golden Cross, Healthy Market Index (Market Health: 79.3%)"
"Nov 27, 2022",CORBL,BUY,161,296.8,47784.8,342985.7,1056271.0,1406258.9,0.0,0.00%,"[Quant Buy] Confidence 80/100: Strong Uptrend, Stable RSI, Positive Momentum, Golden Cross, Healthy Market Index (Market Health: 79.3%)"
"Nov 28, 2022",LICN,BUY,36,1325.0,47700.0,295285.7,1103971.0,1397594.0,0.0,0.00%,"[Quant Buy] Confidence 80/100: Strong Uptrend, Stable RSI, Positive Momentum, Golden Cross, Healthy Market Index (Market Health: 72.4%)"
"Nov 29, 2022",CIT,BUY,25,1888.0,47200.0,248085.7,1151171.0,1392341.2,0.0,0.00%,"[Quant Buy] Confidence 80/100: Strong Uptrend, Stable RSI, Positive Momentum, Golden Cross, Healthy Market Index (Market Health: 75.9%)"
"Nov 30, 2022",GFCL,BUY,86,461.2,39663.2,208422.5,1190834.2,1390588.2,0.0,0.00%,"[Quant Buy] Confidence 80/100: Strong Uptrend, Stable RSI, Positive Momentum, Golden Cross, Healthy Market Index (Market Health: 75.9%)"
"Dec 01, 2022",JFL,BUY,74,390.0,28860.0,179562.5,1219694.2,1397693.5,0.0,0.00%,"[Quant Buy] Confidence 70/100: Strong Uptrend, Stable RSI, Golden Cross, Healthy Market Index (Market Health: 69.0%)"
"Dec 04, 2022",ALICL,BUY,57,533.0,30381.0,149181.5,1250075.2,1399672.8,0.0,0.00%,"[Quant Buy] Confidence 85/100: Strong Uptrend, Positive Momentum, Volume Breakout, Golden Cross, Healthy Market Index (Market Health: 69.0%)"
"Dec 04, 2022",NHPC,BUY,99,208.9,20681.1,128500.4,1270756.3,1399672.8,0.0,0.00%,"[Quant Buy] Confidence 70/100: Strong Uptrend, Stable RSI, Golden Cross, Healthy Market Index (Market Health: 69.0%)"
"Dec 07, 2022",EBL,SELL,101,450.0,45450.0,173950.4,1217024.3,1362988.0,-8282.0,-15.41%,[Stop Loss] Stop-Loss hit at -15.41%. (Market Health: 36.7%)
"Dec 11, 2022",MBL,SELL,186,218.0,40548.0,214498.4,1175192.9,1351229.1,-1283.4,-3.07%,[Trend Breakdown] Death Cross: SMA20 crossed below SMA50. (Market Health: 23.3%)
"Dec 11, 2022",ADBL,SELL,122,307.5,37515.0,252013.4,1136213.9,1351229.1,-1464.0,-3.76%,[Trend Breakdown] Death Cross: SMA20 crossed below SMA50. (Market Health: 23.3%)
"Dec 12, 2022",SANIMA,SELL,180,226.0,40680.0,292693.4,1088297.9,1357414.9,-7236.0,-15.10%,[Stop Loss] Stop-Loss hit at -15.10%. (Market Health: 30.0%)
"Dec 19, 2022",HBL,SELL,176,318.0,55968.0,348661.4,1028369.9,1333622.8,-3960.0,-6.61%,[Trend Breakdown] Death Cross: SMA20 crossed below SMA50. (Market Health: 10.0%)
"Dec 20, 2022",PCBL,SELL,168,213.9,35935.2,384596.6,989427.5,1338465.6,-3007.2,-7.72%,[Trend Breakdown] Death Cross: SMA20 crossed below SMA50. (Market Health: 13.3%)
"Dec 20, 2022",CFCL,SELL,148,295.0,43660.0,428256.6,941697.5,1338465.6,-4070.0,-8.53%,[Trend Breakdown] Death Cross: SMA20 crossed below SMA50. (Market Health: 13.3%)
"Dec 22, 2022",GBBL,SELL,108,374.0,40392.0,468648.6,899815.1,1332225.6,-1490.4,-3.56%,[Trend Breakdown] Death Cross: SMA20 crossed below SMA50. (Market Health: 10.3%)
"Dec 22, 2022",GFCL,SELL,86,419.0,36034.0,504682.6,860151.9,1332225.6,-3629.2,-9.15%,[Trend Breakdown] Death Cross: SMA20 crossed below SMA50. (Market Health: 10.3%)
"Dec 27, 2022",NMB,SELL,200,235.4,47080.0,551762.6,812151.9,1375397.9,-920.0,-1.92%,[Trend Breakdown] Death Cross: SMA20 crossed below SMA50. (Market Health: 82.8%)
"Dec 28, 2022",SBI,SELL,160,287.3,45968.0,597730.6,764311.9,1372966.8,-1872.0,-3.91%,[Trend Breakdown] Death Cross: SMA20 crossed below SMA50. (Market Health: 80.0%)
"Jan 01, 2023",HBL,BUY,139,365.1,50748.9,546981.7,815060.8,1396983.0,0.0,0.00%,"[Quant Buy] Confidence 85/100: Strong Uptrend, Positive Momentum, Volume Breakout, Golden Cross, Healthy Market Index (Market Health: 79.3%)"
"Jan 02, 2023",AHPC,BUY,200,299.0,59800.0,487181.7,874860.8,1389915.2,0.0,0.00%,"[Quant Buy] Confidence 100/100: Strong Uptrend, Stable RSI, Positive Momentum, Volume Breakout, Golden Cross, Healthy Market Index (Market Health: 72.4%)"
"Jan 03, 2023",NABIL,SELL,53,736.0,39008.0,526189.7,830605.8,1382332.4,-5247.0,-11.86%,[Trend Breakdown] Death Cross: SMA20 crossed below SMA50. (Market Health: 75.9%)
"Jan 03, 2023",EDBL,BUY,116,336.0,38976.0,487213.7,869581.8,1382332.4,0.0,0.00%,"[Quant Buy] Confidence 65/100: Strong Uptrend, Positive Momentum, Golden Cross, Healthy Market Index (Market Health: 75.9%)"
"Jan 04, 2023",NABBC,BUY,119,426.0,50694.0,436519.7,920275.8,1406486.7,0.0,0.00%,"[Quant Buy] Confidence 85/100: Strong Uptrend, Positive Momentum, Volume Breakout, Golden Cross, Healthy Market Index (Market Health: 79.3%)"
"Jan 05, 2023",HBL,SELL,139,320.0,44480.0,480999.7,869526.9,1415609.2,-6268.9,-12.35%,[Trend Breakdown] Death Cross: SMA20 crossed below SMA50. (Market Health: 75.9%)
"Jan 05, 2023",CFCL,BUY,137,370.0,50690.0,430309.7,920216.9,1415609.2,0.0,0.00%,"[Quant Buy] Confidence 85/100: Strong Uptrend, Positive Momentum, Volume Breakout, Golden Cross, Healthy Market Index (Market Health: 75.9%)"
"Jan 05, 2023",GFCL,BUY,99,515.0,50985.0,379324.7,971201.9,1415609.2,0.0,0.00%,"[Quant Buy] Confidence 85/100: Strong Uptrend, Positive Momentum, Volume Breakout, Golden Cross, Healthy Market Index (Market Health: 75.9%)"
"Jan 05, 2023",ADBL,BUY,114,342.0,38988.0,340336.7,1010189.9,1415609.2,0.0,0.00%,"[Quant Buy] Confidence 65/100: Strong Uptrend, Positive Momentum, Golden Cross, Healthy Market Index (Market Health: 75.9%)"
"Jan 08, 2023",GMFIL,BUY,134,379.9,50906.6,289430.1,1061096.5,1425478.5,0.0,0.00%,"[Quant Buy] Confidence 85/100: Strong Uptrend, Positive Momentum, Volume Breakout, Golden Cross, Healthy Market Index (Market Health: 75.9%)"
"Jan 09, 2023",CZBIL,BUY,240,204.5,49080.0,240350.1,1110176.5,1449651.1,0.0,0.00%,"[Quant Buy] Confidence 85/100: Strong Uptrend, Positive Momentum, Volume Breakout, Golden Cross, Healthy Market Index (Market Health: 92.9%)"
"Jan 09, 2023",ICFC,BUY,80,505.0,40400.0,199950.1,1150576.5,1449651.1,0.0,0.00%,"[Quant Buy] Confidence 85/100: Strong Uptrend, Positive Momentum, Volume Breakout, Golden Cross, Healthy Market Index (Market Health: 92.9%)"
"Jan 10, 2023",MBL,BUY,134,253.0,33902.0,166048.1,1184478.5,1431308.7,0.0,0.00%,"[Quant Buy] Confidence 85/100: Strong Uptrend, Positive Momentum, Volume Breakout, Golden Cross, Healthy Market Index (Market Health: 89.3%)"
"Jan 10, 2023",SBI,BUY,86,325.0,27950.0,138098.1,1212428.5,1431308.7,0.0,0.00%,"[Quant Buy] Confidence 85/100: Strong Uptrend, Positive Momentum, Volume Breakout, Golden Cross, Healthy Market Index (Market Health: 89.3%)"
"Jan 24, 2023",EBL,BUY,33,533.0,17589.0,120509.1,1230017.5,1420481.3,0.0,0.00%,"[Quant Buy] Confidence 65/100: Strong Uptrend, Positive Momentum, Golden Cross, Healthy Market Index (Market Health: 89.7%)"
"Jan 25, 2023",NMB,BUY,97,248.0,24056.0,96453.1,1254073.5,1422038.3,0.0,0.00%,"[Quant Buy] Confidence 100/100: Strong Uptrend, Stable RSI, Positive Momentum, Volume Breakout, Golden Cross, Healthy Market Index (Market Health: 86.2%)"
"Jan 26, 2023",SANIMA,BUY,59,259.0,15281.0,81172.1,1269354.5,1420396.7,0.0,0.00%,"[Quant Buy] Confidence 80/100: Strong Uptrend, Stable RSI, Positive Momentum, Golden Cross, Healthy Market Index (Market Health: 82.8%)"
"Feb 07, 2023",KBL,BUY,54,195.0,10530.0,70642.1,1279884.5,1419807.7,0.0,0.00%,"[Quant Buy] Confidence 65/100: Strong Uptrend, Stable RSI, Positive Momentum, Healthy Market Index (Market Health: 86.2%)"
"Feb 08, 2023",ADBL,SELL,114,307.0,34998.0,105640.1,1240896.5,1413765.7,-3990.0,-10.23%,[Trend Breakdown] Death Cross: SMA20 crossed below SMA50. (Market Health: 86.2%)
"Feb 27, 2023",JBBL,SELL,166,278.0,46148.0,151788.1,1193088.5,1352569.3,-1660.0,-3.47%,[Trend Breakdown] Death Cross: SMA20 crossed below SMA50. (Market Health: 33.3%)
"Feb 27, 2023",LICN,SELL,36,1425.0,51300.0,203088.1,1145388.5,1352569.3,3600.0,+7.55%,[Trend Breakdown] Death Cross: SMA20 crossed below SMA50. (Market Health: 33.3%)
"Feb 27, 2023",CZBIL,SELL,240,187.0,44880.0,247968.1,1096308.5,1352569.3,-4200.0,-8.56%,[Trend Breakdown] Death Cross: SMA20 crossed below SMA50. (Market Health: 33.3%)
"Feb 27, 2023",NMB,SELL,97,232.0,22504.0,270472.1,1072252.5,1352569.3,-1552.0,-6.45%,[Trend Breakdown] Death Cross: SMA20 crossed below SMA50. (Market Health: 33.3%)
"Feb 28, 2023",JFL,SELL,74,390.1,28867.4,299339.5,1043392.5,1352334.2,7.4,+0.03%,[Trend Breakdown] Death Cross: SMA20 crossed below SMA50. (Market Health: 33.3%)
"Feb 28, 2023",KBL,SELL,54,180.6,9752.4,309091.9,1032862.5,1352334.2,-777.6,-7.38%,[Trend Breakdown] Death Cross: SMA20 crossed below SMA50. (Market Health: 33.3%)
"Mar 01, 2023",CFCL,SELL,137,318.4,43620.8,352712.7,982172.5,1347515.2,-7069.2,-13.95%,[Trend Breakdown] Death Cross: SMA20 crossed below SMA50. (Market Health: 23.3%)
"Mar 01, 2023",GMFIL,SELL,134,326.0,43684.0,396396.7,931265.9,1347515.2,-7222.6,-14.19%,[Trend Breakdown] Death Cross: SMA20 crossed below SMA50. (Market Health: 23.3%)
"Mar 02, 2023",AHPC,SELL,200,292.0,58400.0,454796.7,871465.9,1336570.7,-1400.0,-2.34%,[Trend Breakdown] Death Cross: SMA20 crossed below SMA50. (Market Health: 10.0%)
"Mar 02, 2023",ICFC,SELL,80,431.0,34480.0,489276.7,831065.9,1336570.7,-5920.0,-14.65%,[Trend Breakdown] Death Cross: SMA20 crossed below SMA50. (Market Health: 10.0%)
"Mar 05, 2023",SANIMA,SELL,59,235.0,13865.0,503141.7,815784.9,1329333.6,-1416.0,-9.27%,[Trend Breakdown] Death Cross: SMA20 crossed below SMA50. (Market Health: 6.7%)
"Mar 07, 2023",BPCL,SELL,137,324.0,44388.0,547529.7,773862.9,1334297.7,2466.0,+5.88%,[Trend Breakdown] Death Cross: SMA20 crossed below SMA50. (Market Health: 16.7%)
"Mar 07, 2023",CIT,SELL,25,1998.9,49972.5,597502.2,726662.9,1334297.7,2772.5,+5.87%,[Trend Breakdown] Death Cross: SMA20 crossed below SMA50. (Market Health: 16.7%)
"Mar 07, 2023",GFCL,SELL,99,448.0,44352.0,641854.2,675677.9,1334297.7,-6633.0,-13.01%,[Trend Breakdown] Death Cross: SMA20 crossed below SMA50. (Market Health: 16.7%)
"Mar 12, 2023",EDBL,SELL,116,329.0,38164.0,680018.2,636701.9,1340856.9,-812.0,-2.08%,[Trend Breakdown] Death Cross: SMA20 crossed below SMA50. (Market Health: 20.0%)
"Mar 13, 2023",NABBC,SELL,119,411.0,48909.0,728927.2,586007.9,1336936.7,-1785.0,-3.52%,[Trend Breakdown] Death Cross: SMA20 crossed below SMA50. (Market Health: 3.3%)
"Mar 13, 2023",MBL,SELL,134,227.0,30418.0,759345.2,552105.9,1336936.7,-3484.0,-10.28%,[Trend Breakdown] Death Cross: SMA20 crossed below SMA50. (Market Health: 3.3%)
"Mar 14, 2023",ALICL,SELL,57,629.9,35904.3,795249.5,521724.9,1337727.7,5523.3,+18.18%,[Trend Breakdown] Death Cross: SMA20 crossed below SMA50. (Market Health: 6.7%)
"Mar 15, 2023",NHPC,SELL,99,242.2,23977.8,819227.3,501043.8,1338355.4,3296.7,+15.94%,[Trend Breakdown] Death Cross: SMA20 crossed below SMA50. (Market Health: 3.3%)
"Mar 16, 2023",PROFL,SELL,196,331.0,64876.0,884103.3,441263.8,1335982.7,5096.0,+8.52%,[Trend Breakdown] Death Cross: SMA20 crossed below SMA50. (Market Health: 3.3%)
"Mar 16, 2023",CORBL,SELL,161,306.0,49266.0,933369.3,393479.0,1335982.7,1481.2,+3.10%,[Trend Breakdown] Death Cross: SMA20 crossed below SMA50. (Market Health: 3.3%)
"Mar 19, 2023",EBL,SELL,33,505.0,16665.0,950034.3,375890.0,1335852.7,-924.0,-5.25%,[Trend Breakdown] Death Cross: SMA20 crossed below SMA50. (Market Health: 3.3%)
"Mar 23, 2023",SBI,SELL,86,312.9,26909.4,976943.7,347940.0,1335746.2,-1040.6,-3.72%,[Trend Breakdown] Death Cross: SMA20 crossed below SMA50. (Market Health: 3.3%)
"May 15, 2023",CHCL,SELL,125,462.5,57812.5,1034756.2,299940.0,1334696.2,9812.5,+20.44%,[Trend Breakdown] Death Cross: SMA20 crossed below SMA50. (Market Health: 16.7%)
"May 23, 2023",EBL,BUY,92,552.0,50784.0,983972.2,350724.0,1334696.2,0.0,0.00%,"[Quant Buy] Confidence 85/100: Strong Uptrend, Stable RSI, Positive Momentum, Volume Breakout, Healthy Market Index (Market Health: 80.0%)"
"May 23, 2023",MBL,BUY,215,236.4,50826.0,933146.2,401550.0,1334696.2,0.0,0.00%,"[Quant Buy] Confidence 85/100: Strong Uptrend, Stable RSI, Positive Momentum, Volume Breakout, Healthy Market Index (Market Health: 80.0%)"
"May 23, 2023",SBI,BUY,150,338.0,50700.0,882446.2,452250.0,1334696.2,0.0,0.00%,"[Quant Buy] Confidence 85/100: Strong Uptrend, Stable RSI, Positive Momentum, Volume Breakout, Healthy Market Index (Market Health: 80.0%)"
"May 23, 2023",CIT,BUY,18,2212.0,39816.0,842630.2,492066.0,1334696.2,0.0,0.00%,"[Quant Buy] Confidence 70/100: Strong Uptrend, Positive Momentum, Volume Breakout, Healthy Market Index (Market Health: 80.0%)"
"May 23, 2023",NMB,BUY,165,236.0,38940.0,803690.2,531006.0,1334696.2,0.0,0.00%,"[Quant Buy] Confidence 65/100: Strong Uptrend, Stable RSI, Positive Momentum, Healthy Market Index (Market Health: 80.0%)"
"May 23, 2023",SANIMA,BUY,157,247.0,38779.0,764911.2,569785.0,1334696.2,0.0,0.00%,"[Quant Buy] Confidence 65/100: Strong Uptrend, Stable RSI, Positive Momentum, Healthy Market Index (Market Health: 80.0%)"
"Jun 04, 2023",CHCL,BUY,83,536.0,44488.0,720423.2,614273.0,1328836.5,0.0,0.00%,"[Quant Buy] Confidence 75/100: Strong Uptrend, Positive Momentum, Volume Breakout, Golden Cross (Market Health: 43.3%)"
"Jun 06, 2023",BPCL,BUY,129,348.5,44956.5,675466.7,659229.5,1329676.1,0.0,0.00%,"[Quant Buy] Confidence 75/100: Strong Uptrend, Positive Momentum, Volume Breakout, Golden Cross (Market Health: 43.3%)"
"Jun 07, 2023",LICN,BUY,31,1340.0,41540.0,633926.7,700769.5,1328421.3,0.0,0.00%,"[Quant Buy] Confidence 70/100: Strong Uptrend, Stable RSI, Positive Momentum, Golden Cross (Market Health: 50.0%)"
"Jun 08, 2023",ICFC,BUY,123,436.9,53738.7,580188.0,754508.2,1327795.7,0.0,0.00%,"[Quant Buy] Confidence 90/100: Strong Uptrend, Stable RSI, Positive Momentum, Volume Breakout, Golden Cross (Market Health: 60.0%)"
"Jun 11, 2023",JBBL,BUY,212,283.0,59996.0,520192.0,814504.2,1339050.2,0.0,0.00%,"[Quant Buy] Confidence 100/100: Strong Uptrend, Stable RSI, Positive Momentum, Volume Breakout, Golden Cross, Healthy Market Index (Market Health: 73.3%)"
"Jun 12, 2023",NMB,SELL,165,227.5,37537.5,557729.5,775564.2,1337729.8,-1402.5,-3.60%,[Trend Breakdown] Death Cross: SMA20 crossed below SMA50. (Market Health: 73.3%)
"Jun 12, 2023",CORBL,BUY,189,317.1,59931.9,497797.6,835496.1,1337729.8,0.0,0.00%,"[Quant Buy] Confidence 100/100: Strong Uptrend, Stable RSI, Positive Momentum, Volume Breakout, Golden Cross, Healthy Market Index (Market Health: 73.3%)"
"Jun 12, 2023",GFCL,BUY,130,460.0,59800.0,437997.6,895296.1,1337729.8,0.0,0.00%,"[Quant Buy] Confidence 100/100: Strong Uptrend, Stable RSI, Positive Momentum, Volume Breakout, Golden Cross, Healthy Market Index (Market Health: 73.3%)"
"Jun 13, 2023",ALICL,BUY,92,650.0,59800.0,378197.6,955096.1,1347251.9,0.0,0.00%,"[Quant Buy] Confidence 100/100: Strong Uptrend, Stable RSI, Positive Momentum, Volume Breakout, Golden Cross, Healthy Market Index (Market Health: 70.0%)"
"Jun 13, 2023",CFCL,BUY,184,325.0,59800.0,318397.6,1014896.1,1347251.9,0.0,0.00%,"[Quant Buy] Confidence 100/100: Strong Uptrend, Stable RSI, Positive Momentum, Volume Breakout, Golden Cross, Healthy Market Index (Market Health: 70.0%)"
"Jun 13, 2023",EDBL,BUY,188,319.0,59972.0,258425.6,1074868.1,1347251.9,0.0,0.00%,"[Quant Buy] Confidence 100/100: Strong Uptrend, Stable RSI, Positive Momentum, Volume Breakout, Golden Cross, Healthy Market Index (Market Health: 70.0%)"
"Jun 13, 2023",JFL,BUY,112,391.2,43814.4,214611.2,1118682.5,1347251.9,0.0,0.00%,"[Quant Buy] Confidence 85/100: Strong Uptrend, Positive Momentum, Volume Breakout, Golden Cross, Healthy Market Index (Market Health: 70.0%)"
"Jun 14, 2023",AHPC,BUY,141,302.5,42652.5,171958.7,1161335.0,1347515.3,0.0,0.00%,"[Quant Buy] Confidence 100/100: Strong Uptrend, Stable RSI, Positive Momentum, Volume Breakout, Golden Cross, Healthy Market Index (Market Health: 83.3%)"
"Jun 14, 2023",GBBL,BUY,92,372.0,34224.0,137734.7,1195559.0,1347515.3,0.0,0.00%,"[Quant Buy] Confidence 100/100: Strong Uptrend, Stable RSI, Positive Momentum, Volume Breakout, Golden Cross, Healthy Market Index (Market Health: 83.3%)"
"Jun 14, 2023",GMFIL,BUY,82,333.0,27306.0,110428.7,1222865.0,1347515.3,0.0,0.00%,"[Quant Buy] Confidence 100/100: Strong Uptrend, Stable RSI, Positive Momentum, Volume Breakout, Golden Cross, Healthy Market Index (Market Health: 83.3%)"
"Jun 18, 2023",PROFL,BUY,68,324.0,22032.0,88396.7,1244897.0,1364148.4,0.0,0.00%,"[Quant Buy] Confidence 100/100: Strong Uptrend, Stable RSI, Positive Momentum, Volume Breakout, Golden Cross, Healthy Market Index (Market Health: 73.3%)"
"Jun 19, 2023",NABBC,BUY,42,417.8,17547.6,70849.1,1262444.6,1386359.6,0.0,0.00%,"[Quant Buy] Confidence 100/100: Strong Uptrend, Stable RSI, Positive Momentum, Volume Breakout, Golden Cross, Healthy Market Index (Market Health: 73.3%)"
"Jul 06, 2023",AHPC,SELL,141,253.0,35673.0,106522.1,1219792.1,1361616.7,-6979.5,-16.36%,[Stop Loss] Stop-Loss hit at -16.36%. (Market Health: 56.7%)
"Jul 16, 2023",ADBL,BUY,59,233.9,13800.1,92722.0,1233592.2,1392657.4,0.0,0.00%,"[Quant Buy] Confidence 65/100: Strong Uptrend, Stable RSI, Positive Momentum, Healthy Market Index (Market Health: 83.3%)"
"Jul 18, 2023",GBIME,BUY,95,195.0,18525.0,74197.0,1252117.2,1429694.2,0.0,0.00%,"[Quant Buy] Confidence 100/100: Strong Uptrend, Stable RSI, Positive Momentum, Volume Breakout, Golden Cross, Healthy Market Index (Market Health: 90.0%)"
"Jul 19, 2023",PCBL,BUY,70,210.0,14700.0,59497.0,1266817.2,1434844.6,0.0,0.00%,"[Quant Buy] Confidence 100/100: Strong Uptrend, Stable RSI, Positive Momentum, Volume Breakout, Golden Cross, Healthy Market Index (Market Health: 90.0%)"
"Jul 20, 2023",CZBIL,BUY,53,189.0,10017.0,49480.0,1276834.2,1436511.8,0.0,0.00%,"[Quant Buy] Confidence 85/100: Strong Uptrend, Positive Momentum, Volume Breakout, Golden Cross, Healthy Market Index (Market Health: 90.0%)"
"Jul 23, 2023",KBL,BUY,44,189.9,8355.6,41124.4,1285189.8,1468033.7,0.0,0.00%,"[Quant Buy] Confidence 85/100: Strong Uptrend, Positive Momentum, Volume Breakout, Golden Cross, Healthy Market Index (Market Health: 90.0%)"
"Jul 24, 2023",CIT,SELL,18,2165.0,38970.0,80094.4,1245373.8,1444236.8,-846.0,-2.12%,[Trend Breakdown] Death Cross: SMA20 crossed below SMA50. (Market Health: 90.0%)
"Jul 24, 2023",NMB,BUY,65,243.0,15795.0,64299.4,1261168.8,1444236.8,0.0,0.00%,"[Quant Buy] Confidence 100/100: Strong Uptrend, Stable RSI, Positive Momentum, Volume Breakout, Golden Cross, Healthy Market Index (Market Health: 90.0%)"
"Jul 26, 2023",BPCL,SELL,129,329.0,42441.0,106740.4,1216212.3,1421936.1,-2515.5,-5.60%,[Trend Breakdown] Death Cross: SMA20 crossed below SMA50. (Market Health: 83.3%)
"Jul 30, 2023",HBL,BUY,67,221.8,14860.6,91879.8,1231072.9,1390877.0,0.0,0.00%,"[Quant Buy] Confidence 70/100: Strong Uptrend, Stable RSI, Golden Cross, Healthy Market Index (Market Health: 80.0%)"
"Jul 31, 2023",CHCL,SELL,83,514.1,42670.3,134550.1,1186584.9,1394233.7,-1817.7,-4.09%,[Trend Breakdown] Death Cross: SMA20 crossed below SMA50. (Market Health: 76.7%)
"Aug 08, 2023",LICN,SELL,31,1415.0,43865.0,178415.1,1145044.9,1353573.5,2325.0,+5.60%,[Trend Breakdown] Death Cross: SMA20 crossed below SMA50. (Market Health: 30.0%)
"Aug 15, 2023",JFL,SELL,112,370.0,41440.0,219855.1,1101230.5,1358764.9,-2374.4,-5.42%,[Trend Breakdown] Death Cross: SMA20 crossed below SMA50. (Market Health: 23.3%)
"Aug 15, 2023",KBL,SELL,44,161.0,7084.0,226939.1,1092874.9,1358764.9,-1271.6,-15.22%,[Stop Loss] Stop-Loss hit at -15.22%. (Market Health: 23.3%)
"Aug 16, 2023",ICFC,SELL,123,460.0,56580.0,283519.1,1039136.2,1351574.9,2841.3,+5.29%,[Trend Breakdown] Death Cross: SMA20 crossed below SMA50. (Market Health: 23.3%)
"Aug 16, 2023",ALICL,SELL,92,691.0,63572.0,347091.1,979336.2,1351574.9,3772.0,+6.31%,[Trend Breakdown] Death Cross: SMA20 crossed below SMA50. (Market Health: 23.3%)
"Aug 16, 2023",PROFL,SELL,68,310.0,21080.0,368171.1,957304.2,1351574.9,-952.0,-4.32%,[Trend Breakdown] Death Cross: SMA20 crossed below SMA50. (Market Health: 23.3%)
"Aug 17, 2023",SBI,SELL,150,335.0,50250.0,418421.1,906604.2,1353466.0,-450.0,-0.89%,[Trend Breakdown] Death Cross: SMA20 crossed below SMA50. (Market Health: 23.3%)
"Aug 17, 2023",GFCL,SELL,130,445.0,57850.0,476271.1,846804.2,1353466.0,-1950.0,-3.26%,[Trend Breakdown] Death Cross: SMA20 crossed below SMA50. (Market Health: 23.3%)
"Aug 17, 2023",CFCL,SELL,184,334.0,61456.0,537727.1,787004.2,1353466.0,1656.0,+2.77%,[Trend Breakdown] Death Cross: SMA20 crossed below SMA50. (Market Health: 23.3%)
"Aug 17, 2023",EDBL,SELL,188,313.0,58844.0,596571.1,727032.2,1353466.0,-1128.0,-1.88%,[Trend Breakdown] Death Cross: SMA20 crossed below SMA50. (Market Health: 23.3%)
"Aug 17, 2023",NABBC,SELL,42,394.8,16581.6,613152.7,709484.6,1353466.0,-966.0,-5.51%,[Trend Breakdown] Death Cross: SMA20 crossed below SMA50. (Market Health: 23.3%)
"Aug 20, 2023",GMFIL,SELL,82,343.9,28199.8,641352.5,682178.6,1352389.7,893.8,+3.27%,[Trend Breakdown] Death Cross: SMA20 crossed below SMA50. (Market Health: 23.3%)
"Aug 20, 2023",PCBL,SELL,70,185.0,12950.0,654302.5,667478.6,1352389.7,-1750.0,-11.90%,[Trend Breakdown] Death Cross: SMA20 crossed below SMA50. (Market Health: 23.3%)
"Aug 21, 2023",GBBL,SELL,92,377.0,34684.0,688986.5,633254.6,1350313.1,460.0,+1.34%,[Trend Breakdown] Death Cross: SMA20 crossed below SMA50. (Market Health: 23.3%)
"Aug 21, 2023",HBL,SELL,67,206.0,13802.0,702788.5,618394.0,1350313.1,-1058.6,-7.12%,[Trend Breakdown] Death Cross: SMA20 crossed below SMA50. (Market Health: 23.3%)
"Aug 23, 2023",CORBL,SELL,189,322.0,60858.0,763646.5,558462.1,1354392.4,926.1,+1.55%,[Trend Breakdown] Death Cross: SMA20 crossed below SMA50. (Market Health: 26.7%)
"Aug 23, 2023",NMB,SELL,65,226.0,14690.0,778336.5,542667.1,1354392.4,-1105.0,-7.00%,[Trend Breakdown] Death Cross: SMA20 crossed below SMA50. (Market Health: 26.7%)
"Sep 05, 2023",JBBL,SELL,212,297.2,63006.4,841342.9,482671.1,1343253.3,3010.4,+5.02%,[Trend Breakdown] Death Cross: SMA20 crossed below SMA50. (Market Health: 16.7%)
"Sep 18, 2023",GBIME,SELL,95,204.4,19418.0,860760.9,464146.1,1341687.6,893.0,+4.82%,[Trend Breakdown] Death Cross: SMA20 crossed below SMA50. (Market Health: 6.7%)
"Sep 24, 2023",CZBIL,SELL,53,187.0,9911.0,870671.9,454129.1,1341471.9,-106.0,-1.06%,[Trend Breakdown] Death Cross: SMA20 crossed below SMA50. (Market Health: 23.3%)
"Sep 26, 2023",EBL,SELL,92,579.7,53332.4,924004.3,403345.1,1331712.2,2548.4,+5.02%,[Trend Breakdown] Death Cross: SMA20 crossed below SMA50. (Market Health: 40.0%)
"Sep 27, 2023",MBL,SELL,215,217.3,46719.5,970723.8,352519.1,1330689.8,-4106.5,-8.08%,[Trend Breakdown] Death Cross: SMA20 crossed below SMA50. (Market Health: 26.7%)
"Sep 27, 2023",SANIMA,SELL,157,285.0,44745.0,1015468.8,313740.1,1330689.8,5966.0,+15.38%,[Trend Breakdown] Death Cross: SMA20 crossed below SMA50. (Market Health: 26.7%)
"Oct 16, 2023",ADBL,SELL,59,248.0,14632.0,1030100.8,299940.0,1330040.8,831.9,+6.03%,[Trend Breakdown] Death Cross: SMA20 crossed below SMA50. (Market Health: 0.0%)
"Dec 10, 2023",LICN,BUY,34,1480.0,50320.0,979780.8,350260.0,1330040.8,0.0,0.00%,"[Quant Buy] Confidence 85/100: Strong Uptrend, Positive Momentum, Volume Breakout, Golden Cross, Healthy Market Index (Market Health: 73.3%)"
"Dec 10, 2023",PCBL,BUY,195,199.9,38980.5,940800.3,389240.5,1330040.8,0.0,0.00%,"[Quant Buy] Confidence 65/100: Strong Uptrend, Stable RSI, Positive Momentum, Healthy Market Index (Market Health: 73.3%)"
"Dec 11, 2023",CIT,BUY,29,2010.1,58292.9,882507.4,447533.4,1328455.3,0.0,0.00%,"[Quant Buy] Confidence 100/100: Strong Uptrend, Stable RSI, Positive Momentum, Volume Breakout, Golden Cross, Healthy Market Index (Market Health: 70.0%)"
"Dec 12, 2023",CORBL,BUY,174,343.0,59682.0,822825.4,507215.4,1329762.4,0.0,0.00%,"[Quant Buy] Confidence 100/100: Strong Uptrend, Stable RSI, Positive Momentum, Volume Breakout, Golden Cross, Healthy Market Index (Market Health: 80.0%)"
"Dec 12, 2023",CHCL,BUY,95,536.0,50920.0,771905.4,558135.4,1329762.4,0.0,0.00%,"[Quant Buy] Confidence 85/100: Strong Uptrend, Positive Momentum, Volume Breakout, Golden Cross, Healthy Market Index (Market Health: 80.0%)"
"Dec 14, 2023",GBBL,BUY,151,395.2,59675.2,712230.2,617810.6,1330417.2,0.0,0.00%,"[Quant Buy] Confidence 100/100: Strong Uptrend, Stable RSI, Positive Momentum, Volume Breakout, Golden Cross, Healthy Market Index (Market Health: 83.3%)"
"Dec 14, 2023",BPCL,BUY,152,315.0,47880.0,664350.2,665690.6,1330417.2,0.0,0.00%,"[Quant Buy] Confidence 80/100: Strong Uptrend, Stable RSI, Positive Momentum, Golden Cross, Healthy Market Index (Market Health: 83.3%)"
"Dec 17, 2023",CFCL,BUY,166,359.9,59743.4,604606.8,725434.0,1336017.5,0.0,0.00%,"[Quant Buy] Confidence 100/100: Strong Uptrend, Stable RSI, Positive Momentum, Volume Breakout, Golden Cross, Healthy Market Index (Market Health: 83.3%)"
"Dec 17, 2023",HBL,BUY,203,206.0,41818.0,562788.8,767252.0,1336017.5,0.0,0.00%,"[Quant Buy] Confidence 70/100: Strong Uptrend, Stable RSI, Golden Cross, Healthy Market Index (Market Health: 83.3%)"
"Dec 18, 2023",ALICL,BUY,88,680.0,59840.0,502948.8,827092.0,1341588.3,0.0,0.00%,"[Quant Buy] Confidence 100/100: Strong Uptrend, Stable RSI, Positive Momentum, Volume Breakout, Golden Cross, Healthy Market Index (Market Health: 93.3%)"
"Dec 18, 2023",GFCL,BUY,127,469.0,59563.0,443385.8,886655.0,1341588.3,0.0,0.00%,"[Quant Buy] Confidence 100/100: Strong Uptrend, Stable RSI, Positive Momentum, Volume Breakout, Golden Cross, Healthy Market Index (Market Health: 93.3%)"
"Dec 18, 2023",GMFIL,BUY,132,385.0,50820.0,392565.8,937475.0,1341588.3,0.0,0.00%,"[Quant Buy] Confidence 85/100: Strong Uptrend, Positive Momentum, Volume Breakout, Golden Cross, Healthy Market Index (Market Health: 93.3%)"
"Dec 19, 2023",AHPC,BUY,208,245.0,50960.0,341605.8,988435.0,1347549.4,0.0,0.00%,"[Quant Buy] Confidence 85/100: Strong Uptrend, Positive Momentum, Volume Breakout, Golden Cross, Healthy Market Index (Market Health: 96.7%)"
"Dec 19, 2023",EBL,BUY,93,546.0,50778.0,290827.8,1039213.0,1347549.4,0.0,0.00%,"[Quant Buy] Confidence 85/100: Strong Uptrend, Positive Momentum, Volume Breakout, Golden Cross, Healthy Market Index (Market Health: 96.7%)"
"Dec 19, 2023",EDBL,BUY,138,356.9,49252.2,241575.6,1088465.2,1347549.4,0.0,0.00%,"[Quant Buy] Confidence 85/100: Strong Uptrend, Positive Momentum, Volume Breakout, Golden Cross, Healthy Market Index (Market Health: 96.7%)"
"Dec 19, 2023",ICFC,BUY,81,506.0,40986.0,200589.6,1129451.2,1347549.4,0.0,0.00%,"[Quant Buy] Confidence 85/100: Strong Uptrend, Positive Momentum, Volume Breakout, Golden Cross, Healthy Market Index (Market Health: 96.7%)"
"Dec 19, 2023",JFL,BUY,87,391.0,34017.0,166572.6,1163468.2,1347549.4,0.0,0.00%,"[Quant Buy] Confidence 85/100: Strong Uptrend, Positive Momentum, Volume Breakout, Golden Cross, Healthy Market Index (Market Health: 96.7%)"
"Dec 19, 2023",NABBC,BUY,69,410.0,28290.0,138282.6,1191758.2,1347549.4,0.0,0.00%,"[Quant Buy] Confidence 85/100: Strong Uptrend, Positive Momentum, Volume Breakout, Golden Cross, Healthy Market Index (Market Health: 96.7%)"
"Dec 19, 2023",NHPC,BUY,139,168.5,23421.5,114861.1,1215179.7,1347549.4,0.0,0.00%,"[Quant Buy] Confidence 85/100: Strong Uptrend, Positive Momentum, Volume Breakout, Golden Cross, Healthy Market Index (Market Health: 96.7%)"
"Dec 20, 2023",PROFL,BUY,45,328.0,14760.0,100101.1,1229939.7,1356558.6,0.0,0.00%,"[Quant Buy] Confidence 65/100: Strong Uptrend, Positive Momentum, Golden Cross, Healthy Market Index (Market Health: 96.7%)"
"Dec 21, 2023",JBBL,BUY,65,305.8,19877.0,80224.1,1249816.7,1332481.3,0.0,0.00%,"[Quant Buy] Confidence 100/100: Strong Uptrend, Stable RSI, Positive Momentum, Volume Breakout, Golden Cross, Healthy Market Index (Market Health: 96.7%)"
"Dec 21, 2023",KBL,BUY,97,164.1,15917.7,64306.4,1265734.4,1332481.3,0.0,0.00%,"[Quant Buy] Confidence 100/100: Strong Uptrend, Stable RSI, Positive Momentum, Volume Breakout, Golden Cross, Healthy Market Index (Market Health: 96.7%)"
"Dec 21, 2023",SANIMA,BUY,41,265.7,10893.7,53412.7,1276628.1,1332481.3,0.0,0.00%,"[Quant Buy] Confidence 85/100: Strong Uptrend, Positive Momentum, Volume Breakout, Golden Cross, Healthy Market Index (Market Health: 96.7%)"
"Dec 21, 2023",SBI,BUY,23,312.0,7176.0,46236.7,1283804.1,1332481.3,0.0,0.00%,"[Quant Buy] Confidence 70/100: Strong Uptrend, Stable RSI, Golden Cross, Healthy Market Index (Market Health: 96.7%)"
"Dec 24, 2023",CZBIL,BUY,33,180.0,5940.0,40296.7,1289744.1,1311584.2,0.0,0.00%,"[Quant Buy] Confidence 65/100: Strong Uptrend, Positive Momentum, Golden Cross, Healthy Market Index (Market Health: 93.3%)"
"Jan 11, 2024",MBL,BUY,27,203.0,5481.0,34815.7,1295225.1,1321838.6,0.0,0.00%,"[Quant Buy] Confidence 70/100: Strong Uptrend, Positive Momentum, Volume Breakout, Healthy Market Index (Market Health: 76.7%)"
"Jan 16, 2024",GBIME,BUY,26,209.4,5444.4,29371.3,1300669.5,1371231.9,0.0,0.00%,"[Quant Buy] Confidence 80/100: Strong Uptrend, Stable RSI, Positive Momentum, Golden Cross, Healthy Market Index (Market Health: 96.7%)"
"Jan 17, 2024",ADBL,BUY,16,247.0,3952.0,25419.3,1304621.5,1356865.4,0.0,0.00%,"[Quant Buy] Confidence 70/100: Strong Uptrend, Positive Momentum, Volume Breakout, Healthy Market Index (Market Health: 96.7%)"
"Jan 28, 2024",SBI,SELL,23,298.9,6874.7,32294.0,1297445.5,1320914.4,-301.3,-4.20%,[Trend Breakdown] Death Cross: SMA20 crossed below SMA50. (Market Health: 56.7%)
"Jan 29, 2024",LICN,SELL,34,1409.0,47906.0,80200.0,1247125.5,1313348.9,-2414.0,-4.80%,[Trend Breakdown] Death Cross: SMA20 crossed below SMA50. (Market Health: 60.0%)
"Jan 29, 2024",CHCL,SELL,95,493.9,46920.5,127120.5,1196205.5,1313348.9,-3999.5,-7.85%,[Trend Breakdown] Death Cross: SMA20 crossed below SMA50. (Market Health: 60.0%)
"Jan 29, 2024",GBBL,SELL,151,384.1,57999.1,185119.6,1136530.3,1313348.9,-1676.1,-2.81%,[Trend Breakdown] Death Cross: SMA20 crossed below SMA50. (Market Health: 60.0%)
"Jan 29, 2024",GBIME,SELL,26,199.0,5174.0,190293.6,1131085.9,1313348.9,-270.4,-4.97%,[Trend Breakdown] Death Cross: SMA20 crossed below SMA50. (Market Health: 60.0%)
"Jan 30, 2024",ADBL,SELL,16,245.5,3928.0,194221.6,1127133.9,1316699.9,-24.0,-0.61%,[Trend Breakdown] Death Cross: SMA20 crossed below SMA50. (Market Health: 53.3%)
"Feb 01, 2024",AHPC,SELL,208,206.8,43014.4,237236.0,1076173.9,1292563.7,-7945.6,-15.59%,[Stop Loss] Stop-Loss hit at -15.59%. (Market Health: 40.0%)
"Feb 01, 2024",KBL,SELL,97,149.0,14453.0,251689.0,1060256.2,1292563.7,-1464.7,-9.20%,[Trend Breakdown] Death Cross: SMA20 crossed below SMA50. (Market Health: 40.0%)
"Feb 04, 2024",MBL,SELL,27,182.9,4938.3,256627.3,1054775.2,1296090.6,-542.7,-9.90%,[Trend Breakdown] Death Cross: SMA20 crossed below SMA50. (Market Health: 40.0%)
"Feb 07, 2024",HBL,SELL,203,200.0,40600.0,297227.3,1012957.2,1308268.1,-1218.0,-2.91%,[Trend Breakdown] Death Cross: SMA20 crossed below SMA50. (Market Health: 46.7%)
"Feb 08, 2024",CZBIL,SELL,33,169.0,5577.0,302804.3,1007017.2,1316746.4,-363.0,-6.11%,[Trend Breakdown] Death Cross: SMA20 crossed below SMA50. (Market Health: 50.0%)
"Feb 11, 2024",SANIMA,SELL,41,248.4,10184.4,312988.7,996123.5,1315530.8,-709.3,-6.51%,[Trend Breakdown] Death Cross: SMA20 crossed below SMA50. (Market Health: 46.7%)
"Feb 14, 2024",CIT,SELL,29,2113.0,61277.0,374265.7,937830.6,1325544.0,2984.1,+5.12%,[Trend Breakdown] Death Cross: SMA20 crossed below SMA50. (Market Health: 43.3%)
"Feb 14, 2024",CFCL,SELL,166,360.5,59843.0,434108.7,878087.2,1325544.0,99.6,+0.17%,[Trend Breakdown] Death Cross: SMA20 crossed below SMA50. (Market Health: 43.3%)
"Feb 14, 2024",GMFIL,SELL,132,373.0,49236.0,483344.7,827267.2,1325544.0,-1584.0,-3.12%,[Trend Breakdown] Death Cross: SMA20 crossed below SMA50. (Market Health: 43.3%)
"Feb 21, 2024",GFCL,SELL,127,435.2,55270.4,538615.1,767704.2,1301407.7,-4292.6,-7.21%,[Trend Breakdown] Death Cross: SMA20 crossed below SMA50. (Market Health: 10.0%)
"Feb 21, 2024",ICFC,SELL,81,485.0,39285.0,577900.1,726718.2,1301407.7,-1701.0,-4.15%,[Trend Breakdown] Death Cross: SMA20 crossed below SMA50. (Market Health: 10.0%)
"Feb 22, 2024",PCBL,SELL,195,197.0,38415.0,616315.1,687737.7,1298623.2,-565.5,-1.45%,[Trend Breakdown] Death Cross: SMA20 crossed below SMA50. (Market Health: 10.0%)
"Feb 22, 2024",JBBL,SELL,65,295.0,19175.0,635490.1,667860.7,1298623.2,-702.0,-3.53%,[Trend Breakdown] Death Cross: SMA20 crossed below SMA50. (Market Health: 10.0%)
"Feb 25, 2024",ALICL,SELL,88,578.0,50864.0,686354.1,608020.7,1295325.9,-8976.0,-15.00%,[Stop Loss] Stop-Loss hit at -15.00%. (Market Health: 13.3%)
"Feb 25, 2024",PROFL,SELL,45,315.6,14202.0,700556.1,593260.7,1295325.9,-558.0,-3.78%,[Trend Breakdown] Death Cross: SMA20 crossed below SMA50. (Market Health: 13.3%)
"Feb 26, 2024",BPCL,SELL,152,302.0,45904.0,746460.1,545380.7,1297851.7,-1976.0,-4.13%,[Trend Breakdown] Death Cross: SMA20 crossed below SMA50. (Market Health: 13.3%)
"Feb 27, 2024",EBL,SELL,93,510.0,47430.0,793890.1,494602.7,1298860.0,-3348.0,-6.59%,[Trend Breakdown] Death Cross: SMA20 crossed below SMA50. (Market Health: 10.0%)
"Feb 28, 2024",JFL,SELL,87,363.0,31581.0,825471.1,460585.7,1296783.0,-2436.0,-7.16%,[Trend Breakdown] Death Cross: SMA20 crossed below SMA50. (Market Health: 6.7%)
"Feb 28, 2024",NHPC,SELL,139,153.5,21336.5,846807.6,437164.2,1296783.0,-2085.0,-8.90%,[Trend Breakdown] Death Cross: SMA20 crossed below SMA50. (Market Health: 6.7%)
"Mar 07, 2024",EDBL,SELL,138,356.5,49197.0,896004.6,387912.0,1298343.0,-55.2,-0.11%,[Trend Breakdown] Death Cross: SMA20 crossed below SMA50. (Market Health: 13.3%)
"Mar 12, 2024",ICFC,BUY,77,506.0,38962.0,857042.6,426874.0,1300287.0,0.0,0.00%,"[Quant Buy] Confidence 65/100: Strong Uptrend, Stable RSI, Positive Momentum, Healthy Market Index (Market Health: 66.7%)"
"Mar 12, 2024",JFL,BUY,102,380.0,38760.0,818282.6,465634.0,1300287.0,0.0,0.00%,"[Quant Buy] Confidence 65/100: Strong Uptrend, Stable RSI, Positive Momentum, Healthy Market Index (Market Health: 66.7%)"
"Apr 09, 2024",CFCL,BUY,116,386.0,44776.0,773506.6,510410.0,1312810.3,0.0,0.00%,"[Quant Buy] Confidence 75/100: Strong Uptrend, Stable RSI, Positive Momentum, Volume Breakout (Market Health: 43.3%)"
"Apr 09, 2024",GFCL,BUY,90,494.9,44541.0,728965.6,554951.0,1312810.3,0.0,0.00%,"[Quant Buy] Confidence 75/100: Strong Uptrend, Stable RSI, Positive Momentum, Volume Breakout (Market Health: 43.3%)"
"Apr 09, 2024",GMFIL,BUY,117,382.0,44694.0,684271.6,599645.0,1312810.3,0.0,0.00%,"[Quant Buy] Confidence 75/100: Strong Uptrend, Stable RSI, Positive Momentum, Volume Breakout (Market Health: 43.3%)"
"Apr 09, 2024",PROFL,BUY,135,332.0,44820.0,639451.6,644465.0,1312810.3,0.0,0.00%,"[Quant Buy] Confidence 75/100: Strong Uptrend, Stable RSI, Positive Momentum, Volume Breakout (Market Health: 43.3%)"
"Apr 09, 2024",EDBL,BUY,99,363.4,35976.6,603475.0,680441.6,1312810.3,0.0,0.00%,"[Quant Buy] Confidence 60/100: Strong Uptrend, Positive Momentum, Volume Breakout (Market Health: 43.3%)"
"Apr 25, 2024",PROFL,SELL,135,328.0,44280.0,647755.0,635621.6,1299022.9,-540.0,-1.20%,[Trend Breakdown] Death Cross: SMA20 crossed below SMA50. (Market Health: 26.7%)
"Apr 30, 2024",PROFL,BUY,128,349.0,44672.0,603083.0,680293.6,1336152.8,0.0,0.00%,"[Quant Buy] Confidence 75/100: Strong Uptrend, Stable RSI, Positive Momentum, Volume Breakout (Market Health: 53.3%)"
"May 13, 2024",ADBL,BUY,208,245.0,50960.0,552123.0,731253.6,1328040.4,0.0,0.00%,"[Quant Buy] Confidence 85/100: Strong Uptrend, Stable RSI, Positive Momentum, Volume Breakout, Healthy Market Index (Market Health: 63.3%)"
"May 19, 2024",PCBL,BUY,302,198.4,59916.8,492206.2,791170.4,1333702.8,0.0,0.00%,"[Quant Buy] Confidence 100/100: Strong Uptrend, Stable RSI, Positive Momentum, Volume Breakout, Golden Cross, Healthy Market Index (Market Health: 73.3%)"
"May 20, 2024",EBL,BUY,95,532.0,50540.0,441666.2,841710.4,1331276.2,0.0,0.00%,"[Quant Buy] Confidence 85/100: Strong Uptrend, Positive Momentum, Volume Breakout, Golden Cross, Healthy Market Index (Market Health: 83.3%)"
"May 22, 2024",SANIMA,BUY,191,267.0,50997.0,390669.2,892707.4,1349955.5,0.0,0.00%,"[Quant Buy] Confidence 85/100: Strong Uptrend, Positive Momentum, Volume Breakout, Golden Cross, Healthy Market Index (Market Health: 90.0%)"
"May 26, 2024",ALICL,BUY,82,584.4,47920.8,342748.4,940628.2,1341230.4,0.0,0.00%,"[Quant Buy] Confidence 80/100: Strong Uptrend, Stable RSI, Positive Momentum, Golden Cross, Healthy Market Index (Market Health: 90.0%)"
"May 27, 2024",CZBIL,BUY,284,179.0,50836.0,291912.4,991464.2,1346710.1,0.0,0.00%,"[Quant Buy] Confidence 85/100: Strong Uptrend, Positive Momentum, Volume Breakout, Golden Cross, Healthy Market Index (Market Health: 86.7%)"
"May 27, 2024",GBBL,BUY,126,369.9,46607.4,245305.0,1038071.6,1346710.1,0.0,0.00%,"[Quant Buy] Confidence 80/100: Strong Uptrend, Stable RSI, Positive Momentum, Golden Cross, Healthy Market Index (Market Health: 86.7%)"
"May 27, 2024",JBBL,BUY,116,295.8,34312.8,210992.2,1072384.4,1346710.1,0.0,0.00%,"[Quant Buy] Confidence 70/100: Strong Uptrend, Stable RSI, Golden Cross, Healthy Market Index (Market Health: 86.7%)"
"May 27, 2024",NABIL,BUY,54,507.9,27426.6,183565.6,1099811.0,1346710.1,0.0,0.00%,"[Quant Buy] Confidence 65/100: Strong Uptrend, Positive Momentum, Golden Cross, Healthy Market Index (Market Health: 86.7%)"
"May 29, 2024",NMB,BUY,156,199.0,31044.0,152521.6,1130855.0,1337488.2,0.0,0.00%,"[Quant Buy] Confidence 85/100: Strong Uptrend, Positive Momentum, Volume Breakout, Golden Cross, Healthy Market Index (Market Health: 76.7%)"
"May 29, 2024",KBL,BUY,167,146.0,24382.0,128139.6,1155237.0,1337488.2,0.0,0.00%,"[Quant Buy] Confidence 80/100: Strong Uptrend, Stable RSI, Positive Momentum, Golden Cross, Healthy Market Index (Market Health: 76.7%)"
"May 29, 2024",SBI,BUY,55,301.9,16604.5,111535.1,1171841.5,1337488.2,0.0,0.00%,"[Quant Buy] Confidence 65/100: Strong Uptrend, Positive Momentum, Golden Cross, Healthy Market Index (Market Health: 76.7%)"
"Jun 02, 2024",GFCL,SELL,90,464.9,41841.0,153376.1,1127300.5,1338510.7,-2700.0,-6.06%,[Trend Breakdown] Death Cross: SMA20 crossed below SMA50. (Market Health: 73.3%)
"Jun 02, 2024",GBBL,SELL,126,361.1,45498.6,198874.7,1080693.1,1338510.7,-1108.8,-2.38%,[Trend Breakdown] Death Cross: SMA20 crossed below SMA50. (Market Health: 73.3%)
"Jun 04, 2024",GBIME,BUY,151,184.0,27784.0,171090.7,1108477.1,1342603.3,0.0,0.00%,"[Quant Buy] Confidence 70/100: Strong Uptrend, Stable RSI, Golden Cross, Healthy Market Index (Market Health: 80.0%)"
"Jun 04, 2024",HBL,BUY,125,191.0,23875.0,147215.7,1132352.1,1342603.3,0.0,0.00%,"[Quant Buy] Confidence 70/100: Strong Uptrend, Stable RSI, Golden Cross, Healthy Market Index (Market Health: 80.0%)"
"Jun 11, 2024",GBBL,BUY,68,366.0,24888.0,122327.7,1157240.1,1339917.5,0.0,0.00%,"[Quant Buy] Confidence 85/100: Strong Uptrend, Stable RSI, Positive Momentum, Volume Breakout, Healthy Market Index (Market Health: 83.3%)"
"Jun 11, 2024",MBL,BUY,90,176.0,15840.0,106487.7,1173080.1,1339917.5,0.0,0.00%,"[Quant Buy] Confidence 65/100: Strong Uptrend, Stable RSI, Positive Momentum, Healthy Market Index (Market Health: 83.3%)"
"Jun 12, 2024",GFCL,BUY,44,483.0,21252.0,85235.7,1194332.1,1351656.5,0.0,0.00%,"[Quant Buy] Confidence 100/100: Strong Uptrend, Stable RSI, Positive Momentum, Volume Breakout, Golden Cross, Healthy Market Index (Market Health: 83.3%)"
"Jun 19, 2024",JBBL,SELL,116,286.0,33176.0,118411.7,1160019.3,1342528.3,-1136.8,-3.31%,[Trend Breakdown] Death Cross: SMA20 crossed below SMA50. (Market Health: 66.7%)
"Jun 19, 2024",GBBL,SELL,68,359.0,24412.0,142823.7,1135131.3,1342528.3,-476.0,-1.91%,[Trend Breakdown] Death Cross: SMA20 crossed below SMA50. (Market Health: 66.7%)
"Jun 19, 2024",NHPC,BUY,155,147.2,22816.0,120007.7,1157947.3,1342528.3,0.0,0.00%,"[Quant Buy] Confidence 80/100: Strong Uptrend, Stable RSI, Positive Momentum, Golden Cross, Healthy Market Index (Market Health: 66.7%)"
"Jun 23, 2024",NHPC,SELL,155,143.0,22165.0,142172.7,1135131.3,1352021.6,-651.0,-2.85%,[Trend Breakdown] Death Cross: SMA20 crossed below SMA50. (Market Health: 56.7%)
"Jun 25, 2024",LICN,BUY,15,1377.0,20655.0,121517.7,1155786.3,1355540.4,0.0,0.00%,"[Quant Buy] Confidence 75/100: Strong Uptrend, Stable RSI, Positive Momentum, Volume Breakout (Market Health: 60.0%)"
"Jul 01, 2024",ALICL,SELL,82,551.0,45182.0,166699.7,1107865.5,1361632.1,-2738.8,-5.72%,[Trend Breakdown] Death Cross: SMA20 crossed below SMA50. (Market Health: 53.3%)
"Jul 01, 2024",GBIME,SELL,151,173.9,26258.9,192958.6,1080081.5,1361632.1,-1525.1,-5.49%,[Trend Breakdown] Death Cross: SMA20 crossed below SMA50. (Market Health: 53.3%)
"Jul 02, 2024",HBL,SELL,125,183.0,22875.0,215833.6,1056206.5,1385213.0,-1000.0,-4.19%,[Trend Breakdown] Death Cross: SMA20 crossed below SMA50. (Market Health: 93.3%)
"Jul 03, 2024",CIT,BUY,17,2136.0,36312.0,179521.6,1092518.5,1420421.0,0.0,0.00%,"[Quant Buy] Confidence 85/100: Strong Uptrend, Stable RSI, Positive Momentum, Volume Breakout, Healthy Market Index (Market Health: 86.7%)"
"Jul 08, 2024",ALICL,BUY,51,595.0,30345.0,149176.6,1122863.5,1419300.7,0.0,0.00%,"[Quant Buy] Confidence 85/100: Strong Uptrend, Positive Momentum, Volume Breakout, Golden Cross, Healthy Market Index (Market Health: 86.7%)"
"Jul 09, 2024",JBBL,BUY,79,320.0,25280.0,123896.6,1148143.5,1424247.0,0.0,0.00%,"[Quant Buy] Confidence 85/100: Strong Uptrend, Positive Momentum, Volume Breakout, Golden Cross, Healthy Market Index (Market Health: 86.7%)"
"Jul 14, 2024",JFL,SELL,102,825.0,84150.0,208046.6,1109383.5,1475824.3,45390.0,+117.11%,[Profit Booking] Target Achieved: +117.11% gain. (Market Health: 96.7%)
"Jul 14, 2024",GBBL,BUY,90,392.2,35298.0,172748.6,1144681.5,1475824.3,0.0,0.00%,"[Quant Buy] Confidence 85/100: Strong Uptrend, Positive Momentum, Volume Breakout, Golden Cross, Healthy Market Index (Market Health: 96.7%)"
"Jul 15, 2024",CHCL,BUY,63,465.0,29295.0,143453.6,1173976.5,1470435.7,0.0,0.00%,"[Quant Buy] Confidence 85/100: Strong Uptrend, Positive Momentum, Volume Breakout, Golden Cross, Healthy Market Index (Market Health: 96.7%)"
"Jul 15, 2024",HBL,BUY,119,204.2,24299.8,119153.8,1198276.3,1470435.7,0.0,0.00%,"[Quant Buy] Confidence 85/100: Strong Uptrend, Positive Momentum, Volume Breakout, Golden Cross, Healthy Market Index (Market Health: 96.7%)"
"Jul 16, 2024",BPCL,BUY,62,322.0,19964.0,99189.8,1218240.3,1511385.9,0.0,0.00%,"[Quant Buy] Confidence 85/100: Strong Uptrend, Positive Momentum, Volume Breakout, Golden Cross, Healthy Market Index (Market Health: 96.7%)"
"Jul 16, 2024",GBIME,BUY,83,201.0,16683.0,82506.8,1234923.3,1511385.9,0.0,0.00%,"[Quant Buy] Confidence 85/100: Strong Uptrend, Positive Momentum, Volume Breakout, Golden Cross, Healthy Market Index (Market Health: 96.7%)"
"Jul 16, 2024",NHPC,BUY,80,175.0,14000.0,68506.8,1248923.3,1511385.9,0.0,0.00%,"[Quant Buy] Confidence 85/100: Strong Uptrend, Positive Momentum, Volume Breakout, Golden Cross, Healthy Market Index (Market Health: 96.7%)"
"Jul 17, 2024",AHPC,BUY,57,203.0,11571.0,56935.8,1260494.3,1547857.2,0.0,0.00%,"[Quant Buy] Confidence 85/100: Strong Uptrend, Positive Momentum, Volume Breakout, Golden Cross, Healthy Market Index (Market Health: 96.7%)"
"Aug 01, 2024",CORBL,SELL,174,692.3,120460.2,177396.0,1200812.3,1759747.8,60778.2,+101.84%,[Profit Booking] Target Achieved: +101.84% gain. (Market Health: 100.0%)
"Aug 01, 2024",JFL,BUY,28,815.0,22820.0,154576.0,1223632.3,1759747.8,0.0,0.00%,"[Quant Buy] Confidence 65/100: Strong Uptrend, Stable RSI, Positive Momentum, Healthy Market Index (Market Health: 100.0%)"
"Aug 07, 2024",CORBL,BUY,29,680.0,19720.0,134856.0,1243352.3,1719524.8,0.0,0.00%,"[Quant Buy] Confidence 65/100: Strong Uptrend, Stable RSI, Positive Momentum, Healthy Market Index (Market Health: 100.0%)"
"Aug 12, 2024",GFCL,SELL,44,973.5,42834.0,177690.0,1222100.3,1789525.2,21582.0,+101.55%,[Profit Booking] Target Achieved: +101.55% gain. (Market Health: 100.0%)
"Aug 13, 2024",PROFL,SELL,128,729.0,93312.0,271002.0,1177428.3,1803487.5,48640.0,+108.88%,[Profit Booking] Target Achieved: +108.88% gain. (Market Health: 100.0%)
"Aug 18, 2024",GFCL,BUY,34,1111.0,37774.0,233228.0,1215202.3,1872513.4,0.0,0.00%,"[Quant Buy] Confidence 70/100: Strong Uptrend, Positive Momentum, Volume Breakout, Healthy Market Index (Market Health: 100.0%)"
"Aug 21, 2024",CFCL,SELL,116,791.0,91756.0,324984.0,1170426.3,1891949.2,46980.0,+104.92%,[Profit Booking] Target Achieved: +104.92% gain. (Market Health: 100.0%)
"Aug 22, 2024",PROFL,BUY,52,747.0,38844.0,286140.0,1209270.3,1918646.0,0.0,0.00%,"[Quant Buy] Confidence 65/100: Strong Uptrend, Stable RSI, Positive Momentum, Healthy Market Index (Market Health: 100.0%)"
"Aug 25, 2024",CFCL,BUY,49,744.0,36456.0,249684.0,1245726.3,1879847.8,0.0,0.00%,"[Quant Buy] Confidence 65/100: Strong Uptrend, Stable RSI, Positive Momentum, Healthy Market Index (Market Health: 100.0%)"
"Aug 28, 2024",JFL,SELL,28,688.0,19264.0,268948.0,1222906.3,1820645.5,-3556.0,-15.58%,[Stop Loss] Stop-Loss hit at -15.58%. (Market Health: 96.7%)
"Sep 01, 2024",PROFL,SELL,52,622.0,32344.0,301292.0,1184062.3,1775499.9,-6500.0,-16.73%,[Stop Loss] Stop-Loss hit at -16.73%. (Market Health: 96.7%)
"Sep 05, 2024",PROFL,BUY,59,655.0,38645.0,262647.0,1222707.3,1802037.1,0.0,0.00%,"[Quant Buy] Confidence 65/100: Strong Uptrend, Stable RSI, Positive Momentum, Healthy Market Index (Market Health: 96.7%)"
"Sep 08, 2024",CFCL,SELL,49,632.0,30968.0,293615.0,1186251.3,1781384.1,-5488.0,-15.05%,[Stop Loss] Stop-Loss hit at -15.05%. (Market Health: 96.7%)
"Sep 18, 2024",GFCL,SELL,34,881.0,29954.0,323569.0,1148477.3,1718550.5,-7820.0,-20.70%,[Stop Loss] Stop-Loss hit at -20.70%. (Market Health: 53.3%)
"Sep 23, 2024",NABIL,SELL,54,568.0,30672.0,354241.0,1121050.7,1702319.2,3245.4,+11.83%,[Trend Breakdown] Death Cross: SMA20 crossed below SMA50. (Market Health: 20.0%)
"Sep 23, 2024",CHCL,SELL,63,543.0,34209.0,388450.0,1091755.7,1702319.2,4914.0,+16.77%,[Trend Breakdown] Death Cross: SMA20 crossed below SMA50. (Market Health: 20.0%)
"Sep 23, 2024",PROFL,SELL,59,529.0,31211.0,419661.0,1053110.7,1702319.2,-7434.0,-19.24%,[Stop Loss] Stop-Loss hit at -19.24%. (Market Health: 20.0%)
"Sep 25, 2024",CZBIL,SELL,284,233.0,66172.0,485833.0,1002274.7,1695214.1,15336.0,+30.17%,[Trend Breakdown] Death Cross: SMA20 crossed below SMA50. (Market Health: 20.0%)
"Sep 25, 2024",NMB,SELL,156,250.0,39000.0,524833.0,971230.7,1695214.1,7956.0,+25.63%,[Trend Breakdown] Death Cross: SMA20 crossed below SMA50. (Market Health: 20.0%)
"Sep 25, 2024",ALICL,SELL,51,677.0,34527.0,559360.0,940885.7,1695214.1,4182.0,+13.78%,[Trend Breakdown] Death Cross: SMA20 crossed below SMA50. (Market Health: 20.0%)
"Sep 25, 2024",HBL,SELL,119,246.0,29274.0,588634.0,916585.9,1695214.1,4974.2,+20.47%,[Trend Breakdown] Death Cross: SMA20 crossed below SMA50. (Market Health: 20.0%)
"Sep 26, 2024",ICFC,SELL,77,648.0,49896.0,638530.0,877623.9,1682649.7,10934.0,+28.06%,[Trend Breakdown] Death Cross: SMA20 crossed below SMA50. (Market Health: 10.0%)
"Sep 26, 2024",GMFIL,SELL,117,504.0,58968.0,697498.0,832929.9,1682649.7,14274.0,+31.94%,[Trend Breakdown] Death Cross: SMA20 crossed below SMA50. (Market Health: 10.0%)
"Sep 26, 2024",PCBL,SELL,302,268.0,80936.0,778434.0,773013.1,1682649.7,21019.2,+35.08%,[Trend Breakdown] Death Cross: SMA20 crossed below SMA50. (Market Health: 10.0%)
"Sep 26, 2024",JBBL,SELL,79,330.5,26109.5,804543.5,747733.1,1682649.7,829.5,+3.28%,[Trend Breakdown] Death Cross: SMA20 crossed below SMA50. (Market Health: 10.0%)
"Sep 26, 2024",GBBL,SELL,90,426.0,38340.0,842883.5,712435.1,1682649.7,3042.0,+8.62%,[Trend Breakdown] Death Cross: SMA20 crossed below SMA50. (Market Health: 10.0%)
"Sep 29, 2024",ADBL,SELL,208,352.3,73278.4,916161.9,661475.1,1677029.0,22318.4,+43.80%,[Trend Breakdown] Death Cross: SMA20 crossed below SMA50. (Market Health: 10.0%)
"Sep 29, 2024",SANIMA,SELL,191,331.9,63392.9,979554.8,610478.1,1677029.0,12395.9,+24.31%,[Trend Breakdown] Death Cross: SMA20 crossed below SMA50. (Market Health: 10.0%)
"Sep 29, 2024",MBL,SELL,90,230.3,20727.0,1000281.8,594638.1,1677029.0,4887.0,+30.85%,[Trend Breakdown] Death Cross: SMA20 crossed below SMA50. (Market Health: 10.0%)
"Sep 29, 2024",CIT,SELL,17,2094.0,35598.0,1035879.8,558326.1,1677029.0,-714.0,-1.97%,[Trend Breakdown] Death Cross: SMA20 crossed below SMA50. (Market Health: 10.0%)
"Sep 29, 2024",GBIME,SELL,83,235.0,19505.0,1055384.8,541643.1,1677029.0,2822.0,+16.92%,[Trend Breakdown] Death Cross: SMA20 crossed below SMA50. (Market Health: 10.0%)
"Oct 01, 2024",EBL,SELL,95,615.0,58425.0,1113809.8,491103.1,1702163.0,7885.0,+15.60%,[Trend Breakdown] Death Cross: SMA20 crossed below SMA50. (Market Health: 43.3%)
"Oct 02, 2024",KBL,SELL,167,217.0,36239.0,1150048.8,466721.1,1697446.8,11857.0,+48.63%,[Trend Breakdown] Death Cross: SMA20 crossed below SMA50. (Market Health: 30.0%)
"Oct 02, 2024",SBI,SELL,55,443.0,24365.0,1174413.8,450116.6,1697446.8,7760.5,+46.74%,[Trend Breakdown] Death Cross: SMA20 crossed below SMA50. (Market Health: 30.0%)
"Oct 06, 2024",BPCL,SELL,62,449.0,27838.0,1202251.8,430152.6,1701845.9,7874.0,+39.44%,[Trend Breakdown] Death Cross: SMA20 crossed below SMA50. (Market Health: 63.3%)
"Oct 06, 2024",NHPC,SELL,80,220.0,17600.0,1219851.8,416152.6,1701845.9,3600.0,+25.71%,[Trend Breakdown] Death Cross: SMA20 crossed below SMA50. (Market Health: 63.3%)
"Oct 06, 2024",GFCL,BUY,35,1084.0,37940.0,1181911.8,454092.6,1701845.9,0.0,0.00%,"[Quant Buy] Confidence 65/100: Strong Uptrend, Stable RSI, Positive Momentum, Healthy Market Index (Market Health: 63.3%)"
"Oct 08, 2024",AHPC,SELL,57,274.9,15669.3,1197581.1,442521.6,1701182.1,4098.3,+35.42%,[Trend Breakdown] Death Cross: SMA20 crossed below SMA50. (Market Health: 60.0%)
"Oct 16, 2024",NABBC,SELL,69,648.8,44767.2,1242348.3,414231.6,1702920.3,16477.2,+58.24%,[Trend Breakdown] Death Cross: SMA20 crossed below SMA50. (Market Health: 93.3%)
"Oct 20, 2024",NMB,BUY,160,280.1,44816.0,1197532.3,459047.6,1699765.7,0.0,0.00%,"[Quant Buy] Confidence 75/100: Strong Uptrend, Positive Momentum, Volume Breakout, Golden Cross (Market Health: 60.0%)"
"Oct 21, 2024",LICN,SELL,15,2043.0,30645.0,1228177.3,438392.6,1698834.5,9990.0,+48.37%,[Trend Breakdown] Death Cross: SMA20 crossed below SMA50. (Market Health: 43.3%)
"Oct 22, 2024",SBI,BUY,73,488.9,35689.7,1192487.6,474082.3,1700199.9,0.0,0.00%,"[Quant Buy] Confidence 60/100: Strong Uptrend, Positive Momentum, Volume Breakout (Market Health: 56.7%)"
"Oct 28, 2024",MBL,BUY,143,251.0,35893.0,1156594.6,509975.3,1695379.3,0.0,0.00%,"[Quant Buy] Confidence 60/100: Strong Uptrend, Stable RSI, Golden Cross (Market Health: 46.7%)"
"Oct 29, 2024",GBIME,BUY,140,255.9,35826.0,1120768.6,545801.3,1700161.1,0.0,0.00%,"[Quant Buy] Confidence 60/100: Strong Uptrend, Stable RSI, Golden Cross (Market Health: 56.7%)"
"Oct 29, 2024",PCBL,BUY,125,287.0,35875.0,1084893.6,581676.3,1700161.1,0.0,0.00%,"[Quant Buy] Confidence 60/100: Strong Uptrend, Stable RSI, Golden Cross (Market Health: 56.7%)"
"Oct 30, 2024",NABBC,BUY,81,662.0,53622.0,1031271.6,635298.3,1704389.0,0.0,0.00%,"[Quant Buy] Confidence 90/100: Strong Uptrend, Stable RSI, Positive Momentum, Volume Breakout, Golden Cross (Market Health: 50.0%)"
"Oct 30, 2024",ICFC,BUY,45,794.5,35752.5,995519.1,671050.8,1704389.0,0.0,0.00%,"[Quant Buy] Confidence 60/100: Strong Uptrend, Stable RSI, Golden Cross (Market Health: 50.0%)"
"Nov 05, 2024",PROFL,BUY,60,690.0,41400.0,954119.1,712450.8,1698408.9,0.0,0.00%,"[Quant Buy] Confidence 70/100: Strong Uptrend, Stable RSI, Positive Momentum, Golden Cross (Market Health: 43.3%)"
"Nov 06, 2024",GMFIL,BUY,64,648.9,41529.6,912589.5,753980.4,1706849.4,0.0,0.00%,"[Quant Buy] Confidence 70/100: Strong Uptrend, Stable RSI, Positive Momentum, Golden Cross (Market Health: 40.0%)"
"Nov 10, 2024",CHCL,BUY,99,602.0,59598.0,852991.5,813578.4,1720348.0,0.0,0.00%,"[Quant Buy] Confidence 100/100: Strong Uptrend, Stable RSI, Positive Momentum, Volume Breakout, Golden Cross, Healthy Market Index (Market Health: 66.7%)"
"Nov 10, 2024",CFCL,BUY,68,697.0,47396.0,805595.5,860974.4,1720348.0,0.0,0.00%,"[Quant Buy] Confidence 80/100: Strong Uptrend, Stable RSI, Positive Momentum, Golden Cross, Healthy Market Index (Market Health: 66.7%)"
"Nov 10, 2024",JFL,BUY,50,830.0,41500.0,764095.5,902474.4,1720348.0,0.0,0.00%,"[Quant Buy] Confidence 70/100: Strong Uptrend, Positive Momentum, Volume Breakout, Healthy Market Index (Market Health: 66.7%)"
"Nov 10, 2024",BPCL,BUY,83,467.5,38802.5,725293.0,941276.9,1720348.0,0.0,0.00%,"[Quant Buy] Confidence 65/100: Strong Uptrend, Stable RSI, Positive Momentum, Healthy Market Index (Market Health: 66.7%)"
"Nov 10, 2024",KBL,BUY,168,231.5,38892.0,686401.0,980168.9,1720348.0,0.0,0.00%,"[Quant Buy] Confidence 65/100: Strong Uptrend, Stable RSI, Positive Momentum, Healthy Market Index (Market Health: 66.7%)"
"Nov 11, 2024",ALICL,BUY,78,768.5,59943.0,626458.0,1040111.9,1733584.6,0.0,0.00%,"[Quant Buy] Confidence 100/100: Strong Uptrend, Stable RSI, Positive Momentum, Volume Breakout, Golden Cross, Healthy Market Index (Market Health: 73.3%)"
"Nov 12, 2024",GBBL,BUY,105,455.0,47775.0,578683.0,1087886.9,1733519.0,0.0,0.00%,"[Quant Buy] Confidence 80/100: Strong Uptrend, Stable RSI, Positive Momentum, Golden Cross, Healthy Market Index (Market Health: 70.0%)"
"Nov 14, 2024",HBL,BUY,148,262.0,38776.0,539907.0,1126662.9,1745623.5,0.0,0.00%,"[Quant Buy] Confidence 65/100: Strong Uptrend, Stable RSI, Positive Momentum, Healthy Market Index (Market Health: 70.0%)"
"Nov 17, 2024",JBBL,BUY,131,389.0,50959.0,488948.0,1177621.9,1750143.9,0.0,0.00%,"[Quant Buy] Confidence 85/100: Strong Uptrend, Positive Momentum, Volume Breakout, Golden Cross, Healthy Market Index (Market Health: 73.3%)"
"Nov 17, 2024",NHPC,BUY,179,233.9,41868.1,447079.9,1219490.0,1750143.9,0.0,0.00%,"[Quant Buy] Confidence 70/100: Strong Uptrend, Stable RSI, Golden Cross, Healthy Market Index (Market Health: 73.3%)"
"Nov 21, 2024",GFCL,SELL,35,957.7,33519.5,480599.4,1181550.0,1722759.0,-4420.5,-11.65%,[Trend Breakdown] Death Cross: SMA20 crossed below SMA50. (Market Health: 46.7%)
"Nov 25, 2024",CORBL,SELL,29,1361.0,39469.0,520068.4,1161830.0,1724972.9,19749.0,+100.15%,[Profit Booking] Target Achieved: +100.15% gain. (Market Health: 43.3%)
"Nov 25, 2024",AHPC,BUY,128,281.0,35968.0,484100.4,1197798.0,1724972.9,0.0,0.00%,"[Quant Buy] Confidence 60/100: Strong Uptrend, Stable RSI, Golden Cross (Market Health: 43.3%)"
"Nov 27, 2024",PCBL,SELL,125,274.0,34250.0,518350.4,1161923.0,1744902.8,-1625.0,-4.53%,[Trend Breakdown] Death Cross: SMA20 crossed below SMA50. (Market Health: 66.7%)
"Dec 01, 2024",EDBL,SELL,99,749.0,74151.0,592501.4,1125946.4,1743526.6,38174.4,+106.11%,[Profit Booking] Target Achieved: +106.11% gain. (Market Health: 56.7%)
"Dec 01, 2024",CORBL,BUY,19,1831.5,34798.5,557702.9,1160744.9,1743526.6,0.0,0.00%,"[Quant Buy] Confidence 60/100: Strong Uptrend, Positive Momentum, Volume Breakout (Market Health: 56.7%)"
"Dec 04, 2024",NMB,SELL,160,253.0,40480.0,598182.9,1115928.9,1751704.5,-4336.0,-9.68%,[Trend Breakdown] Death Cross: SMA20 crossed below SMA50. (Market Health: 50.0%)
"Dec 04, 2024",GBIME,SELL,140,228.2,31948.0,630130.9,1080102.9,1751704.5,-3878.0,-10.82%,[Trend Breakdown] Death Cross: SMA20 crossed below SMA50. (Market Health: 50.0%)
"Dec 05, 2024",CIT,BUY,19,2199.0,41781.0,588349.9,1121883.9,1740904.9,0.0,0.00%,"[Quant Buy] Confidence 70/100: Strong Uptrend, Stable RSI, Positive Momentum, Golden Cross (Market Health: 40.0%)"
"Dec 09, 2024",HBL,SELL,148,241.8,35786.4,624136.3,1083107.9,1717513.5,-2989.6,-7.71%,[Trend Breakdown] Death Cross: SMA20 crossed below SMA50. (Market Health: 33.3%)
"Dec 10, 2024",KBL,SELL,168,215.2,36153.6,660289.9,1044215.9,1714760.0,-2738.4,-7.04%,[Trend Breakdown] Death Cross: SMA20 crossed below SMA50. (Market Health: 30.0%)
"Dec 10, 2024",CIT,SELL,19,2172.5,41277.5,701567.4,1002434.9,1714760.0,-503.5,-1.21%,[Trend Breakdown] Death Cross: SMA20 crossed below SMA50. (Market Health: 30.0%)
"Dec 11, 2024",BPCL,SELL,83,417.0,34611.0,736178.4,963632.4,1734441.2,-4191.5,-10.80%,[Trend Breakdown] Death Cross: SMA20 crossed below SMA50. (Market Health: 33.3%)
"Dec 12, 2024",SBI,SELL,73,458.0,33434.0,769612.4,927942.7,1728671.2,-2255.7,-6.32%,[Trend Breakdown] Death Cross: SMA20 crossed below SMA50. (Market Health: 16.7%)
"Dec 12, 2024",NABBC,SELL,81,1355.0,109755.0,879367.4,874320.7,1728671.2,56133.0,+104.68%,[Profit Booking] Target Achieved: +104.68% gain. (Market Health: 16.7%)
"Dec 12, 2024",ICFC,SELL,45,717.9,32305.5,911672.9,838568.2,1728671.2,-3447.0,-9.64%,[Trend Breakdown] Death Cross: SMA20 crossed below SMA50. (Market Health: 16.7%)
"Dec 17, 2024",MBL,SELL,143,238.2,34062.6,945735.5,802675.2,1716532.0,-1830.4,-5.10%,[Trend Breakdown] Death Cross: SMA20 crossed below SMA50. (Market Health: 10.0%)
"Dec 17, 2024",CHCL,SELL,99,563.5,55786.5,1001522.0,743077.2,1716532.0,-3811.5,-6.40%,[Trend Breakdown] Death Cross: SMA20 crossed below SMA50. (Market Health: 10.0%)
"Dec 17, 2024",GBBL,SELL,105,428.0,44940.0,1046462.0,695302.2,1716532.0,-2835.0,-5.93%,[Trend Breakdown] Death Cross: SMA20 crossed below SMA50. (Market Health: 10.0%)
"Dec 17, 2024",AHPC,SELL,128,254.0,32512.0,1078974.0,659334.2,1716532.0,-3456.0,-9.61%,[Trend Breakdown] Death Cross: SMA20 crossed below SMA50. (Market Health: 10.0%)
"Dec 22, 2024",CORBL,SELL,19,1518.0,28842.0,1107816.0,624535.7,1709766.8,-5956.5,-17.12%,[Stop Loss] Stop-Loss hit at -17.12%. (Market Health: 10.0%)
"Dec 23, 2024",GMFIL,SELL,64,584.0,37376.0,1145192.0,583006.1,1716399.4,-4153.6,-10.00%,[Trend Breakdown] Death Cross: SMA20 crossed below SMA50. (Market Health: 10.0%)
"Dec 23, 2024",CFCL,SELL,68,613.0,41684.0,1186876.0,535610.1,1716399.4,-5712.0,-12.05%,[Trend Breakdown] Death Cross: SMA20 crossed below SMA50. (Market Health: 10.0%)
"Dec 24, 2024",PROFL,SELL,60,650.3,39018.0,1225894.0,494210.1,1714172.3,-2382.0,-5.75%,[Trend Breakdown] Death Cross: SMA20 crossed below SMA50. (Market Health: 13.3%)
"Dec 24, 2024",ALICL,SELL,78,707.2,55161.6,1281055.6,434267.1,1714172.3,-4781.4,-7.98%,[Trend Breakdown] Death Cross: SMA20 crossed below SMA50. (Market Health: 13.3%)
"Dec 29, 2024",NHPC,SELL,179,214.0,38306.0,1319361.6,392399.0,1708118.5,-3562.1,-8.51%,[Trend Breakdown] Death Cross: SMA20 crossed below SMA50. (Market Health: 6.7%)
"Jan 05, 2025",JFL,SELL,50,700.0,35000.0,1354361.6,350899.0,1702640.6,-6500.0,-15.66%,[Stop Loss] Stop-Loss hit at -15.66%. (Market Health: 3.3%)
"Jan 05, 2025",JBBL,SELL,131,369.0,48339.0,1402700.6,299940.0,1702640.6,-2620.0,-5.14%,[Trend Breakdown] Death Cross: SMA20 crossed below SMA50. (Market Health: 3.3%)
"Feb 17, 2025",EDBL,BUY,42,838.2,35204.4,1367496.2,335144.4,1702640.6,0.0,0.00%,"[Quant Buy] Confidence 60/100: Strong Uptrend, Positive Momentum, Volume Breakout (Market Health: 60.0%)"
"Feb 18, 2025",BPCL,BUY,126,426.0,53676.0,1313820.2,388820.4,1700532.2,0.0,0.00%,"[Quant Buy] Confidence 90/100: Strong Uptrend, Stable RSI, Positive Momentum, Volume Breakout, Golden Cross (Market Health: 56.7%)"
"Feb 18, 2025",NMB,BUY,177,253.4,44851.8,1268968.4,433672.2,1700532.2,0.0,0.00%,"[Quant Buy] Confidence 75/100: Strong Uptrend, Positive Momentum, Volume Breakout, Golden Cross (Market Health: 56.7%)"
"Feb 18, 2025",ALICL,BUY,46,774.9,35645.4,1233323.0,469317.6,1700532.2,0.0,0.00%,"[Quant Buy] Confidence 60/100: Strong Uptrend, Positive Momentum, Volume Breakout (Market Health: 56.7%)"
"Feb 18, 2025",NABBC,BUY,25,1428.0,35700.0,1197623.0,505017.6,1700532.2,0.0,0.00%,"[Quant Buy] Confidence 60/100: Strong Uptrend, Positive Momentum, Volume Breakout (Market Health: 56.7%)"
"Feb 27, 2025",LICN,BUY,38,1321.0,50198.0,1147425.0,555215.6,1703434.0,0.0,0.00%,"[Quant Buy] Confidence 85/100: Strong Uptrend, Positive Momentum, Volume Breakout, Golden Cross, Healthy Market Index (Market Health: 83.3%)"
"Feb 27, 2025",NHPC,BUY,223,228.0,50844.0,1096581.0,606059.6,1703434.0,0.0,0.00%,"[Quant Buy] Confidence 85/100: Strong Uptrend, Stable RSI, Positive Momentum, Volume Breakout, Healthy Market Index (Market Health: 83.3%)"
"Feb 27, 2025",EBL,BUY,66,632.5,41745.0,1054836.0,647804.6,1703434.0,0.0,0.00%,"[Quant Buy] Confidence 70/100: Strong Uptrend, Positive Momentum, Volume Breakout, Healthy Market Index (Market Health: 83.3%)"
"Feb 27, 2025",AHPC,BUY,145,268.1,38874.5,1015961.5,686679.1,1703434.0,0.0,0.00%,"[Quant Buy] Confidence 65/100: Strong Uptrend, Stable RSI, Positive Momentum, Healthy Market Index (Market Health: 83.3%)"
"Feb 27, 2025",CFCL,BUY,59,659.5,38910.5,977051.0,725589.6,1703434.0,0.0,0.00%,"[Quant Buy] Confidence 65/100: Strong Uptrend, Stable RSI, Positive Momentum, Healthy Market Index (Market Health: 83.3%)"
"Mar 02, 2025",SANIMA,BUY,157,322.8,50679.6,926371.4,776269.2,1718232.1,0.0,0.00%,"[Quant Buy] Confidence 85/100: Strong Uptrend, Positive Momentum, Volume Breakout, Golden Cross, Healthy Market Index (Market Health: 96.7%)"
"Mar 03, 2025",HBL,BUY,241,248.0,59768.0,866603.4,836037.2,1712073.9,0.0,0.00%,"[Quant Buy] Confidence 100/100: Strong Uptrend, Stable RSI, Positive Momentum, Volume Breakout, Golden Cross, Healthy Market Index (Market Health: 96.7%)"
"Mar 03, 2025",GBBL,BUY,122,415.8,50727.6,815875.8,886764.8,1712073.9,0.0,0.00%,"[Quant Buy] Confidence 85/100: Strong Uptrend, Positive Momentum, Volume Breakout, Golden Cross, Healthy Market Index (Market Health: 96.7%)"
"Mar 03, 2025",MBL,BUY,209,244.0,50996.0,764879.8,937760.8,1712073.9,0.0,0.00%,"[Quant Buy] Confidence 85/100: Strong Uptrend, Positive Momentum, Volume Breakout, Golden Cross, Healthy Market Index (Market Health: 96.7%)"
"Mar 03, 2025",CHCL,BUY,89,539.0,47971.0,716908.8,985731.8,1712073.9,0.0,0.00%,"[Quant Buy] Confidence 80/100: Strong Uptrend, Stable RSI, Positive Momentum, Golden Cross, Healthy Market Index (Market Health: 96.7%)"
"Mar 03, 2025",GMFIL,BUY,84,564.9,47451.6,669457.2,1033183.4,1712073.9,0.0,0.00%,"[Quant Buy] Confidence 80/100: Strong Uptrend, Stable RSI, Positive Momentum, Golden Cross, Healthy Market Index (Market Health: 96.7%)"
"Mar 03, 2025",ICFC,BUY,70,678.0,47460.0,621997.2,1080643.4,1712073.9,0.0,0.00%,"[Quant Buy] Confidence 80/100: Strong Uptrend, Stable RSI, Positive Momentum, Golden Cross, Healthy Market Index (Market Health: 96.7%)"
"Mar 03, 2025",CORBL,BUY,19,2020.0,38380.0,583617.2,1119023.4,1712073.9,0.0,0.00%,"[Quant Buy] Confidence 65/100: Strong Uptrend, Stable RSI, Positive Momentum, Healthy Market Index (Market Health: 96.7%)"
"Mar 04, 2025",CZBIL,BUY,268,223.8,59978.4,523638.8,1179001.8,1703167.5,0.0,0.00%,"[Quant Buy] Confidence 100/100: Strong Uptrend, Stable RSI, Positive Momentum, Volume Breakout, Golden Cross, Healthy Market Index (Market Health: 93.3%)"
"Mar 04, 2025",PCBL,BUY,191,267.0,50997.0,472641.8,1229998.8,1703167.5,0.0,0.00%,"[Quant Buy] Confidence 85/100: Strong Uptrend, Positive Momentum, Volume Breakout, Golden Cross, Healthy Market Index (Market Health: 93.3%)"
"Mar 05, 2025",GBIME,BUY,167,233.0,38911.0,433730.8,1268909.8,1690453.7,0.0,0.00%,"[Quant Buy] Confidence 65/100: Strong Uptrend, Positive Momentum, Golden Cross, Healthy Market Index (Market Health: 80.0%)"
"Mar 06, 2025",NABIL,BUY,84,498.1,41840.4,391890.4,1310750.2,1689062.3,0.0,0.00%,"[Quant Buy] Confidence 70/100: Strong Uptrend, Stable RSI, Golden Cross, Healthy Market Index (Market Health: 86.7%)"
"Mar 09, 2025",EDBL,SELL,42,695.2,29198.4,421088.8,1275545.8,1674013.8,-6006.0,-17.06%,[Stop Loss] Stop-Loss hit at -17.06%. (Market Health: 73.3%)
"Mar 09, 2025",LICN,SELL,38,1115.0,42370.0,463458.8,1225347.8,1674013.8,-7828.0,-15.59%,[Stop Loss] Stop-Loss hit at -15.59%. (Market Health: 73.3%)
"Mar 09, 2025",KBL,BUY,198,211.4,41857.2,421601.6,1267205.0,1674013.8,0.0,0.00%,"[Quant Buy] Confidence 70/100: Strong Uptrend, Stable RSI, Golden Cross, Healthy Market Index (Market Health: 73.3%)"
"Mar 11, 2025",JBBL,BUY,145,370.0,53650.0,367951.6,1320855.0,1662889.9,0.0,0.00%,"[Quant Buy] Confidence 90/100: Strong Uptrend, Stable RSI, Positive Momentum, Volume Breakout, Golden Cross (Market Health: 43.3%)"
"Mar 19, 2025",CFCL,SELL,59,554.0,32686.0,400637.6,1281944.5,1643597.4,-6224.5,-16.00%,[Stop Loss] Stop-Loss hit at -16.00%. (Market Health: 20.0%)
"Mar 19, 2025",ICFC,SELL,70,627.0,43890.0,444527.6,1234484.5,1643597.4,-3570.0,-7.52%,[Trend Breakdown] Death Cross: SMA20 crossed below SMA50. (Market Health: 20.0%)
"Mar 20, 2025",CORBL,SELL,19,1888.35,35878.65,480406.25,1196104.5,1640398.36,-2501.35,-6.52%,[Trend Breakdown] Death Cross: SMA20 crossed below SMA50. (Market Health: 23.3%)
"Mar 23, 2025",JBBL,SELL,145,340.17,49324.65,529730.9,1142454.5,1626087.56,-4325.35,-8.06%,[Trend Breakdown] Death Cross: SMA20 crossed below SMA50. (Market Health: 3.3%)
"Mar 25, 2025",NHPC,SELL,223,203.42,45362.66,575093.56,1091610.5,1614326.34,-5481.34,-10.78%,[Trend Breakdown] Death Cross: SMA20 crossed below SMA50. (Market Health: 3.3%)
"Mar 25, 2025",CHCL,SELL,89,476.91,42444.99,617538.55,1043639.5,1614326.34,-5526.01,-11.52%,[Trend Breakdown] Death Cross: SMA20 crossed below SMA50. (Market Health: 3.3%)
"Apr 01, 2025",BPCL,SELL,126,398.66,50231.16,667769.71,989963.5,1631690.45,-3444.84,-6.42%,[Trend Breakdown] Death Cross: SMA20 crossed below SMA50. (Market Health: 16.7%)
"Apr 01, 2025",ALICL,SELL,46,758.99,34913.54,702683.25,954318.1,1631690.45,-731.86,-2.05%,[Trend Breakdown] Death Cross: SMA20 crossed below SMA50. (Market Health: 16.7%)
"Apr 01, 2025",AHPC,SELL,145,252.49,36611.05,739294.3,915443.6,1631690.45,-2263.45,-5.82%,[Trend Breakdown] Death Cross: SMA20 crossed below SMA50. (Market Health: 16.7%)
"Apr 01, 2025",GMFIL,SELL,84,510.2,42856.8,782151.1,867992.0,1631690.45,-4594.8,-9.68%,[Trend Breakdown] Death Cross: SMA20 crossed below SMA50. (Market Health: 16.7%)
"Apr 02, 2025",MBL,SELL,209,227.84,47618.56,829769.66,816996.0,1635500.1,-3377.44,-6.62%,[Trend Breakdown] Death Cross: SMA20 crossed below SMA50. (Market Health: 33.3%)
"Apr 02, 2025",NABIL,SELL,84,485.26,40761.84,870531.5,775155.6,1635500.1,-1078.56,-2.58%,[Trend Breakdown] Death Cross: SMA20 crossed below SMA50. (Market Health: 33.3%)
"Apr 07, 2025",EBL,SELL,66,605.24,39945.84,910477.34,733410.6,1636759.37,-1799.16,-4.31%,[Trend Breakdown] Death Cross: SMA20 crossed below SMA50. (Market Health: 23.3%)
"Apr 07, 2025",CZBIL,SELL,268,213.17,57129.56,967606.9,673432.2,1636759.37,-2848.84,-4.75%,[Trend Breakdown] Death Cross: SMA20 crossed below SMA50. (Market Health: 23.3%)
"Apr 07, 2025",GBIME,SELL,167,218.8,36539.6,1004146.5,634521.2,1636759.37,-2371.4,-6.09%,[Trend Breakdown] Death Cross: SMA20 crossed below SMA50. (Market Health: 23.3%)
"Apr 08, 2025",GBBL,SELL,122,389.46,47514.12,1051660.62,583793.6,1635683.18,-3213.48,-6.33%,[Trend Breakdown] Death Cross: SMA20 crossed below SMA50. (Market Health: 23.3%)
"Apr 10, 2025",SANIMA,SELL,157,298.72,46899.04,1098559.66,533114.0,1633442.3,-3780.56,-7.46%,[Trend Breakdown] Death Cross: SMA20 crossed below SMA50. (Market Health: 16.7%)
"Apr 15, 2025",HBL,SELL,241,233.01,56155.41,1154715.07,473346.0,1633708.52,-3612.59,-6.04%,[Trend Breakdown] Death Cross: SMA20 crossed below SMA50. (Market Health: 26.7%)
"Apr 17, 2025",PCBL,SELL,191,262.24,50087.84,1204802.91,422349.0,1636708.96,-909.16,-1.78%,[Trend Breakdown] Death Cross: SMA20 crossed below SMA50. (Market Health: 60.0%)
"Apr 17, 2025",KBL,SELL,198,211.03,41783.94,1246586.85,380491.8,1636708.96,-73.26,-0.18%,[Trend Breakdown] Death Cross: SMA20 crossed below SMA50. (Market Health: 60.0%)
"Apr 20, 2025",NMB,SELL,177,253.39,44850.03,1291436.88,335640.0,1636163.38,-1.77,-0.00%,[Trend Breakdown] Death Cross: SMA20 crossed below SMA50. (Market Health: 43.3%)
"May 06, 2025",NABBC,SELL,25,1628.01,40700.25,1332137.13,299940.0,1632077.13,5000.25,+14.01%,[Trend Breakdown] Death Cross: SMA20 crossed below SMA50. (Market Health: 13.3%)
"May 21, 2025",SANIMA,BUY,143,313.22,44790.46,1287346.67,344730.46,1632077.13,0.0,0.00%,"[Quant Buy] Confidence 75/100: Strong Uptrend, Stable RSI, Positive Momentum, Volume Breakout (Market Health: 43.3%)"
"May 21, 2025",EBL,BUY,56,635.51,35588.56,1251758.11,380319.02,1632077.13,0.0,0.00%,"[Quant Buy] Confidence 60/100: Strong Uptrend, Positive Momentum, Volume Breakout (Market Health: 43.3%)"
"May 22, 2025",CORBL,BUY,17,2176.4,36998.8,1214759.31,417317.82,1633819.72,0.0,0.00%,"[Quant Buy] Confidence 65/100: Strong Uptrend, Stable RSI, Positive Momentum, Healthy Market Index (Market Health: 66.7%)"
"May 27, 2025",BPCL,BUY,84,531.72,44664.48,1170094.83,461982.3,1638016.19,0.0,0.00%,"[Quant Buy] Confidence 75/100: Strong Uptrend, Stable RSI, Positive Momentum, Volume Breakout (Market Health: 53.3%)"
"May 27, 2025",GBIME,BUY,186,241.43,44905.98,1125188.85,506888.28,1638016.19,0.0,0.00%,"[Quant Buy] Confidence 75/100: Strong Uptrend, Positive Momentum, Volume Breakout, Golden Cross (Market Health: 53.3%)"
"May 28, 2025",AHPC,BUY,134,290.73,38957.82,1086231.03,545846.1,1645150.8,0.0,0.00%,"[Quant Buy] Confidence 65/100: Strong Uptrend, Stable RSI, Positive Momentum, Healthy Market Index (Market Health: 66.7%)"
"Jun 02, 2025",GBBL,BUY,135,397.24,53627.4,1032603.63,599473.5,1649129.47,0.0,0.00%,"[Quant Buy] Confidence 90/100: Strong Uptrend, Stable RSI, Volume Breakout, Golden Cross, Healthy Market Index (Market Health: 63.3%)"
"Jun 02, 2025",NABIL,BUY,77,500.78,38560.06,994043.57,638033.56,1649129.47,0.0,0.00%,"[Quant Buy] Confidence 65/100: Strong Uptrend, Positive Momentum, Golden Cross, Healthy Market Index (Market Health: 63.3%)"
"Jun 03, 2025",ADBL,BUY,123,291.42,35844.66,958198.91,673878.22,1643353.88,0.0,0.00%,"[Quant Buy] Confidence 60/100: Strong Uptrend, Stable RSI, Golden Cross (Market Health: 50.0%)"
"Jun 03, 2025",KBL,BUY,168,213.56,35878.08,922320.83,709756.3,1643353.88,0.0,0.00%,"[Quant Buy] Confidence 60/100: Strong Uptrend, Stable RSI, Golden Cross (Market Health: 50.0%)"
"Jun 05, 2025",CZBIL,BUY,171,209.78,35872.38,886448.45,745628.68,1644095.28,0.0,0.00%,"[Quant Buy] Confidence 60/100: Strong Uptrend, Stable RSI, Golden Cross (Market Health: 40.0%)"
"Jun 09, 2025",CHCL,BUY,65,551.66,35857.9,850590.55,781486.58,1648130.68,0.0,0.00%,"[Quant Buy] Confidence 60/100: Strong Uptrend, Positive Momentum, Volume Breakout (Market Health: 46.7%)"
"Jun 10, 2025",ICFC,BUY,72,622.57,44825.04,805765.51,826311.62,1651905.02,0.0,0.00%,"[Quant Buy] Confidence 75/100: Strong Uptrend, Stable RSI, Positive Momentum, Volume Breakout (Market Health: 50.0%)"
"Jun 19, 2025",GBBL,SELL,135,389.91,52637.85,858403.36,772684.22,1654490.68,-989.55,-1.85%,[Trend Breakdown] Death Cross: SMA20 crossed below SMA50. (Market Health: 30.0%)
"Jun 29, 2025",ADBL,SELL,123,286.67,35260.41,893663.77,736839.56,1653316.15,-584.25,-1.63%,[Trend Breakdown] Death Cross: SMA20 crossed below SMA50. (Market Health: 43.3%)
"Jul 02, 2025",NABBC,BUY,23,1653.82,38037.86,855625.91,774877.42,1662699.79,0.0,0.00%,"[Quant Buy] Confidence 65/100: Strong Uptrend, Stable RSI, Positive Momentum, Healthy Market Index (Market Health: 70.0%)"
"Jul 03, 2025",ADBL,BUY,169,300.74,50825.06,804800.85,825702.48,1661181.33,0.0,0.00%,"[Quant Buy] Confidence 85/100: Strong Uptrend, Positive Momentum, Volume Breakout, Golden Cross, Healthy Market Index (Market Health: 86.7%)"
"Jul 06, 2025",JFL,BUY,98,517.52,50716.96,754083.89,876419.44,1660132.28,0.0,0.00%,"[Quant Buy] Confidence 85/100: Strong Uptrend, Positive Momentum, Volume Breakout, Golden Cross, Healthy Market Index (Market Health: 86.7%)"
"Jul 06, 2025",NMB,BUY,153,253.27,38750.31,715333.58,915169.75,1660132.28,0.0,0.00%,"[Quant Buy] Confidence 65/100: Strong Uptrend, Positive Momentum, Golden Cross, Healthy Market Index (Market Health: 86.7%)"
"Jul 07, 2025",GMFIL,BUY,99,484.62,47977.38,667356.2,963147.13,1654544.34,0.0,0.00%,"[Quant Buy] Confidence 80/100: Strong Uptrend, Stable RSI, Positive Momentum, Golden Cross, Healthy Market Index (Market Health: 76.7%)"
"Jul 07, 2025",MBL,BUY,212,225.79,47867.48,619488.72,1011014.61,1654544.34,0.0,0.00%,"[Quant Buy] Confidence 80/100: Strong Uptrend, Stable RSI, Positive Momentum, Golden Cross, Healthy Market Index (Market Health: 76.7%)"
"Jul 08, 2025",SBI,BUY,117,407.66,47696.22,571792.5,1058710.83,1661201.04,0.0,0.00%,"[Quant Buy] Confidence 80/100: Strong Uptrend, Stable RSI, Positive Momentum, Golden Cross, Healthy Market Index (Market Health: 83.3%)"
"Jul 08, 2025",PCBL,BUY,151,257.22,38840.22,532952.28,1097551.05,1661201.04,0.0,0.00%,"[Quant Buy] Confidence 65/100: Strong Uptrend, Positive Momentum, Golden Cross, Healthy Market Index (Market Health: 83.3%)"
"Jul 09, 2025",AHPC,SELL,134,287.12,38474.08,571426.36,1058593.23,1668622.11,-483.74,-1.24%,[Trend Breakdown] Death Cross: SMA20 crossed below SMA50. (Market Health: 86.7%)
"Jul 13, 2025",GBBL,BUY,121,418.51,50639.71,520786.65,1109232.94,1695492.46,0.0,0.00%,"[Quant Buy] Confidence 85/100: Strong Uptrend, Positive Momentum, Volume Breakout, Golden Cross, Healthy Market Index (Market Health: 83.3%)"
"Jul 16, 2025",HBL,BUY,214,237.3,50782.2,470004.45,1160015.14,1716592.64,0.0,0.00%,"[Quant Buy] Confidence 85/100: Strong Uptrend, Positive Momentum, Volume Breakout, Golden Cross, Healthy Market Index (Market Health: 90.0%)"
"Jul 16, 2025",PROFL,BUY,74,521.87,38618.38,431386.07,1198633.52,1716592.64,0.0,0.00%,"[Quant Buy] Confidence 65/100: Strong Uptrend, Positive Momentum, Golden Cross, Healthy Market Index (Market Health: 90.0%)"
"Jul 17, 2025",CIT,BUY,25,2000.87,50021.75,381364.32,1248655.27,1735349.63,0.0,0.00%,"[Quant Buy] Confidence 85/100: Strong Uptrend, Positive Momentum, Volume Breakout, Golden Cross, Healthy Market Index (Market Health: 96.7%)"
"Jul 17, 2025",EDBL,BUY,77,657.42,50621.34,330742.98,1299276.61,1735349.63,0.0,0.00%,"[Quant Buy] Confidence 85/100: Strong Uptrend, Positive Momentum, Volume Breakout, Golden Cross, Healthy Market Index (Market Health: 96.7%)"
"Jul 17, 2025",GFCL,BUY,70,724.47,50712.9,280030.08,1349989.51,1735349.63,0.0,0.00%,"[Quant Buy] Confidence 85/100: Strong Uptrend, Positive Momentum, Volume Breakout, Golden Cross, Healthy Market Index (Market Health: 96.7%)"
"Jul 17, 2025",JBBL,BUY,132,359.93,47510.76,232519.32,1397500.27,1735349.63,0.0,0.00%,"[Quant Buy] Confidence 85/100: Strong Uptrend, Positive Momentum, Volume Breakout, Golden Cross, Healthy Market Index (Market Health: 96.7%)"
"Jul 21, 2025",CFCL,BUY,67,554.49,37150.83,195368.49,1434651.1,1723728.01,0.0,0.00%,"[Quant Buy] Confidence 80/100: Strong Uptrend, Stable RSI, Positive Momentum, Golden Cross, Healthy Market Index (Market Health: 93.3%)"
"Jul 24, 2025",AHPC,BUY,102,323.5,32997.0,162371.49,1467648.1,1755302.95,0.0,0.00%,"[Quant Buy] Confidence 85/100: Strong Uptrend, Positive Momentum, Volume Breakout, Golden Cross, Healthy Market Index (Market Health: 90.0%)"
"Jul 27, 2025",CORBL,SELL,17,2007.81,34132.77,196504.26,1430649.3,1735791.3,-2866.03,-7.75%,[Trend Breakdown] Death Cross: SMA20 crossed below SMA50. (Market Health: 90.0%)
"Jul 28, 2025",LICN,BUY,33,942.75,31110.75,165393.51,1461760.05,1748291.12,0.0,0.00%,"[Quant Buy] Confidence 80/100: Strong Uptrend, Stable RSI, Positive Momentum, Golden Cross, Healthy Market Index (Market Health: 90.0%)"
"Jul 28, 2025",NHPC,BUY,117,225.04,26329.68,139063.83,1488089.73,1748291.12,0.0,0.00%,"[Quant Buy] Confidence 80/100: Strong Uptrend, Stable RSI, Positive Momentum, Golden Cross, Healthy Market Index (Market Health: 90.0%)"
"Aug 13, 2025",NABBC,SELL,23,1586.99,36500.77,175564.6,1450051.87,1651813.4,-1537.09,-4.04%,[Trend Breakdown] Death Cross: SMA20 crossed below SMA50. (Market Health: 40.0%)
"Aug 14, 2025",CHCL,SELL,65,523.31,34015.15,209579.75,1414193.97,1645944.87,-1842.75,-5.14%,[Trend Breakdown] Death Cross: SMA20 crossed below SMA50. (Market Health: 33.3%)
"Aug 21, 2025",LICN,SELL,33,863.46,28494.18,238073.93,1383083.22,1635772.13,-2616.57,-8.41%,[Trend Breakdown] Death Cross: SMA20 crossed below SMA50. (Market Health: 30.0%)
"Aug 21, 2025",NHPC,SELL,117,209.02,24455.34,262529.27,1356753.54,1635772.13,-1874.34,-7.12%,[Trend Breakdown] Death Cross: SMA20 crossed below SMA50. (Market Health: 30.0%)
"Aug 24, 2025",SBI,SELL,117,382.98,44808.66,307337.93,1309057.32,1627598.64,-2887.56,-6.05%,[Trend Breakdown] Death Cross: SMA20 crossed below SMA50. (Market Health: 23.3%)
"Aug 24, 2025",HBL,SELL,214,210.03,44946.42,352284.35,1258275.12,1627598.64,-5835.78,-11.49%,[Trend Breakdown] Death Cross: SMA20 crossed below SMA50. (Market Health: 23.3%)
"Aug 25, 2025",KBL,SELL,168,201.39,33833.52,386117.87,1222397.04,1632364.79,-2044.56,-5.70%,[Trend Breakdown] Death Cross: SMA20 crossed below SMA50. (Market Health: 26.7%)
"Aug 26, 2025",BPCL,SELL,84,835.7,70198.8,456316.67,1177732.56,1634865.93,25534.32,+57.17%,[Trend Breakdown] Death Cross: SMA20 crossed below SMA50. (Market Health: 30.0%)
"Aug 26, 2025",JFL,SELL,98,464.64,45534.72,501851.39,1127015.6,1634865.93,-5182.24,-10.22%,[Trend Breakdown] Death Cross: SMA20 crossed below SMA50. (Market Health: 30.0%)
"Aug 26, 2025",GMFIL,SELL,99,480.42,47561.58,549412.97,1079038.22,1634865.93,-415.8,-0.87%,[Trend Breakdown] Death Cross: SMA20 crossed below SMA50. (Market Health: 30.0%)
"Aug 26, 2025",PCBL,SELL,151,256.23,38690.73,588103.7,1040198.0,1634865.93,-149.49,-0.38%,[Trend Breakdown] Death Cross: SMA20 crossed below SMA50. (Market Health: 30.0%)
"Aug 26, 2025",CFCL,SELL,67,505.31,33855.77,621959.47,1003047.17,1634865.93,-3295.06,-8.87%,[Trend Breakdown] Death Cross: SMA20 crossed below SMA50. (Market Health: 30.0%)
"Aug 27, 2025",CZBIL,SELL,171,211.08,36094.68,658054.15,967174.79,1649041.76,222.3,+0.62%,[Trend Breakdown] Death Cross: SMA20 crossed below SMA50. (Market Health: 40.0%)
"Aug 27, 2025",PROFL,SELL,74,500.72,37053.28,695107.43,928556.41,1649041.76,-1565.1,-4.05%,[Trend Breakdown] Death Cross: SMA20 crossed below SMA50. (Market Health: 40.0%)
"Aug 27, 2025",GFCL,SELL,70,639.3,44751.0,739858.43,877843.51,1649041.76,-5961.9,-11.76%,[Trend Breakdown] Death Cross: SMA20 crossed below SMA50. (Market Health: 40.0%)
"Aug 28, 2025",NMB,SELL,153,250.61,38343.33,778201.76,839093.2,1641112.85,-406.98,-1.05%,[Trend Breakdown] Death Cross: SMA20 crossed below SMA50. (Market Health: 30.0%)
"Aug 28, 2025",CIT,SELL,25,1925.61,48140.25,826342.01,789071.45,1641112.85,-1881.5,-3.76%,[Trend Breakdown] Death Cross: SMA20 crossed below SMA50. (Market Health: 30.0%)
"Aug 31, 2025",JBBL,SELL,132,331.43,43748.76,870090.77,741560.69,1635655.83,-3762.0,-7.92%,[Trend Breakdown] Death Cross: SMA20 crossed below SMA50. (Market Health: 23.3%)
"Sep 01, 2025",AHPC,SELL,102,288.67,29444.34,899535.11,708563.69,1639966.66,-3552.66,-10.77%,[Trend Breakdown] Death Cross: SMA20 crossed below SMA50. (Market Health: 26.7%)
"Sep 03, 2025",GBIME,SELL,186,249.89,46479.54,946014.65,663657.71,1636981.17,1573.56,+3.50%,[Trend Breakdown] Death Cross: SMA20 crossed below SMA50. (Market Health: 16.7%)
"Sep 04, 2025",NABIL,SELL,77,517.58,39853.66,985868.31,625097.65,1636087.01,1293.6,+3.35%,[Trend Breakdown] Death Cross: SMA20 crossed below SMA50. (Market Health: 16.7%)
"Sep 04, 2025",GBBL,SELL,121,429.4,51957.4,1037825.71,574457.94,1636087.01,1317.69,+2.60%,[Trend Breakdown] Death Cross: SMA20 crossed below SMA50. (Market Health: 16.7%)
"Sep 04, 2025",EDBL,SELL,77,621.27,47837.79,1085663.5,523836.6,1636087.01,-2783.55,-5.50%,[Trend Breakdown] Death Cross: SMA20 crossed below SMA50. (Market Health: 16.7%)
"Sep 18, 2025",MBL,SELL,212,225.0,47700.0,1133363.5,475969.12,1616834.1,-167.48,-0.35%,[Trend Breakdown] Death Cross: SMA20 crossed below SMA50. (Market Health: 0.0%)
"Sep 23, 2025",SANIMA,SELL,143,343.0,49049.0,1182412.5,431178.66,1624397.5,4258.54,+9.51%,[Trend Breakdown] Death Cross: SMA20 crossed below SMA50. (Market Health: 10.0%)
"Sep 24, 2025",ICFC,SELL,72,658.5,47412.0,1229824.5,386353.62,1622928.5,2586.96,+5.77%,[Trend Breakdown] Death Cross: SMA20 crossed below SMA50. (Market Health: 3.3%)
"Sep 24, 2025",ADBL,SELL,169,316.0,53404.0,1283228.5,335528.56,1622928.5,2578.94,+5.07%,[Trend Breakdown] Death Cross: SMA20 crossed below SMA50. (Market Health: 3.3%)
"Oct 12, 2025",EBL,SELL,56,652.0,36512.0,1319740.5,299940.0,1619680.5,923.44,+2.59%,[Trend Breakdown] Death Cross: SMA20 crossed below SMA50. (Market Health: 0.0%)
"Nov 25, 2025",NABBC,BUY,49,901.6,44178.4,1275562.1,344118.4,1619680.5,0.0,0.00%,"[Quant Buy] Confidence 75/100: Strong Uptrend, Positive Momentum, Volume Breakout, Golden Cross (Market Health: 40.0%)"
"Nov 25, 2025",LICN,BUY,37,950.0,35150.0,1240412.1,379268.4,1619680.5,0.0,0.00%,"[Quant Buy] Confidence 60/100: Strong Uptrend, Positive Momentum, Volume Breakout (Market Health: 40.0%)"
"Nov 26, 2025",ALICL,BUY,85,491.0,41735.0,1198677.1,421003.4,1619926.5,0.0,0.00%,"[Quant Buy] Confidence 70/100: Strong Uptrend, Stable RSI, Positive Momentum, Golden Cross (Market Health: 43.3%)"
"Nov 27, 2025",PCBL,BUY,175,257.0,44975.0,1153702.1,465978.4,1620830.8,0.0,0.00%,"[Quant Buy] Confidence 75/100: Strong Uptrend, Positive Momentum, Volume Breakout, Golden Cross (Market Health: 56.7%)"
"Nov 27, 2025",SBI,BUY,110,406.8,44748.0,1108954.1,510726.4,1620830.8,0.0,0.00%,"[Quant Buy] Confidence 75/100: Strong Uptrend, Stable RSI, Positive Momentum, Volume Breakout (Market Health: 56.7%)"
"Dec 01, 2025",ALICL,SELL,85,479.5,40757.5,1149711.6,468991.4,1621841.7,-977.5,-2.34%,[Trend Breakdown] Death Cross: SMA20 crossed below SMA50. (Market Health: 43.3%)
"Dec 01, 2025",GMFIL,BUY,95,470.0,44650.0,1105061.6,513641.4,1621841.7,0.0,0.00%,"[Quant Buy] Confidence 75/100: Strong Uptrend, Stable RSI, Positive Momentum, Volume Breakout (Market Health: 43.3%)"
"Dec 17, 2025",ICFC,BUY,66,633.0,41778.0,1063283.6,555419.4,1633291.6,0.0,0.00%,"[Quant Buy] Confidence 70/100: Strong Uptrend, Stable RSI, Positive Momentum, Golden Cross (Market Health: 50.0%)"
"Dec 28, 2025",CHCL,BUY,71,504.9,35847.9,1027435.7,591267.3,1627127.6,0.0,0.00%,"[Quant Buy] Confidence 60/100: Strong Uptrend, Positive Momentum, Volume Breakout (Market Health: 46.7%)"
GRAND TOTAL,ALL,SUMMARY,121018,,42994610.52,,,,1018763.0,,"Total Turnover: NPR 42,994,610.52, Total Realized P/L: NPR 1,018,763.00"
